2026-01-18 18:00:41,435 - Knowledge - INFO - Created shared MongoDB connection pool
2026-01-18 18:00:41,764 - Knowledge - INFO - Starting Knowledge Graph processing with 20 threads
2026-01-18 18:00:41,921 - Knowledge - INFO - Initial configuration: chunk_size=65536, max_cache_size=500
2026-01-18 18:00:42,114 - Knowledge - INFO - Knowledge Graph concurrency configuration: workers=20, max_batch_size=10, max_concurrent_llm_calls=50
2026-01-18 18:00:43,682 - Knowledge - INFO - 🔍 _load_persisted_knowledge called - checking for Redis optimization
2026-01-18 18:00:43,879 - Knowledge - WARNING - ❌ load_from_redis method not found - Redis support not attached
2026-01-18 18:00:44,125 - Knowledge - INFO - load persisted knowledge: begin
2026-01-18 18:00:44,338 - Knowledge - INFO - Loaded 0 files from persisted knowledge
2026-01-18 18:00:44,527 - Knowledge - INFO - load persisted knowledge: end
2026-01-18 18:00:44,711 - Knowledge - WARNING - No persisted knowledge found. Files will be queued during start()
2026-01-18 18:00:44,887 - Knowledge - INFO - Redis support added with prefix knowledge:b0002up:
2026-01-18 18:00:46,900 - Knowledge - INFO - Starting knowledge initialization for ID: mGTLXs-b0002up
2026-01-18 18:00:47,067 - Knowledge - INFO - 🔍 Checking Redis for build_id: b0002up
2026-01-18 18:00:47,236 - Knowledge - INFO - 🔍 Full session ID: mGTLXs-b0002up
2026-01-18 18:00:47,401 - Knowledge - INFO - 🔍 Redis prefix will be: knowledge:b0002up:
2026-01-18 18:00:47,566 - Knowledge - INFO - 🔍 Using attached load_from_redis() method
2026-01-18 18:00:47,762 - Knowledge - INFO - 🔍 Attempting to load knowledge from Redis...
2026-01-18 18:00:47,985 - Knowledge - INFO - 🔍 Using derived instance_id for Redis lookup: b0002up
2026-01-18 18:00:48,157 - Knowledge - WARNING - ❌ No Redis cache found
2026-01-18 18:00:48,341 - Knowledge - INFO - 📁 Loading knowledge from disk...
2026-01-18 18:00:48,559 - Knowledge - INFO - load persisted docinfo: begin
2026-01-18 18:00:48,729 - Knowledge - INFO - load persisted docinfo: end
2026-01-18 18:00:48,945 - Knowledge - INFO - 🔍 _load_persisted_knowledge called - checking for Redis optimization
2026-01-18 18:00:49,181 - Knowledge - INFO - ✅ load_from_redis method found - attempting Redis load
2026-01-18 18:00:49,366 - Knowledge - INFO - 🔍 Attempting to load knowledge from Redis...
2026-01-18 18:00:49,544 - Knowledge - INFO - 🔍 Using derived instance_id for Redis lookup: b0002up
2026-01-18 18:00:49,731 - Knowledge - WARNING - ❌ No Redis cache found
2026-01-18 18:00:49,886 - Knowledge - INFO - ❌ Redis load returned False - falling back to file loading
2026-01-18 18:00:50,078 - Knowledge - INFO - load persisted knowledge: begin
2026-01-18 18:00:50,227 - Knowledge - INFO - Loaded 0 files from persisted knowledge
2026-01-18 18:00:50,403 - Knowledge - INFO - load persisted knowledge: end
2026-01-18 18:00:50,636 - Knowledge - INFO - 📁 Disk load complete in 2.12s
2026-01-18 18:00:50,788 - Knowledge - INFO - Populating ingest queue with source files...
2026-01-18 18:00:51,967 - Knowledge - INFO - Added 1010 files from /app/data/T0015/307413/b0002up/Hono to ingest queue
2026-01-18 18:00:52,127 - Knowledge - INFO - [WEBSOCKET] Sent: Type=progress_update, Size: 161, Duration: 0ms
2026-01-18 18:00:52,335 - Knowledge - INFO - Worker kw1 created using shared MongoDB connection pool
2026-01-18 18:00:52,496 - Knowledge - INFO - knowledge worker kw1 start
2026-01-18 18:00:52,496 - Knowledge - INFO - Worker kw2 created using shared MongoDB connection pool
2026-01-18 18:00:52,707 - Knowledge - INFO - [kw1] Queue=1010, InProgress=0, PendingWorkers=0/1, Completed=0/1010 (0.0%)
2026-01-18 18:00:52,809 - Knowledge - INFO - knowledge worker kw2 start
2026-01-18 18:00:52,810 - Knowledge - INFO - Worker kw3 created using shared MongoDB connection pool
2026-01-18 18:00:52,895 - Knowledge - INFO - Batch sizing: calculated=10, max_allowed=10, queue=1010, active_workers=0/2
2026-01-18 18:00:53,010 - Knowledge - INFO - [kw2] Queue=1010, InProgress=0, PendingWorkers=0/2, Completed=0/1010 (0.0%)
2026-01-18 18:00:53,108 - Knowledge - INFO - knowledge worker kw3 start
2026-01-18 18:00:53,109 - Knowledge - INFO - Worker kw4 created using shared MongoDB connection pool
2026-01-18 18:00:53,205 - Knowledge - INFO - Worker kw1 processing /app/data/T0015/307413/b0002up/Hono/cli/src/test/java/org/eclipse/hono/cli/app/ReceiverTest.java
2026-01-18 18:00:53,324 - Knowledge - INFO - Batch sizing: calculated=10, max_allowed=10, queue=1010, active_workers=1/3
2026-01-18 18:00:53,433 - Knowledge - INFO - [kw3] Queue=1000, InProgress=0, PendingWorkers=1/3, Completed=0/1010 (0.0%)
2026-01-18 18:00:53,561 - Knowledge - INFO - knowledge worker kw4 start
2026-01-18 18:00:53,561 - Knowledge - INFO - Worker kw5 created using shared MongoDB connection pool
2026-01-18 18:00:53,642 - Knowledge - INFO - Fast-tracked /app/data/T0015/307413/b0002up/Hono/cli/src/test/java/org/eclipse/hono/cli/app/ReceiverTest.java (ext=.java, size=4792)
2026-01-18 18:00:53,720 - Knowledge - INFO - Worker kw2 processing /app/data/T0015/307413/b0002up/Hono/cli/src/main/java/org/eclipse/hono/cli/AbstractCliClient.java
2026-01-18 18:00:53,802 - Knowledge - INFO - Batch sizing: calculated=8, max_allowed=10, queue=1000, active_workers=2/4
2026-01-18 18:00:53,890 - Knowledge - INFO - [kw4] Queue=990, InProgress=0, PendingWorkers=2/4, Completed=0/1010 (0.0%)
2026-01-18 18:00:53,994 - Knowledge - INFO - knowledge worker kw5 start
2026-01-18 18:00:53,994 - Knowledge - INFO - Worker kw6 created using shared MongoDB connection pool
2026-01-18 18:00:54,070 - Knowledge - INFO - Worker kw1 processing /app/data/T0015/307413/b0002up/Hono/cli/src/test/resources/logback-test.xml
2026-01-18 18:00:54,156 - Knowledge - INFO - Worker kw2 processing /app/data/T0015/307413/b0002up/Hono/cli/src/main/resources/application.yml
2026-01-18 18:00:54,236 - Knowledge - INFO - Worker kw3 processing /app/data/T0015/307413/b0002up/Hono/adapters/lora-vertx/src/test/java/org/eclipse/hono/adapter/lora/providers/ActilityProviderTest.java
2026-01-18 18:00:54,322 - Knowledge - INFO - Batch sizing: calculated=8, max_allowed=10, queue=990, active_workers=3/5
2026-01-18 18:00:54,414 - Knowledge - INFO - [kw5] Queue=982, InProgress=0, PendingWorkers=3/5, Completed=0/1010 (0.0%)
2026-01-18 18:00:54,515 - Knowledge - INFO - knowledge worker kw6 start
2026-01-18 18:00:54,516 - Knowledge - INFO - Worker kw7 created using shared MongoDB connection pool
2026-01-18 18:00:54,599 - Knowledge - INFO - Fast-tracked /app/data/T0015/307413/b0002up/Hono/cli/src/test/resources/logback-test.xml (ext=.xml, size=1317)
2026-01-18 18:00:54,703 - Knowledge - INFO - Fast-tracked /app/data/T0015/307413/b0002up/Hono/cli/src/main/resources/application.yml (ext=.yml, size=1161)
2026-01-18 18:00:54,834 - Knowledge - INFO - Fast-tracked /app/data/T0015/307413/b0002up/Hono/adapters/lora-vertx/src/test/java/org/eclipse/hono/adapter/lora/providers/ActilityProviderTest.java (ext=.java, size=3851)
2026-01-18 18:00:54,935 - Knowledge - INFO - Worker kw4 processing /app/data/T0015/307413/b0002up/Hono/adapters/lora-vertx/src/test/resources/payload/firefly.uplink.json
2026-01-18 18:00:55,072 - Knowledge - INFO - Batch sizing: calculated=8, max_allowed=10, queue=982, active_workers=4/6
2026-01-18 18:00:55,194 - Knowledge - INFO - [kw6] Queue=974, InProgress=0, PendingWorkers=4/6, Completed=0/1010 (0.0%)
2026-01-18 18:00:55,289 - Knowledge - INFO - knowledge worker kw7 start
2026-01-18 18:00:55,289 - Knowledge - INFO - Worker kw8 created using shared MongoDB connection pool
2026-01-18 18:00:55,405 - Knowledge - INFO - Worker kw1 processing /app/data/T0015/307413/b0002up/Hono/cli/src/main/java/org/eclipse/hono/cli/Application.java
2026-01-18 18:00:55,486 - Knowledge - INFO - Worker kw2 processing /app/data/T0015/307413/b0002up/Hono/cli/src/main/resources/banner.txt
2026-01-18 18:00:55,577 - Knowledge - INFO - Worker kw3 processing /app/data/T0015/307413/b0002up/Hono/adapters/lora-vertx/src/test/java/org/eclipse/hono/adapter/lora/providers/ObjeniousProviderTest.java
2026-01-18 18:00:55,696 - Knowledge - INFO - Fast-tracked /app/data/T0015/307413/b0002up/Hono/adapters/lora-vertx/src/test/resources/payload/firefly.uplink.json (ext=.json, size=1833)
2026-01-18 18:00:55,782 - Knowledge - INFO - Worker kw5 processing /app/data/T0015/307413/b0002up/Hono/adapters/lora-vertx/src/main/java/org/eclipse/hono/adapter/lora/impl/Config.java
2026-01-18 18:00:55,871 - Knowledge - INFO - Batch sizing: calculated=8, max_allowed=10, queue=974, active_workers=5/7
2026-01-18 18:00:55,954 - Knowledge - INFO - [kw7] Queue=966, InProgress=0, PendingWorkers=5/7, Completed=0/1010 (0.0%)
2026-01-18 18:00:56,065 - Knowledge - INFO - knowledge worker kw8 start
2026-01-18 18:00:56,065 - Knowledge - INFO - Worker kw9 created using shared MongoDB connection pool
2026-01-18 18:00:56,152 - Knowledge - INFO - Fast-tracked /app/data/T0015/307413/b0002up/Hono/cli/src/main/java/org/eclipse/hono/cli/Application.java (ext=.java, size=1538)
2026-01-18 18:00:56,224 - Knowledge - INFO - Fast-tracked /app/data/T0015/307413/b0002up/Hono/cli/src/main/resources/banner.txt (ext=.txt, size=653)
2026-01-18 18:00:56,327 - Knowledge - INFO - Fast-tracked /app/data/T0015/307413/b0002up/Hono/adapters/lora-vertx/src/test/java/org/eclipse/hono/adapter/lora/providers/ObjeniousProviderTest.java (ext=.java, size=3317)
2026-01-18 18:00:56,444 - Knowledge - INFO - Worker kw4 processing /app/data/T0015/307413/b0002up/Hono/adapters/lora-vertx/src/test/resources/payload/objenious.downlink.json
2026-01-18 18:00:56,540 - Knowledge - INFO - Worker kw5 processing /app/data/T0015/307413/b0002up/Hono/adapters/lora-vertx/src/main/java/org/eclipse/hono/adapter/lora/impl/LoraProtocolAdapter.java
2026-01-18 18:00:56,635 - Knowledge - INFO - Worker kw6 processing /app/data/T0015/307413/b0002up/Hono/adapters/lora-vertx/src/main/java/org/eclipse/hono/adapter/lora/providers/LoraProvider.java
2026-01-18 18:00:56,721 - Knowledge - INFO - Batch sizing: calculated=8, max_allowed=10, queue=966, active_workers=6/8
2026-01-18 18:00:56,793 - Knowledge - INFO - [kw8] Queue=958, InProgress=0, PendingWorkers=6/8, Completed=0/1010 (0.0%)
2026-01-18 18:00:56,880 - Knowledge - INFO - knowledge worker kw9 start
2026-01-18 18:00:56,883 - Knowledge - INFO - Worker kw10 created using shared MongoDB connection pool
2026-01-18 18:00:56,975 - Knowledge - INFO - Worker kw1 processing /app/data/T0015/307413/b0002up/Hono/cli/src/main/java/org/eclipse/hono/cli/app/Commander.java
2026-01-18 18:00:57,054 - Knowledge - INFO - Worker kw2 processing /app/data/T0015/307413/b0002up/Hono/cli/src/main/resources/logback-spring.xml
2026-01-18 18:00:57,140 - Knowledge - INFO - Worker kw3 processing /app/data/T0015/307413/b0002up/Hono/adapters/lora-vertx/src/test/java/org/eclipse/hono/adapter/lora/providers/EverynetProviderTest.java
2026-01-18 18:00:57,222 - Knowledge - INFO - Fast-tracked /app/data/T0015/307413/b0002up/Hono/adapters/lora-vertx/src/test/resources/payload/objenious.downlink.json (ext=.json, size=579)
2026-01-18 18:00:57,322 - Knowledge - INFO - Worker kw5 processing /app/data/T0015/307413/b0002up/Hono/adapters/lora-vertx/src/main/java/org/eclipse/hono/adapter/lora/LoraProtocolAdapterProperties.java
2026-01-18 18:00:57,417 - Knowledge - INFO - Worker kw6 processing /app/data/T0015/307413/b0002up/Hono/adapters/lora-vertx/src/main/java/org/eclipse/hono/adapter/lora/providers/LoraProviderMalformedPayloadException.java
2026-01-18 18:00:57,491 - Knowledge - INFO - Worker kw7 processing /app/data/T0015/307413/b0002up/Hono/adapters/lora-vertx/src/main/resources/banner.txt
2026-01-18 18:00:57,567 - Knowledge - INFO - Batch sizing: calculated=8, max_allowed=10, queue=958, active_workers=7/9
2026-01-18 18:00:57,661 - Knowledge - INFO - [kw9] Queue=950, InProgress=0, PendingWorkers=7/9, Completed=0/1010 (0.0%)
2026-01-18 18:00:57,735 - Knowledge - INFO - knowledge worker kw10 start
2026-01-18 18:00:57,735 - Knowledge - INFO - Worker kw11 created using shared MongoDB connection pool
2026-01-18 18:00:57,811 - Knowledge - INFO - Worker kw1 processing /app/data/T0015/307413/b0002up/Hono/cli/src/main/java/org/eclipse/hono/cli/app/Receiver.java
2026-01-18 18:00:57,910 - Knowledge - INFO - Fast-tracked /app/data/T0015/307413/b0002up/Hono/cli/src/main/resources/logback-spring.xml (ext=.xml, size=1579)
2026-01-18 18:00:58,032 - Knowledge - INFO - Fast-tracked /app/data/T0015/307413/b0002up/Hono/adapters/lora-vertx/src/test/java/org/eclipse/hono/adapter/lora/providers/EverynetProviderTest.java (ext=.java, size=2541)
2026-01-18 18:00:58,136 - Knowledge - INFO - Worker kw4 processing /app/data/T0015/307413/b0002up/Hono/adapters/lora-vertx/src/test/resources/payload/kerlink.uplink.json
2026-01-18 18:00:58,214 - Knowledge - INFO - Fast-tracked /app/data/T0015/307413/b0002up/Hono/adapters/lora-vertx/src/main/java/org/eclipse/hono/adapter/lora/LoraProtocolAdapterProperties.java (ext=.java, size=1213)
2026-01-18 18:00:58,303 - Knowledge - INFO - Fast-tracked /app/data/T0015/307413/b0002up/Hono/adapters/lora-vertx/src/main/java/org/eclipse/hono/adapter/lora/providers/LoraProviderMalformedPayloadException.java (ext=.java, size=1151)
2026-01-18 18:00:58,392 - Knowledge - INFO - Fast-tracked /app/data/T0015/307413/b0002up/Hono/adapters/lora-vertx/src/main/resources/banner.txt (ext=.txt, size=660)
2026-01-18 18:00:58,460 - Knowledge - INFO - Worker kw8 processing /app/data/T0015/307413/b0002up/Hono/adapters/mqtt-vertx-base/src/test/java/org/eclipse/hono/adapter/mqtt/MqttContextTest.java
2026-01-18 18:00:58,551 - Knowledge - INFO - Batch sizing: calculated=8, max_allowed=10, queue=950, active_workers=8/10
2026-01-18 18:00:58,662 - Knowledge - INFO - [kw10] Queue=942, InProgress=0, PendingWorkers=8/10, Completed=0/1010 (0.0%)
2026-01-18 18:00:58,744 - Knowledge - INFO - knowledge worker kw11 start
2026-01-18 18:00:58,745 - Knowledge - INFO - Worker kw12 created using shared MongoDB connection pool
2026-01-18 18:00:58,826 - Knowledge - INFO - Worker kw1 processing /app/data/T0015/307413/b0002up/Hono/cli/src/main/java/org/eclipse/hono/cli/app/AbstractApplicationClient.java
2026-01-18 18:00:58,925 - Knowledge - INFO - Worker kw2 processing /app/data/T0015/307413/b0002up/Hono/cli/pom.xml
2026-01-18 18:00:59,035 - Knowledge - INFO - Worker kw3 processing /app/data/T0015/307413/b0002up/Hono/adapters/lora-vertx/src/test/java/org/eclipse/hono/adapter/lora/providers/KerlinkProviderTest.java
2026-01-18 18:00:59,143 - Knowledge - INFO - Fast-tracked /app/data/T0015/307413/b0002up/Hono/adapters/lora-vertx/src/test/resources/payload/kerlink.uplink.json (ext=.json, size=80)
2026-01-18 18:00:59,233 - Knowledge - INFO - Worker kw5 processing /app/data/T0015/307413/b0002up/Hono/adapters/lora-vertx/src/main/java/org/eclipse/hono/adapter/lora/providers/FireflyProvider.java
2026-01-18 18:00:59,313 - Knowledge - INFO - Worker kw6 processing /app/data/T0015/307413/b0002up/Hono/adapters/lora-vertx/src/main/java/org/eclipse/hono/adapter/lora/providers/ObjeniousProvider.java
2026-01-18 18:00:59,413 - Knowledge - INFO - Worker kw7 processing /app/data/T0015/307413/b0002up/Hono/adapters/lora-vertx/src/main/resources/logback-spring.xml
2026-01-18 18:00:59,498 - Knowledge - INFO - Fast-tracked /app/data/T0015/307413/b0002up/Hono/adapters/mqtt-vertx-base/src/test/java/org/eclipse/hono/adapter/mqtt/MqttContextTest.java (ext=.java, size=4048)
2026-01-18 18:00:59,592 - Knowledge - INFO - Worker kw9 processing /app/data/T0015/307413/b0002up/Hono/adapters/mqtt-vertx-base/src/main/java/org/eclipse/hono/adapter/mqtt/MqttProtocolAdapterProperties.java
2026-01-18 18:00:59,682 - Knowledge - INFO - Batch sizing: calculated=8, max_allowed=10, queue=942, active_workers=9/11
2026-01-18 18:00:59,764 - Knowledge - INFO - [kw11] Queue=934, InProgress=0, PendingWorkers=9/11, Completed=0/1010 (0.0%)
2026-01-18 18:00:59,851 - Knowledge - INFO - knowledge worker kw12 start
2026-01-18 18:00:59,851 - Knowledge - INFO - Worker kw13 created using shared MongoDB connection pool
2026-01-18 18:00:59,966 - Knowledge - INFO - Fast-tracked /app/data/T0015/307413/b0002up/Hono/cli/src/main/java/org/eclipse/hono/cli/app/AbstractApplicationClient.java (ext=.java, size=1491)
2026-01-18 18:01:00,065 - Knowledge - INFO - Fast-tracked /app/data/T0015/307413/b0002up/Hono/cli/pom.xml (ext=.xml, size=5221)
2026-01-18 18:01:00,154 - Knowledge - INFO - Fast-tracked /app/data/T0015/307413/b0002up/Hono/adapters/lora-vertx/src/test/java/org/eclipse/hono/adapter/lora/providers/KerlinkProviderTest.java (ext=.java, size=2669)
2026-01-18 18:01:00,224 - Knowledge - INFO - Worker kw4 processing /app/data/T0015/307413/b0002up/Hono/adapters/lora-vertx/src/test/resources/payload/everynet.uplink.json
2026-01-18 18:01:00,302 - Knowledge - INFO - Worker kw5 processing /app/data/T0015/307413/b0002up/Hono/adapters/lora-vertx/src/main/java/org/eclipse/hono/adapter/lora/providers/ProximusProvider.java
2026-01-18 18:01:00,388 - Knowledge - INFO - Worker kw6 processing /app/data/T0015/307413/b0002up/Hono/adapters/lora-vertx/src/main/java/org/eclipse/hono/adapter/lora/providers/EverynetProvider.java
2026-01-18 18:01:00,508 - Knowledge - INFO - Fast-tracked /app/data/T0015/307413/b0002up/Hono/adapters/lora-vertx/src/main/resources/logback-spring.xml (ext=.xml, size=1849)
2026-01-18 18:01:00,592 - Knowledge - INFO - Worker kw8 processing /app/data/T0015/307413/b0002up/Hono/adapters/mqtt-vertx-base/src/test/java/org/eclipse/hono/adapter/mqtt/PropertyBagTest.java
2026-01-18 18:01:00,664 - Knowledge - INFO - Worker kw9 processing /app/data/T0015/307413/b0002up/Hono/adapters/mqtt-vertx-base/src/main/java/org/eclipse/hono/adapter/mqtt/MqttAdapterMetrics.java
2026-01-18 18:01:00,750 - Knowledge - INFO - Worker kw10 processing /app/data/T0015/307413/b0002up/Hono/adapters/mqtt-vertx/src/test/resources/logback-test.xml
2026-01-18 18:01:00,828 - Knowledge - INFO - Batch sizing: calculated=8, max_allowed=10, queue=934, active_workers=10/12
2026-01-18 18:01:00,916 - Knowledge - INFO - [kw12] Queue=926, InProgress=0, PendingWorkers=10/12, Completed=0/1010 (0.0%)
2026-01-18 18:01:00,990 - Knowledge - INFO - knowledge worker kw13 start
2026-01-18 18:01:00,991 - Knowledge - INFO - Worker kw14 created using shared MongoDB connection pool
2026-01-18 18:01:01,121 - Knowledge - INFO - Worker kw1 processing /app/data/T0015/307413/b0002up/Hono/cli/src/main/java/org/eclipse/hono/cli/adapter/TelemetryAndEventCli.java
2026-01-18 18:01:01,205 - Knowledge - INFO - Worker kw2 processing /app/data/T0015/307413/b0002up/Hono/adapters/lora-vertx/src/test/java/org/eclipse/hono/adapter/lora/impl/LoraProtocolAdapterTest.java
2026-01-18 18:01:01,294 - Knowledge - INFO - Worker kw3 processing /app/data/T0015/307413/b0002up/Hono/adapters/lora-vertx/src/test/java/org/eclipse/hono/adapter/lora/providers/LoraUtilsTest.java
2026-01-18 18:01:01,392 - Knowledge - INFO - Fast-tracked /app/data/T0015/307413/b0002up/Hono/adapters/lora-vertx/src/test/resources/payload/everynet.uplink.json (ext=.json, size=545)
2026-01-18 18:01:01,467 - Knowledge - INFO - Fast-tracked /app/data/T0015/307413/b0002up/Hono/adapters/lora-vertx/src/main/java/org/eclipse/hono/adapter/lora/providers/ProximusProvider.java (ext=.java, size=1439)
2026-01-18 18:01:01,582 - Knowledge - INFO - Worker kw6 processing /app/data/T0015/307413/b0002up/Hono/adapters/lora-vertx/src/main/java/org/eclipse/hono/adapter/lora/providers/KerlinkProvider.java
2026-01-18 18:01:01,658 - Knowledge - INFO - Worker kw7 processing /app/data/T0015/307413/b0002up/Hono/adapters/lora-vertx/pom.xml
2026-01-18 18:01:01,731 - Knowledge - INFO - Fast-tracked /app/data/T0015/307413/b0002up/Hono/adapters/mqtt-vertx-base/src/test/java/org/eclipse/hono/adapter/mqtt/PropertyBagTest.java (ext=.java, size=2044)
2026-01-18 18:01:01,837 - Knowledge - INFO - Fast-tracked /app/data/T0015/307413/b0002up/Hono/adapters/mqtt-vertx-base/src/main/java/org/eclipse/hono/adapter/mqtt/MqttAdapterMetrics.java (ext=.java, size=1123)
2026-01-18 18:01:01,927 - Knowledge - INFO - Fast-tracked /app/data/T0015/307413/b0002up/Hono/adapters/mqtt-vertx/src/test/resources/logback-test.xml (ext=.xml, size=1163)
2026-01-18 18:01:02,038 - Knowledge - INFO - Worker kw11 processing /app/data/T0015/307413/b0002up/Hono/adapters/sigfox-vertx/src/main/java/org/eclipse/hono/adapter/sigfox/impl/SigfoxProtocolAdapterProperties.java
2026-01-18 18:01:02,159 - Knowledge - INFO - Batch sizing: calculated=8, max_allowed=10, queue=926, active_workers=11/13
2026-01-18 18:01:02,250 - Knowledge - INFO - [kw13] Queue=918, InProgress=0, PendingWorkers=11/13, Completed=0/1010 (0.0%)
2026-01-18 18:01:02,342 - Knowledge - INFO - knowledge worker kw14 start
2026-01-18 18:01:02,342 - Knowledge - INFO - Worker kw15 created using shared MongoDB connection pool
2026-01-18 18:01:02,424 - Knowledge - INFO - Worker kw1 processing /app/data/T0015/307413/b0002up/Hono/cli/src/main/java/org/eclipse/hono/cli/adapter/CommandAndControlClient.java
2026-01-18 18:01:02,505 - Knowledge - INFO - Fast-tracked /app/data/T0015/307413/b0002up/Hono/adapters/lora-vertx/src/test/java/org/eclipse/hono/adapter/lora/impl/LoraProtocolAdapterTest.java (ext=.java, size=11978)
2026-01-18 18:01:02,600 - Knowledge - INFO - Fast-tracked /app/data/T0015/307413/b0002up/Hono/adapters/lora-vertx/src/test/java/org/eclipse/hono/adapter/lora/providers/LoraUtilsTest.java (ext=.java, size=8322)
2026-01-18 18:01:02,676 - Knowledge - INFO - Worker kw4 processing /app/data/T0015/307413/b0002up/Hono/adapters/lora-vertx/src/test/resources/payload/objenious.uplink.json
2026-01-18 18:01:02,760 - Knowledge - INFO - Worker kw5 processing /app/data/T0015/307413/b0002up/Hono/adapters/lora-vertx/src/main/java/org/eclipse/hono/adapter/lora/providers/ThingsNetworkProvider.java
2026-01-18 18:01:02,841 - Knowledge - INFO - Fast-tracked /app/data/T0015/307413/b0002up/Hono/adapters/lora-vertx/src/main/java/org/eclipse/hono/adapter/lora/providers/KerlinkProvider.java (ext=.java, size=1914)
2026-01-18 18:01:02,931 - Knowledge - INFO - Fast-tracked /app/data/T0015/307413/b0002up/Hono/adapters/lora-vertx/pom.xml (ext=.xml, size=5706)
2026-01-18 18:01:03,082 - Knowledge - INFO - Worker kw8 processing /app/data/T0015/307413/b0002up/Hono/adapters/mqtt-vertx-base/src/test/resources/logback-test.xml
2026-01-18 18:01:03,164 - Knowledge - INFO - Worker kw9 processing /app/data/T0015/307413/b0002up/Hono/adapters/mqtt-vertx-base/src/main/java/org/eclipse/hono/adapter/mqtt/AbstractVertxBasedMqttProtocolAdapter.java
2026-01-18 18:01:03,237 - Knowledge - INFO - Worker kw10 processing /app/data/T0015/307413/b0002up/Hono/adapters/mqtt-vertx/src/main/java/org/eclipse/hono/adapter/mqtt/impl/Application.java
2026-01-18 18:01:03,374 - Knowledge - INFO - Fast-tracked /app/data/T0015/307413/b0002up/Hono/adapters/sigfox-vertx/src/main/java/org/eclipse/hono/adapter/sigfox/impl/SigfoxProtocolAdapterProperties.java (ext=.java, size=1804)
2026-01-18 18:01:03,480 - Knowledge - INFO - Worker kw12 processing /app/data/T0015/307413/b0002up/Hono/adapters/http-vertx/src/main/java/org/eclipse/hono/adapter/http/impl/Application.java
2026-01-18 18:01:03,571 - Knowledge - INFO - Batch sizing: calculated=8, max_allowed=10, queue=918, active_workers=12/14
2026-01-18 18:01:03,672 - Knowledge - INFO - [kw14] Queue=910, InProgress=0, PendingWorkers=12/14, Completed=0/1010 (0.0%)
2026-01-18 18:01:03,745 - Knowledge - INFO - knowledge worker kw15 start
2026-01-18 18:01:03,745 - Knowledge - INFO - Worker kw16 created using shared MongoDB connection pool
2026-01-18 18:01:03,834 - Knowledge - INFO - Worker kw1 processing /app/data/T0015/307413/b0002up/Hono/cli/src/main/java/org/eclipse/hono/cli/adapter/AmqpCliClient.java
2026-01-18 18:01:03,912 - Knowledge - INFO - Worker kw2 processing /app/data/T0015/307413/b0002up/Hono/adapters/lora-vertx/src/test/java/org/eclipse/hono/adapter/lora/providers/LoraTestUtil.java
2026-01-18 18:01:03,996 - Knowledge - INFO - Worker kw3 processing /app/data/T0015/307413/b0002up/Hono/adapters/lora-vertx/src/test/resources/payload/proximus.uplink.json
2026-01-18 18:01:04,121 - Knowledge - INFO - Fast-tracked /app/data/T0015/307413/b0002up/Hono/adapters/lora-vertx/src/test/resources/payload/objenious.uplink.json (ext=.json, size=1034)
2026-01-18 18:01:04,193 - Knowledge - INFO - Fast-tracked /app/data/T0015/307413/b0002up/Hono/adapters/lora-vertx/src/main/java/org/eclipse/hono/adapter/lora/providers/ThingsNetworkProvider.java (ext=.java, size=1984)
2026-01-18 18:01:04,266 - Knowledge - INFO - Worker kw6 processing /app/data/T0015/307413/b0002up/Hono/adapters/lora-vertx/src/main/java/org/eclipse/hono/adapter/lora/providers/LoraUtils.java
2026-01-18 18:01:04,341 - Knowledge - INFO - Worker kw7 processing /app/data/T0015/307413/b0002up/Hono/adapters/mqtt-vertx-base/src/test/java/org/eclipse/hono/adapter/mqtt/CommandSubscriptionTest.java
2026-01-18 18:01:04,427 - Knowledge - INFO - Fast-tracked /app/data/T0015/307413/b0002up/Hono/adapters/mqtt-vertx-base/src/test/resources/logback-test.xml (ext=.xml, size=1163)
2026-01-18 18:01:04,554 - Knowledge - INFO - Worker kw9 processing /app/data/T0015/307413/b0002up/Hono/adapters/mqtt-vertx-base/src/main/java/org/eclipse/hono/adapter/mqtt/CommandHandler.java
2026-01-18 18:01:04,675 - Knowledge - INFO - Fast-tracked /app/data/T0015/307413/b0002up/Hono/adapters/mqtt-vertx/src/main/java/org/eclipse/hono/adapter/mqtt/impl/Application.java (ext=.java, size=1412)
2026-01-18 18:01:04,756 - Knowledge - INFO - Worker kw11 processing /app/data/T0015/307413/b0002up/Hono/adapters/sigfox-vertx/src/main/java/org/eclipse/hono/adapter/sigfox/impl/Application.java
2026-01-18 18:01:04,861 - Knowledge - INFO - Fast-tracked /app/data/T0015/307413/b0002up/Hono/adapters/http-vertx/src/main/java/org/eclipse/hono/adapter/http/impl/Application.java (ext=.java, size=1411)
2026-01-18 18:01:04,952 - Knowledge - INFO - Worker kw13 processing /app/data/T0015/307413/b0002up/Hono/adapters/http-vertx/readme.md
2026-01-18 18:01:05,030 - Knowledge - INFO - Batch sizing: calculated=8, max_allowed=10, queue=910, active_workers=13/15
2026-01-18 18:01:05,110 - Knowledge - INFO - [kw15] Queue=902, InProgress=0, PendingWorkers=13/15, Completed=0/1010 (0.0%)
2026-01-18 18:01:05,223 - Knowledge - INFO - knowledge worker kw16 start
2026-01-18 18:01:05,223 - Knowledge - INFO - Worker kw17 created using shared MongoDB connection pool
2026-01-18 18:01:05,345 - Knowledge - INFO - Worker kw1 processing /app/data/T0015/307413/b0002up/Hono/cli/src/main/java/org/eclipse/hono/cli/AppConfiguration.java
2026-01-18 18:01:05,424 - Knowledge - INFO - Fast-tracked /app/data/T0015/307413/b0002up/Hono/adapters/lora-vertx/src/test/java/org/eclipse/hono/adapter/lora/providers/LoraTestUtil.java (ext=.java, size=1631)
2026-01-18 18:01:05,518 - Knowledge - INFO - Fast-tracked /app/data/T0015/307413/b0002up/Hono/adapters/lora-vertx/src/test/resources/payload/proximus.uplink.json (ext=.json, size=1010)
2026-01-18 18:01:05,592 - Knowledge - INFO - Worker kw4 processing /app/data/T0015/307413/b0002up/Hono/adapters/lora-vertx/src/test/resources/payload/ttn.uplink.json
2026-01-18 18:01:05,696 - Knowledge - INFO - Worker kw5 processing /app/data/T0015/307413/b0002up/Hono/adapters/lora-vertx/src/main/java/org/eclipse/hono/adapter/lora/providers/LoraProviderDownlinkException.java
2026-01-18 18:01:05,776 - Knowledge - INFO - Worker kw6 processing /app/data/T0015/307413/b0002up/Hono/adapters/lora-vertx/src/main/java/org/eclipse/hono/adapter/lora/LoraMessageType.java
2026-01-18 18:01:05,882 - Knowledge - INFO - Fast-tracked /app/data/T0015/307413/b0002up/Hono/adapters/mqtt-vertx-base/src/test/java/org/eclipse/hono/adapter/mqtt/CommandSubscriptionTest.java (ext=.java, size=9510)
2026-01-18 18:01:05,956 - Knowledge - INFO - Worker kw8 processing /app/data/T0015/307413/b0002up/Hono/adapters/mqtt-vertx-base/src/main/java/org/eclipse/hono/adapter/mqtt/MicrometerBasedMqttAdapterMetrics.java
2026-01-18 18:01:06,083 - Knowledge - INFO - Worker kw9 processing /app/data/T0015/307413/b0002up/Hono/adapters/mqtt-vertx-base/src/main/java/org/eclipse/hono/adapter/mqtt/MqttContext.java
2026-01-18 18:01:06,161 - Knowledge - INFO - Worker kw10 processing /app/data/T0015/307413/b0002up/Hono/adapters/mqtt-vertx/src/main/java/org/eclipse/hono/adapter/mqtt/impl/Config.java
2026-01-18 18:01:06,253 - Knowledge - INFO - Fast-tracked /app/data/T0015/307413/b0002up/Hono/adapters/sigfox-vertx/src/main/java/org/eclipse/hono/adapter/sigfox/impl/Application.java (ext=.java, size=1382)
2026-01-18 18:01:06,328 - Knowledge - INFO - Worker kw12 processing /app/data/T0015/307413/b0002up/Hono/adapters/http-vertx/src/main/java/org/eclipse/hono/adapter/http/impl/Config.java
2026-01-18 18:01:06,460 - Knowledge - INFO - Fast-tracked /app/data/T0015/307413/b0002up/Hono/adapters/http-vertx/readme.md (ext=.md, size=352)
2026-01-18 18:01:06,569 - Knowledge - INFO - Worker kw14 processing /app/data/T0015/307413/b0002up/Hono/adapters/http-vertx-base/pom.xml
2026-01-18 18:01:06,695 - Knowledge - INFO - Batch sizing: calculated=8, max_allowed=10, queue=902, active_workers=14/16
2026-01-18 18:01:06,781 - Knowledge - INFO - [kw16] Queue=894, InProgress=0, PendingWorkers=14/16, Completed=0/1010 (0.0%)
2026-01-18 18:01:06,868 - Knowledge - INFO - knowledge worker kw17 start
2026-01-18 18:01:06,870 - Knowledge - INFO - Worker kw18 created using shared MongoDB connection pool
2026-01-18 18:01:07,050 - Knowledge - INFO - Worker kw2 processing /app/data/T0015/307413/b0002up/Hono/adapters/lora-vertx/src/test/java/org/eclipse/hono/adapter/lora/providers/FireflyProviderTest.java
2026-01-18 18:01:07,148 - Knowledge - INFO - Worker kw3 processing /app/data/T0015/307413/b0002up/Hono/adapters/lora-vertx/src/test/resources/payload/objenious.join.json
2026-01-18 18:01:07,237 - Knowledge - INFO - Fast-tracked /app/data/T0015/307413/b0002up/Hono/adapters/lora-vertx/src/test/resources/payload/ttn.uplink.json (ext=.json, size=808)
2026-01-18 18:01:07,324 - Knowledge - INFO - Fast-tracked /app/data/T0015/307413/b0002up/Hono/adapters/lora-vertx/src/main/java/org/eclipse/hono/adapter/lora/providers/LoraProviderDownlinkException.java (ext=.java, size=1340)
2026-01-18 18:01:07,393 - Knowledge - INFO - Fast-tracked /app/data/T0015/307413/b0002up/Hono/adapters/lora-vertx/src/main/java/org/eclipse/hono/adapter/lora/LoraMessageType.java (ext=.java, size=766)
2026-01-18 18:01:07,468 - Knowledge - INFO - Worker kw7 processing /app/data/T0015/307413/b0002up/Hono/adapters/mqtt-vertx-base/src/test/java/org/eclipse/hono/adapter/mqtt/CommandSubscriptionLegacyEndpointTest.java
2026-01-18 18:01:07,551 - Knowledge - INFO - Fast-tracked /app/data/T0015/307413/b0002up/Hono/adapters/mqtt-vertx-base/src/main/java/org/eclipse/hono/adapter/mqtt/MicrometerBasedMqttAdapterMetrics.java (ext=.java, size=1442)
2026-01-18 18:01:07,639 - Knowledge - INFO - Worker kw9 processing /app/data/T0015/307413/b0002up/Hono/adapters/mqtt-vertx-base/src/main/java/org/eclipse/hono/adapter/mqtt/PropertyBag.java
2026-01-18 18:01:07,730 - Knowledge - INFO - Worker kw10 processing /app/data/T0015/307413/b0002up/Hono/adapters/mqtt-vertx/src/main/java/org/eclipse/hono/adapter/mqtt/impl/VertxBasedMqttProtocolAdapter.java
2026-01-18 18:01:07,847 - Knowledge - INFO - Worker kw11 processing /app/data/T0015/307413/b0002up/Hono/adapters/sigfox-vertx/src/main/java/org/eclipse/hono/adapter/sigfox/impl/Config.java
2026-01-18 18:01:07,927 - Knowledge - INFO - Worker kw12 processing /app/data/T0015/307413/b0002up/Hono/adapters/http-vertx/src/main/java/org/eclipse/hono/adapter/http/impl/VertxBasedHttpProtocolAdapter.java
2026-01-18 18:01:08,019 - Knowledge - INFO - Worker kw13 processing /app/data/T0015/307413/b0002up/Hono/adapters/http-vertx/pom.xml
2026-01-18 18:01:08,091 - Knowledge - INFO - Fast-tracked /app/data/T0015/307413/b0002up/Hono/adapters/http-vertx-base/pom.xml (ext=.xml, size=1245)
2026-01-18 18:01:08,166 - Knowledge - INFO - Worker kw15 processing /app/data/T0015/307413/b0002up/Hono/adapters/coap-vertx-base/src/main/java/org/eclipse/hono/adapter/coap/MicrometerBasedCoapAdapterMetrics.java
2026-01-18 18:01:08,250 - Knowledge - INFO - Batch sizing: calculated=8, max_allowed=10, queue=894, active_workers=15/17
2026-01-18 18:01:08,331 - Knowledge - INFO - [kw17] Queue=886, InProgress=0, PendingWorkers=15/17, Completed=0/1010 (0.0%)
2026-01-18 18:01:08,459 - Knowledge - INFO - knowledge worker kw18 start
2026-01-18 18:01:08,460 - Knowledge - INFO - Worker kw19 created using shared MongoDB connection pool
2026-01-18 18:01:08,536 - Knowledge - INFO - Fast-tracked /app/data/T0015/307413/b0002up/Hono/adapters/lora-vertx/src/test/java/org/eclipse/hono/adapter/lora/providers/FireflyProviderTest.java (ext=.java, size=2486)
2026-01-18 18:01:08,608 - Knowledge - INFO - Fast-tracked /app/data/T0015/307413/b0002up/Hono/adapters/lora-vertx/src/test/resources/payload/objenious.join.json (ext=.json, size=918)
2026-01-18 18:01:08,681 - Knowledge - INFO - Worker kw4 processing /app/data/T0015/307413/b0002up/Hono/adapters/lora-vertx/src/test/resources/logback-test.xml
2026-01-18 18:01:08,747 - Knowledge - INFO - Worker kw5 processing /app/data/T0015/307413/b0002up/Hono/adapters/lora-vertx/src/main/java/org/eclipse/hono/adapter/lora/providers/ActilityProvider.java
2026-01-18 18:01:08,848 - Knowledge - INFO - Worker kw6 processing /app/data/T0015/307413/b0002up/Hono/adapters/lora-vertx/src/main/java/org/eclipse/hono/adapter/lora/LoraConstants.java
2026-01-18 18:01:08,963 - Knowledge - INFO - Fast-tracked /app/data/T0015/307413/b0002up/Hono/adapters/mqtt-vertx-base/src/test/java/org/eclipse/hono/adapter/mqtt/CommandSubscriptionLegacyEndpointTest.java (ext=.java, size=739)
2026-01-18 18:01:09,083 - Knowledge - INFO - Worker kw8 processing /app/data/T0015/307413/b0002up/Hono/adapters/mqtt-vertx-base/src/main/java/org/eclipse/hono/adapter/mqtt/CommandSubscription.java
2026-01-18 18:01:09,198 - Knowledge - INFO - Worker kw9 processing /app/data/T0015/307413/b0002up/Hono/adapters/mqtt-vertx-base/pom.xml
2026-01-18 18:01:09,287 - Knowledge - INFO - Worker kw10 processing /app/data/T0015/307413/b0002up/Hono/adapters/mqtt-vertx/src/main/resources/banner.txt
2026-01-18 18:01:09,369 - Knowledge - INFO - Worker kw11 processing /app/data/T0015/307413/b0002up/Hono/adapters/sigfox-vertx/src/main/java/org/eclipse/hono/adapter/sigfox/impl/SigfoxProtocolAdapter.java
2026-01-18 18:01:09,439 - Knowledge - INFO - Worker kw12 processing /app/data/T0015/307413/b0002up/Hono/adapters/http-vertx/src/main/resources/banner.txt
2026-01-18 18:01:09,556 - Knowledge - INFO - Fast-tracked /app/data/T0015/307413/b0002up/Hono/adapters/http-vertx/pom.xml (ext=.xml, size=4685)
2026-01-18 18:01:09,629 - Knowledge - INFO - Worker kw14 processing /app/data/T0015/307413/b0002up/Hono/adapters/coap-vertx-base/src/test/java/org/eclipse/hono/adapter/coap/AbstractVertxBasedCoapAdapterTest.java
2026-01-18 18:01:09,706 - Knowledge - INFO - Fast-tracked /app/data/T0015/307413/b0002up/Hono/adapters/coap-vertx-base/src/main/java/org/eclipse/hono/adapter/coap/MicrometerBasedCoapAdapterMetrics.java (ext=.java, size=1442)
2026-01-18 18:01:09,773 - Knowledge - INFO - Worker kw16 processing /app/data/T0015/307413/b0002up/Hono/adapters/coap-vertx/src/main/java/org/eclipse/hono/adapter/coap/impl/VertxBasedCoapAdapter.java
2026-01-18 18:01:09,874 - Knowledge - INFO - Batch sizing: calculated=8, max_allowed=10, queue=886, active_workers=16/18
2026-01-18 18:01:09,963 - Knowledge - INFO - [kw18] Queue=878, InProgress=0, PendingWorkers=16/18, Completed=0/1010 (0.0%)
2026-01-18 18:01:10,040 - Knowledge - INFO - knowledge worker kw19 start
2026-01-18 18:01:10,040 - Knowledge - INFO - Worker kw20 created using shared MongoDB connection pool
2026-01-18 18:01:10,130 - Knowledge - INFO - Worker kw2 processing /app/data/T0015/307413/b0002up/Hono/adapters/lora-vertx/src/test/java/org/eclipse/hono/adapter/lora/providers/ThingsNetworkProviderTest.java
2026-01-18 18:01:10,232 - Knowledge - INFO - Worker kw3 processing /app/data/T0015/307413/b0002up/Hono/adapters/lora-vertx/src/test/resources/payload/actility.uplink.json
2026-01-18 18:01:10,310 - Knowledge - INFO - Fast-tracked /app/data/T0015/307413/b0002up/Hono/adapters/lora-vertx/src/test/resources/logback-test.xml (ext=.xml, size=1198)
2026-01-18 18:01:10,547 - Knowledge - INFO - Worker kw7 processing /app/data/T0015/307413/b0002up/Hono/adapters/mqtt-vertx-base/src/test/java/org/eclipse/hono/adapter/mqtt/X509AuthHandlerTest.java
2026-01-18 18:01:10,634 - Knowledge - INFO - Worker kw8 processing /app/data/T0015/307413/b0002up/Hono/adapters/mqtt-vertx-base/src/main/java/org/eclipse/hono/adapter/mqtt/MqttContextTenantAndAuthIdProvider.java
2026-01-18 18:01:10,710 - Knowledge - INFO - Fast-tracked /app/data/T0015/307413/b0002up/Hono/adapters/mqtt-vertx-base/pom.xml (ext=.xml, size=1063)
2026-01-18 18:01:10,795 - Knowledge - INFO - Fast-tracked /app/data/T0015/307413/b0002up/Hono/adapters/mqtt-vertx/src/main/resources/banner.txt (ext=.txt, size=660)
2026-01-18 18:01:10,885 - Knowledge - INFO - Worker kw11 processing /app/data/T0015/307413/b0002up/Hono/adapters/sigfox-vertx/pom.xml
2026-01-18 18:01:10,976 - Knowledge - INFO - Fast-tracked /app/data/T0015/307413/b0002up/Hono/adapters/http-vertx/src/main/resources/banner.txt (ext=.txt, size=660)
2026-01-18 18:01:11,068 - Knowledge - INFO - Worker kw13 processing /app/data/T0015/307413/b0002up/Hono/adapters/http-vertx-base/src/test/java/org/eclipse/hono/adapter/http/AbstractVertxBasedHttpProtocolAdapterTest.java
2026-01-18 18:01:11,193 - Knowledge - INFO - Fast-tracked /app/data/T0015/307413/b0002up/Hono/adapters/coap-vertx-base/src/test/java/org/eclipse/hono/adapter/coap/AbstractVertxBasedCoapAdapterTest.java (ext=.java, size=29161)
2026-01-18 18:01:11,275 - Knowledge - INFO - Worker kw15 processing /app/data/T0015/307413/b0002up/Hono/adapters/coap-vertx-base/src/main/java/org/eclipse/hono/adapter/coap/PreSharedKeyDeviceIdentity.java
2026-01-18 18:01:11,412 - Knowledge - INFO - Worker kw16 processing /app/data/T0015/307413/b0002up/Hono/adapters/coap-vertx/src/main/java/org/eclipse/hono/adapter/coap/impl/Config.java
2026-01-18 18:01:11,502 - Knowledge - INFO - Worker kw17 processing /app/data/T0015/307413/b0002up/Hono/adapters/amqp-vertx/src/test/resources/logback-test.xml
2026-01-18 18:01:11,581 - Knowledge - INFO - Batch sizing: calculated=8, max_allowed=10, queue=878, active_workers=17/19
2026-01-18 18:01:11,665 - Knowledge - INFO - [kw19] Queue=870, InProgress=0, PendingWorkers=17/19, Completed=0/1010 (0.0%)
2026-01-18 18:01:11,755 - Knowledge - INFO - knowledge worker kw20 start
2026-01-18 18:01:11,841 - Knowledge - INFO - Fast-tracked /app/data/T0015/307413/b0002up/Hono/adapters/lora-vertx/src/test/java/org/eclipse/hono/adapter/lora/providers/ThingsNetworkProviderTest.java (ext=.java, size=2053)
2026-01-18 18:01:11,913 - Knowledge - INFO - Fast-tracked /app/data/T0015/307413/b0002up/Hono/cli/src/main/java/org/eclipse/hono/cli/AppConfiguration.java (small file (2585 bytes))
2026-01-18 18:01:11,922 - Knowledge - INFO - Fast-tracked /app/data/T0015/307413/b0002up/Hono/adapters/lora-vertx/src/test/resources/payload/actility.uplink.json (ext=.json, size=1197)
2026-01-18 18:01:12,011 - Knowledge - INFO - Worker kw4 processing /app/data/T0015/307413/b0002up/Hono/adapters/lora-vertx/src/main/java/org/eclipse/hono/adapter/lora/impl/Application.java
2026-01-18 18:01:12,089 - Knowledge - INFO - Fast-tracked /app/data/T0015/307413/b0002up/Hono/adapters/mqtt-vertx-base/src/test/java/org/eclipse/hono/adapter/mqtt/X509AuthHandlerTest.java (ext=.java, size=8062)
2026-01-18 18:01:12,179 - Knowledge - INFO - Worker kw8 processing /app/data/T0015/307413/b0002up/Hono/adapters/mqtt-vertx-base/src/main/java/org/eclipse/hono/adapter/mqtt/ConnectPacketAuthHandler.java
2026-01-18 18:01:12,256 - Knowledge - INFO - Worker kw9 processing /app/data/T0015/307413/b0002up/Hono/adapters/mqtt-vertx/src/test/java/org/eclipse/hono/adapter/mqtt/impl/VertxBasedMqttProtocolAdapterTest.java
2026-01-18 18:01:12,394 - Knowledge - INFO - Worker kw10 processing /app/data/T0015/307413/b0002up/Hono/adapters/mqtt-vertx/src/main/resources/logback-spring.xml
2026-01-18 18:01:12,464 - Knowledge - INFO - Fast-tracked /app/data/T0015/307413/b0002up/Hono/adapters/sigfox-vertx/pom.xml (ext=.xml, size=4576)
2026-01-18 18:01:12,506 - Knowledge - INFO - Fast-tracked /app/data/T0015/307413/b0002up/Hono/adapters/lora-vertx/src/main/java/org/eclipse/hono/adapter/lora/providers/ObjeniousProvider.java (small file (2187 bytes))
2026-01-18 18:01:12,558 - Knowledge - INFO - Worker kw12 processing /app/data/T0015/307413/b0002up/Hono/adapters/http-vertx/src/main/resources/logback-spring.xml
2026-01-18 18:01:12,659 - Knowledge - INFO - Fast-tracked /app/data/T0015/307413/b0002up/Hono/adapters/http-vertx-base/src/test/java/org/eclipse/hono/adapter/http/AbstractVertxBasedHttpProtocolAdapterTest.java (ext=.java, size=59323)
2026-01-18 18:01:12,735 - Knowledge - INFO - Worker kw14 processing /app/data/T0015/307413/b0002up/Hono/adapters/coap-vertx-base/src/test/resources/logback-test.xml
2026-01-18 18:01:12,865 - Knowledge - INFO - Worker kw15 processing /app/data/T0015/307413/b0002up/Hono/adapters/coap-vertx-base/src/main/java/org/eclipse/hono/adapter/coap/ExtendedDevice.java
2026-01-18 18:01:12,949 - Knowledge - INFO - Worker kw16 processing /app/data/T0015/307413/b0002up/Hono/adapters/coap-vertx/src/main/resources/banner.txt
2026-01-18 18:01:13,026 - Knowledge - INFO - Fast-tracked /app/data/T0015/307413/b0002up/Hono/adapters/amqp-vertx/src/test/resources/logback-test.xml (ext=.xml, size=1163)
2026-01-18 18:01:13,145 - Knowledge - INFO - Worker kw18 processing /app/data/T0015/307413/b0002up/Hono/adapters/amqp-vertx/src/main/java/org/eclipse/hono/adapter/amqp/AmqpAdapterConstants.java
2026-01-18 18:01:13,264 - Knowledge - INFO - Batch sizing: calculated=8, max_allowed=10, queue=870, active_workers=18/20
2026-01-18 18:01:13,391 - Knowledge - INFO - [kw20] Queue=862, InProgress=0, PendingWorkers=18/20, Completed=0/1010 (0.0%)
2026-01-18 18:01:13,471 - Knowledge - INFO - Worker kw2 processing /app/data/T0015/307413/b0002up/Hono/adapters/lora-vertx/src/test/java/org/eclipse/hono/adapter/lora/providers/ProximusProviderTest.java
2026-01-18 18:01:13,884 - Knowledge - INFO - Processing batch of 8 files
2026-01-18 18:01:13,978 - Knowledge - INFO - Fast-tracked /app/data/T0015/307413/b0002up/Hono/adapters/lora-vertx/src/main/java/org/eclipse/hono/adapter/lora/impl/Application.java (ext=.java, size=1380)
2026-01-18 18:01:14,052 - Knowledge - INFO - Worker kw7 processing /app/data/T0015/307413/b0002up/Hono/adapters/mqtt-vertx-base/src/test/java/org/eclipse/hono/adapter/mqtt/AbstractVertxBasedMqttProtocolAdapterTest.java
2026-01-18 18:01:14,145 - Knowledge - INFO - Worker kw8 processing /app/data/T0015/307413/b0002up/Hono/adapters/mqtt-vertx-base/src/main/java/org/eclipse/hono/adapter/mqtt/X509AuthHandler.java
2026-01-18 18:01:14,225 - Knowledge - INFO - Fast-tracked /app/data/T0015/307413/b0002up/Hono/adapters/mqtt-vertx/src/test/java/org/eclipse/hono/adapter/mqtt/impl/VertxBasedMqttProtocolAdapterTest.java (ext=.java, size=11897)
2026-01-18 18:01:14,296 - Knowledge - INFO - Fast-tracked /app/data/T0015/307413/b0002up/Hono/adapters/mqtt-vertx/src/main/resources/logback-spring.xml (ext=.xml, size=1931)
2026-01-18 18:01:14,374 - Knowledge - INFO - Worker kw11 processing /app/data/T0015/307413/b0002up/Hono/adapters/http-vertx/src/test/java/org/eclipse/hono/adapter/http/impl/VertxBasedHttpProtocolAdapterLegacyEndpointTest.java
2026-01-18 18:01:14,459 - Knowledge - INFO - Fast-tracked /app/data/T0015/307413/b0002up/Hono/adapters/lora-vertx/src/main/java/org/eclipse/hono/adapter/lora/providers/EverynetProvider.java (small file (2497 bytes))
2026-01-18 18:01:14,546 - Knowledge - INFO - Fast-tracked /app/data/T0015/307413/b0002up/Hono/adapters/http-vertx/src/main/resources/logback-spring.xml (ext=.xml, size=1858)
2026-01-18 18:01:14,635 - Knowledge - INFO - Worker kw13 processing /app/data/T0015/307413/b0002up/Hono/adapters/http-vertx-base/src/test/resources/logback-test.xml
2026-01-18 18:01:14,761 - Knowledge - INFO - Fast-tracked /app/data/T0015/307413/b0002up/Hono/adapters/coap-vertx-base/src/test/resources/logback-test.xml (ext=.xml, size=750)
2026-01-18 18:01:14,856 - Knowledge - INFO - Fast-tracked /app/data/T0015/307413/b0002up/Hono/adapters/coap-vertx-base/src/main/java/org/eclipse/hono/adapter/coap/ExtendedDevice.java (ext=.java, size=1906)
2026-01-18 18:01:14,959 - Knowledge - INFO - Fast-tracked /app/data/T0015/307413/b0002up/Hono/adapters/coap-vertx/src/main/resources/banner.txt (ext=.txt, size=651)
2026-01-18 18:01:15,072 - Knowledge - INFO - Worker kw17 processing /app/data/T0015/307413/b0002up/Hono/adapters/amqp-vertx/src/main/java/org/eclipse/hono/adapter/amqp/impl/AmqpContext.java
2026-01-18 18:01:15,245 - Knowledge - INFO - Fast-tracked /app/data/T0015/307413/b0002up/Hono/adapters/amqp-vertx/src/main/java/org/eclipse/hono/adapter/amqp/AmqpAdapterConstants.java (ext=.java, size=1547)
2026-01-18 18:01:15,619 - Knowledge - INFO - Worker kw19 processing /app/data/T0015/307413/b0002up/Hono/adapters/kura/src/test/resources/logback-test.xml
2026-01-18 18:01:15,742 - Knowledge - INFO - Batch sizing: calculated=8, max_allowed=10, queue=862, active_workers=19/20
2026-01-18 18:01:15,904 - Knowledge - INFO - Fast-tracked /app/data/T0015/307413/b0002up/Hono/adapters/lora-vertx/src/test/java/org/eclipse/hono/adapter/lora/providers/ProximusProviderTest.java (ext=.java, size=2069)
2026-01-18 18:01:16,077 - Knowledge - INFO - process ingested knowledge for /app/data/T0015/307413/b0002up/Hono/adapters/lora-vertx/src/test/java/org/eclipse/hono/adapter/lora/providers/ActilityProviderTest.java
2026-01-18 18:01:16,352 - Knowledge - INFO - Processing batch of 8 files
2026-01-18 18:01:16,548 - Knowledge - INFO - Fast-tracked /app/data/T0015/307413/b0002up/Hono/adapters/mqtt-vertx-base/src/test/java/org/eclipse/hono/adapter/mqtt/AbstractVertxBasedMqttProtocolAdapterTest.java (ext=.java, size=68655)
2026-01-18 18:01:17,004 - Knowledge - INFO - Fast-tracked /app/data/T0015/307413/b0002up/Hono/adapters/mqtt-vertx-base/src/main/java/org/eclipse/hono/adapter/mqtt/MqttProtocolAdapterProperties.java (small file (2366 bytes))
2026-01-18 18:01:17,071 - Knowledge - INFO - Worker kw10 processing /app/data/T0015/307413/b0002up/Hono/adapters/mqtt-vertx/readme.md
2026-01-18 18:01:17,183 - Knowledge - INFO - Fast-tracked /app/data/T0015/307413/b0002up/Hono/adapters/http-vertx/src/test/java/org/eclipse/hono/adapter/http/impl/VertxBasedHttpProtocolAdapterLegacyEndpointTest.java (ext=.java, size=1043)
2026-01-18 18:01:17,423 - Knowledge - INFO - Worker kw12 processing /app/data/T0015/307413/b0002up/Hono/adapters/http-vertx/postman/Hono Eclipse Sandbox.postman_environment.json
2026-01-18 18:01:17,597 - Knowledge - INFO - Fast-tracked /app/data/T0015/307413/b0002up/Hono/adapters/http-vertx-base/src/test/resources/logback-test.xml (ext=.xml, size=1178)
2026-01-18 18:01:17,701 - Knowledge - INFO - Worker kw14 processing /app/data/T0015/307413/b0002up/Hono/adapters/coap-vertx-base/src/main/java/org/eclipse/hono/adapter/coap/AbstractVertxBasedCoapAdapter.java
2026-01-18 18:01:17,798 - Knowledge - INFO - Worker kw15 processing /app/data/T0015/307413/b0002up/Hono/adapters/coap-vertx-base/src/main/java/org/eclipse/hono/adapter/coap/CoapAdapterMetrics.java
2026-01-18 18:01:17,887 - Knowledge - INFO - Worker kw16 processing /app/data/T0015/307413/b0002up/Hono/adapters/coap-vertx/src/main/resources/logback-spring.xml
2026-01-18 18:01:18,056 - Knowledge - INFO - Worker kw17 processing /app/data/T0015/307413/b0002up/Hono/adapters/amqp-vertx/src/main/java/org/eclipse/hono/adapter/amqp/impl/Application.java
2026-01-18 18:01:18,115 - Knowledge - INFO - [LLM_CALL] Completed: TelemetryAndEventCli.java:chunk1, Duration: 9561ms, PromptTokens: 2342, CompletionTokens: 418, Cost: $0.00040
2026-01-18 18:01:18,210 - Knowledge - INFO - Worker kw18 processing /app/data/T0015/307413/b0002up/Hono/adapters/amqp-vertx/src/main/java/org/eclipse/hono/adapter/amqp/MicrometerBasedAmqpAdapterMetrics.java
2026-01-18 18:01:18,430 - Knowledge - INFO - Fast-tracked /app/data/T0015/307413/b0002up/Hono/adapters/kura/src/test/resources/logback-test.xml (ext=.xml, size=1163)
2026-01-18 18:01:18,567 - Knowledge - INFO - Fast-tracked /app/data/T0015/307413/b0002up/Hono/cli/src/main/java/org/eclipse/hono/cli/AbstractCliClient.java (small file (2096 bytes))
2026-01-18 18:01:18,649 - Knowledge - INFO - process ingested knowledge for /app/data/T0015/307413/b0002up/Hono/adapters/lora-vertx/src/test/java/org/eclipse/hono/adapter/lora/providers/ObjeniousProviderTest.java
2026-01-18 18:01:18,726 - Knowledge - INFO - process ingested knowledge for /app/data/T0015/307413/b0002up/Hono/adapters/lora-vertx/src/test/resources/payload/firefly.uplink.json
2026-01-18 18:01:18,963 - Knowledge - INFO - Worker kw7 processing /app/data/T0015/307413/b0002up/Hono/adapters/mqtt-vertx-base/src/test/java/org/eclipse/hono/adapter/mqtt/AbstractVertxBasedMqttProtocolAdapterLegacyEndpointTest.java
2026-01-18 18:01:19,129 - Knowledge - INFO - Split /app/data/T0015/307413/b0002up/Hono/adapters/mqtt-vertx-base/src/main/java/org/eclipse/hono/adapter/mqtt/AbstractVertxBasedMqttProtocolAdapter.java (74869 bytes) into 3 chunks of ~32KB
2026-01-18 18:01:19,211 - Knowledge - INFO - Fast-tracked /app/data/T0015/307413/b0002up/Hono/adapters/mqtt-vertx/readme.md (ext=.md, size=330)
2026-01-18 18:01:19,454 - Knowledge - INFO - Worker kw11 processing /app/data/T0015/307413/b0002up/Hono/adapters/http-vertx/src/test/java/org/eclipse/hono/adapter/http/impl/VertxBasedHttpProtocolAdapterTest.java
2026-01-18 18:01:19,516 - Knowledge - INFO - Fast-tracked /app/data/T0015/307413/b0002up/Hono/adapters/http-vertx/postman/Hono Eclipse Sandbox.postman_environment.json (ext=.json, size=729)
2026-01-18 18:01:19,652 - Knowledge - INFO - Worker kw13 processing /app/data/T0015/307413/b0002up/Hono/adapters/http-vertx-base/src/main/java/org/eclipse/hono/adapter/http/HttpProtocolAdapterProperties.java
2026-01-18 18:01:19,767 - Knowledge - INFO - Worker kw14 processing /app/data/T0015/307413/b0002up/Hono/adapters/coap-vertx-base/src/main/java/org/eclipse/hono/adapter/coap/CoapContext.java
2026-01-18 18:01:20,139 - Knowledge - INFO - Fast-tracked /app/data/T0015/307413/b0002up/Hono/adapters/coap-vertx-base/src/main/java/org/eclipse/hono/adapter/coap/CoapAdapterMetrics.java (ext=.java, size=971)
2026-01-18 18:01:20,259 - Knowledge - INFO - Fast-tracked /app/data/T0015/307413/b0002up/Hono/adapters/coap-vertx/src/main/resources/logback-spring.xml (ext=.xml, size=1430)
2026-01-18 18:01:20,623 - Knowledge - INFO - Fast-tracked /app/data/T0015/307413/b0002up/Hono/adapters/amqp-vertx/src/main/java/org/eclipse/hono/adapter/amqp/impl/Application.java (ext=.java, size=1404)
2026-01-18 18:01:20,734 - Knowledge - INFO - done ingest for /app/data/T0015/307413/b0002up/Hono/cli/src/main/java/org/eclipse/hono/cli/adapter/TelemetryAndEventCli.java
2026-01-18 18:01:20,742 - Knowledge - INFO - Worker kw20 processing /app/data/T0015/307413/b0002up/Hono/adapters/pom.xml
2026-01-18 18:01:20,856 - Knowledge - INFO - Fast-tracked /app/data/T0015/307413/b0002up/Hono/adapters/amqp-vertx/src/main/java/org/eclipse/hono/adapter/amqp/MicrometerBasedAmqpAdapterMetrics.java (ext=.java, size=1455)
2026-01-18 18:01:20,999 - Knowledge - INFO - Worker kw19 processing /app/data/T0015/307413/b0002up/Hono/adapters/kura/src/main/java/org/eclipse/hono/adapter/kura/impl/Application.java
2026-01-18 18:01:21,316 - Knowledge - INFO - Processing batch of 10 files
2026-01-18 18:01:21,441 - Knowledge - INFO - process ingested knowledge for /app/data/T0015/307413/b0002up/Hono/adapters/lora-vertx/src/test/java/org/eclipse/hono/adapter/lora/providers/EverynetProviderTest.java
2026-01-18 18:01:21,522 - Knowledge - INFO - [LLM_CALL] Completed: ActilityProvider.java:chunk1, Duration: 7180ms, PromptTokens: 4336, CompletionTokens: 590, Cost: $0.00067
2026-01-18 18:01:21,523 - Knowledge - INFO - process ingested knowledge for /app/data/T0015/307413/b0002up/Hono/adapters/lora-vertx/src/test/resources/payload/objenious.downlink.json
2026-01-18 18:01:21,618 - Knowledge - INFO - Fast-tracked /app/data/T0015/307413/b0002up/Hono/adapters/mqtt-vertx-base/src/test/java/org/eclipse/hono/adapter/mqtt/AbstractVertxBasedMqttProtocolAdapterLegacyEndpointTest.java (ext=.java, size=1061)
2026-01-18 18:01:21,789 - Knowledge - INFO - Worker kw10 processing /app/data/T0015/307413/b0002up/Hono/adapters/mqtt-vertx/pom.xml
2026-01-18 18:01:21,873 - Knowledge - INFO - Fast-tracked /app/data/T0015/307413/b0002up/Hono/adapters/http-vertx/src/test/java/org/eclipse/hono/adapter/http/impl/VertxBasedHttpProtocolAdapterTest.java (ext=.java, size=32989)
2026-01-18 18:01:21,958 - Knowledge - INFO - Worker kw12 processing /app/data/T0015/307413/b0002up/Hono/adapters/http-vertx/postman/Hono Examples.postman_collection.json
2026-01-18 18:01:22,061 - Knowledge - INFO - Worker kw13 processing /app/data/T0015/307413/b0002up/Hono/adapters/http-vertx-base/src/main/java/org/eclipse/hono/adapter/http/HttpAdapterMetrics.java
2026-01-18 18:01:22,157 - Knowledge - INFO - Worker kw14 processing /app/data/T0015/307413/b0002up/Hono/adapters/coap-vertx-base/src/main/java/org/eclipse/hono/adapter/coap/VertxCoapResource.java
2026-01-18 18:01:22,233 - Knowledge - INFO - Worker kw15 processing /app/data/T0015/307413/b0002up/Hono/adapters/coap-vertx-base/src/main/java/org/eclipse/hono/adapter/coap/DefaultDeviceResolver.java
2026-01-18 18:01:22,304 - Knowledge - INFO - Worker kw16 processing /app/data/T0015/307413/b0002up/Hono/adapters/coap-vertx/pom.xml
2026-01-18 18:01:22,383 - Knowledge - INFO - Worker kw17 processing /app/data/T0015/307413/b0002up/Hono/adapters/amqp-vertx/src/main/java/org/eclipse/hono/adapter/amqp/impl/VertxBasedAmqpProtocolAdapter.java
2026-01-18 18:01:22,624 - Knowledge - INFO - Fast-tracked /app/data/T0015/307413/b0002up/Hono/adapters/pom.xml (ext=.xml, size=5597)
2026-01-18 18:01:22,707 - Knowledge - INFO - Worker kw18 processing /app/data/T0015/307413/b0002up/Hono/adapters/amqp-vertx/src/main/java/org/eclipse/hono/adapter/amqp/SaslResponseContext.java
2026-01-18 18:01:22,838 - Knowledge - INFO - Fast-tracked /app/data/T0015/307413/b0002up/Hono/adapters/kura/src/main/java/org/eclipse/hono/adapter/kura/impl/Application.java (ext=.java, size=1472)
2026-01-18 18:01:22,953 - Knowledge - INFO - process ingested knowledge for /app/data/T0015/307413/b0002up/Hono/cli/src/main/java/org/eclipse/hono/cli/AbstractCliClient.java
2026-01-18 18:01:23,406 - Knowledge - INFO - process ingested knowledge for /app/data/T0015/307413/b0002up/Hono/adapters/lora-vertx/src/test/java/org/eclipse/hono/adapter/lora/providers/KerlinkProviderTest.java
2026-01-18 18:01:23,522 - Knowledge - INFO - done ingest for /app/data/T0015/307413/b0002up/Hono/adapters/lora-vertx/src/main/java/org/eclipse/hono/adapter/lora/providers/ActilityProvider.java
2026-01-18 18:01:23,638 - Knowledge - INFO - process ingested knowledge for /app/data/T0015/307413/b0002up/Hono/adapters/lora-vertx/src/test/resources/payload/kerlink.uplink.json
2026-01-18 18:01:23,830 - Knowledge - INFO - Processing batch of 8 files
2026-01-18 18:01:23,985 - Knowledge - INFO - Fast-tracked /app/data/T0015/307413/b0002up/Hono/adapters/mqtt-vertx/pom.xml (ext=.xml, size=4582)
2026-01-18 18:01:24,112 - Knowledge - INFO - Worker kw11 processing /app/data/T0015/307413/b0002up/Hono/adapters/http-vertx/src/test/resources/logback-test.xml
2026-01-18 18:01:24,297 - Knowledge - INFO - Fast-tracked /app/data/T0015/307413/b0002up/Hono/adapters/http-vertx/postman/Hono Examples.postman_collection.json (ext=.json, size=4235)
2026-01-18 18:01:24,335 - Knowledge - INFO - [LLM_CALL] Completed: AmqpCliClient.java:chunk1, Duration: 14169ms, PromptTokens: 3052, CompletionTokens: 464, Cost: $0.00049
2026-01-18 18:01:24,433 - Knowledge - INFO - Fast-tracked /app/data/T0015/307413/b0002up/Hono/adapters/http-vertx-base/src/main/java/org/eclipse/hono/adapter/http/HttpAdapterMetrics.java (ext=.java, size=1130)
2026-01-18 18:01:24,516 - Knowledge - INFO - Worker kw14 processing /app/data/T0015/307413/b0002up/Hono/adapters/coap-vertx-base/src/main/java/org/eclipse/hono/adapter/coap/CoapErrorResponse.java
2026-01-18 18:01:24,610 - Knowledge - INFO - Worker kw15 processing /app/data/T0015/307413/b0002up/Hono/adapters/coap-vertx-base/pom.xml
2026-01-18 18:01:24,718 - Knowledge - INFO - Fast-tracked /app/data/T0015/307413/b0002up/Hono/adapters/coap-vertx/pom.xml (ext=.xml, size=4149)
2026-01-18 18:01:24,836 - Knowledge - INFO - Worker kw17 processing /app/data/T0015/307413/b0002up/Hono/adapters/amqp-vertx/src/main/java/org/eclipse/hono/adapter/amqp/impl/Config.java
2026-01-18 18:01:25,011 - Knowledge - INFO - Worker kw20 processing /app/data/T0015/307413/b0002up/Hono/services/auth/src/test/java/org/eclipse/hono/service/auth/impl/FileBasedAuthenticationServiceTest.java
2026-01-18 18:01:25,283 - Knowledge - INFO - Worker kw18 processing /app/data/T0015/307413/b0002up/Hono/adapters/amqp-vertx/src/main/java/org/eclipse/hono/adapter/amqp/AmqpAdapterMetrics.java
2026-01-18 18:01:25,404 - Knowledge - INFO - Worker kw19 processing /app/data/T0015/307413/b0002up/Hono/adapters/kura/src/main/java/org/eclipse/hono/adapter/kura/impl/Config.java
2026-01-18 18:01:25,537 - Knowledge - INFO - process ingested knowledge for /app/data/T0015/307413/b0002up/Hono/cli/src/main/resources/application.yml
2026-01-18 18:01:25,705 - Knowledge - INFO - process ingested knowledge for /app/data/T0015/307413/b0002up/Hono/adapters/lora-vertx/src/test/java/org/eclipse/hono/adapter/lora/providers/LoraUtilsTest.java
2026-01-18 18:01:26,084 - Knowledge - INFO - process ingested knowledge for /app/data/T0015/307413/b0002up/Hono/adapters/lora-vertx/src/test/resources/payload/everynet.uplink.json
2026-01-18 18:01:26,306 - Knowledge - INFO - process ingested knowledge for /app/data/T0015/307413/b0002up/Hono/adapters/lora-vertx/src/main/resources/banner.txt
2026-01-18 18:01:26,541 - Knowledge - INFO - Fast-tracked /app/data/T0015/307413/b0002up/Hono/adapters/http-vertx/src/test/resources/logback-test.xml (ext=.xml, size=1220)
2026-01-18 18:01:26,634 - Knowledge - INFO - Fast-tracked /app/data/T0015/307413/b0002up/Hono/adapters/mqtt-vertx-base/src/main/java/org/eclipse/hono/adapter/mqtt/X509AuthHandler.java (small file (2984 bytes))
2026-01-18 18:01:26,647 - Knowledge - INFO - Worker kw12 processing /app/data/T0015/307413/b0002up/Hono/adapters/http-vertx/postman/Hono local.postman_environment.json
2026-01-18 18:01:26,796 - Knowledge - INFO - done ingest for /app/data/T0015/307413/b0002up/Hono/cli/src/main/java/org/eclipse/hono/cli/adapter/AmqpCliClient.java
2026-01-18 18:01:26,868 - Knowledge - INFO - [LLM_CALL] Completed: LoraConstants.java:chunk1, Duration: 6102ms, PromptTokens: 2064, CompletionTokens: 416, Cost: $0.00037
2026-01-18 18:01:26,875 - Knowledge - INFO - Worker kw13 processing /app/data/T0015/307413/b0002up/Hono/adapters/http-vertx-base/src/main/java/org/eclipse/hono/adapter/http/MicrometerBasedHttpAdapterMetrics.java
2026-01-18 18:01:27,025 - Knowledge - INFO - Worker kw14 processing /app/data/T0015/307413/b0002up/Hono/adapters/coap-vertx-base/src/main/java/org/eclipse/hono/adapter/coap/CoapAdapterProperties.java
2026-01-18 18:01:27,151 - Knowledge - INFO - Fast-tracked /app/data/T0015/307413/b0002up/Hono/adapters/coap-vertx-base/pom.xml (ext=.xml, size=961)
2026-01-18 18:01:27,268 - Knowledge - INFO - Worker kw16 processing /app/data/T0015/307413/b0002up/Hono/adapters/amqp-vertx/src/test/java/org/eclipse/hono/adapter/amqp/impl/VertxBasedAmqpProtocolAdapterLegacyEndpointTest.java
2026-01-18 18:01:27,359 - Knowledge - INFO - Worker kw17 processing /app/data/T0015/307413/b0002up/Hono/adapters/amqp-vertx/src/main/java/org/eclipse/hono/adapter/amqp/impl/AmqpContextTenantAndAuthIdProvider.java
2026-01-18 18:01:27,455 - Knowledge - INFO - Fast-tracked /app/data/T0015/307413/b0002up/Hono/services/auth/src/test/java/org/eclipse/hono/service/auth/impl/FileBasedAuthenticationServiceTest.java (ext=.java, size=8685)
2026-01-18 18:01:27,567 - Knowledge - INFO - Fast-tracked /app/data/T0015/307413/b0002up/Hono/adapters/amqp-vertx/src/main/java/org/eclipse/hono/adapter/amqp/AmqpAdapterMetrics.java (ext=.java, size=1117)
2026-01-18 18:01:27,657 - Knowledge - INFO - Worker kw19 processing /app/data/T0015/307413/b0002up/Hono/adapters/kura/src/main/java/org/eclipse/hono/adapter/kura/impl/KuraProtocolAdapter.java
2026-01-18 18:01:27,736 - Knowledge - INFO - process ingested knowledge for /app/data/T0015/307413/b0002up/Hono/cli/src/main/resources/banner.txt
2026-01-18 18:01:27,828 - Knowledge - INFO - process ingested knowledge for /app/data/T0015/307413/b0002up/Hono/adapters/lora-vertx/src/test/resources/payload/proximus.uplink.json
2026-01-18 18:01:27,921 - Knowledge - INFO - process ingested knowledge for /app/data/T0015/307413/b0002up/Hono/adapters/lora-vertx/src/test/resources/payload/objenious.uplink.json
2026-01-18 18:01:28,011 - Knowledge - INFO - process ingested knowledge for /app/data/T0015/307413/b0002up/Hono/adapters/lora-vertx/src/main/resources/logback-spring.xml
2026-01-18 18:01:28,280 - Knowledge - INFO - Fast-tracked /app/data/T0015/307413/b0002up/Hono/adapters/http-vertx/postman/Hono local.postman_environment.json (ext=.json, size=712)
2026-01-18 18:01:28,485 - Knowledge - INFO - done ingest for /app/data/T0015/307413/b0002up/Hono/adapters/lora-vertx/src/main/java/org/eclipse/hono/adapter/lora/LoraConstants.java
2026-01-18 18:01:28,487 - Knowledge - INFO - [LLM_CALL] Completed: FireflyProvider.java:chunk1, Duration: 15169ms, PromptTokens: 3756, CompletionTokens: 597, Cost: $0.00061
2026-01-18 18:01:28,621 - Knowledge - INFO - Fast-tracked /app/data/T0015/307413/b0002up/Hono/adapters/http-vertx-base/src/main/java/org/eclipse/hono/adapter/http/MicrometerBasedHttpAdapterMetrics.java (ext=.java, size=1442)
2026-01-18 18:01:28,788 - Knowledge - INFO - Worker kw15 processing /app/data/T0015/307413/b0002up/Hono/adapters/coap-vertx/src/test/resources/logback-test.xml
2026-01-18 18:01:28,872 - Knowledge - INFO - Fast-tracked /app/data/T0015/307413/b0002up/Hono/adapters/amqp-vertx/src/test/java/org/eclipse/hono/adapter/amqp/impl/VertxBasedAmqpProtocolAdapterLegacyEndpointTest.java (ext=.java, size=1043)
2026-01-18 18:01:29,009 - Knowledge - INFO - Worker kw17 processing /app/data/T0015/307413/b0002up/Hono/adapters/amqp-vertx/src/main/java/org/eclipse/hono/adapter/amqp/AmqpAdapterSaslAuthenticatorFactory.java
2026-01-18 18:01:29,094 - Knowledge - INFO - Worker kw20 processing /app/data/T0015/307413/b0002up/Hono/services/auth/src/test/java/org/eclipse/hono/service/auth/impl/SimpleAuthenticationServerTest.java
2026-01-18 18:01:29,195 - Knowledge - INFO - Worker kw18 processing /app/data/T0015/307413/b0002up/Hono/adapters/amqp-vertx/src/main/resources/banner.txt
2026-01-18 18:01:29,361 - Knowledge - INFO - Worker kw19 processing /app/data/T0015/307413/b0002up/Hono/adapters/kura/src/main/java/org/eclipse/hono/adapter/kura/impl/KuraAdapterProperties.java
2026-01-18 18:01:29,465 - Knowledge - INFO - process ingested knowledge for /app/data/T0015/307413/b0002up/Hono/cli/src/main/resources/logback-spring.xml
2026-01-18 18:01:29,631 - Knowledge - INFO - process ingested knowledge for /app/data/T0015/307413/b0002up/Hono/adapters/lora-vertx/src/test/resources/payload/objenious.join.json
2026-01-18 18:01:29,812 - Knowledge - INFO - process ingested knowledge for /app/data/T0015/307413/b0002up/Hono/adapters/lora-vertx/src/test/resources/payload/ttn.uplink.json
2026-01-18 18:01:29,933 - Knowledge - INFO - process ingested knowledge for /app/data/T0015/307413/b0002up/Hono/adapters/lora-vertx/pom.xml
2026-01-18 18:01:30,400 - Knowledge - INFO - done ingest for /app/data/T0015/307413/b0002up/Hono/adapters/lora-vertx/src/main/java/org/eclipse/hono/adapter/lora/providers/FireflyProvider.java
2026-01-18 18:01:30,401 - Knowledge - INFO - [LLM_CALL] Completed: CommandAndControlClient.java:chunk1, Duration: 21017ms, PromptTokens: 2574, CompletionTokens: 489, Cost: $0.00045
2026-01-18 18:01:30,502 - Knowledge - INFO - Worker kw13 processing /app/data/T0015/307413/b0002up/Hono/adapters/http-vertx-base/src/main/java/org/eclipse/hono/adapter/http/AbstractVertxBasedHttpProtocolAdapter.java
2026-01-18 18:01:30,642 - Knowledge - INFO - Fast-tracked /app/data/T0015/307413/b0002up/Hono/adapters/coap-vertx/src/test/resources/logback-test.xml (ext=.xml, size=735)
2026-01-18 18:01:30,757 - Knowledge - INFO - Worker kw16 processing /app/data/T0015/307413/b0002up/Hono/adapters/amqp-vertx/src/test/java/org/eclipse/hono/adapter/amqp/impl/VertxBasedAmqpProtocolAdapterTest.java
2026-01-18 18:01:30,877 - Knowledge - INFO - Worker kw17 processing /app/data/T0015/307413/b0002up/Hono/adapters/amqp-vertx/src/main/java/org/eclipse/hono/adapter/amqp/AmqpAdapterProperties.java
2026-01-18 18:01:31,052 - Knowledge - INFO - Fast-tracked /app/data/T0015/307413/b0002up/Hono/services/auth/src/test/java/org/eclipse/hono/service/auth/impl/SimpleAuthenticationServerTest.java (ext=.java, size=4922)
2026-01-18 18:01:31,157 - Knowledge - INFO - Fast-tracked /app/data/T0015/307413/b0002up/Hono/adapters/amqp-vertx/src/main/resources/banner.txt (ext=.txt, size=660)
2026-01-18 18:01:31,330 - Knowledge - INFO - Worker kw19 processing /app/data/T0015/307413/b0002up/Hono/adapters/kura/src/main/resources/banner.txt
2026-01-18 18:01:31,482 - Knowledge - INFO - process ingested knowledge for /app/data/T0015/307413/b0002up/Hono/cli/pom.xml
2026-01-18 18:01:31,618 - Knowledge - INFO - process ingested knowledge for /app/data/T0015/307413/b0002up/Hono/adapters/lora-vertx/src/test/resources/payload/actility.uplink.json
2026-01-18 18:01:31,794 - Knowledge - INFO - process ingested knowledge for /app/data/T0015/307413/b0002up/Hono/adapters/lora-vertx/src/test/resources/logback-test.xml
2026-01-18 18:01:31,963 - Knowledge - INFO - process ingested knowledge for /app/data/T0015/307413/b0002up/Hono/adapters/mqtt-vertx-base/src/test/java/org/eclipse/hono/adapter/mqtt/CommandSubscriptionTest.java
2026-01-18 18:01:32,195 - Knowledge - INFO - done ingest for /app/data/T0015/307413/b0002up/Hono/cli/src/main/java/org/eclipse/hono/cli/adapter/CommandAndControlClient.java
2026-01-18 18:01:32,287 - Knowledge - INFO - [LLM_CALL] Completed: LoraUtils.java:chunk1, Duration: 14876ms, PromptTokens: 3448, CompletionTokens: 628, Cost: $0.00060
2026-01-18 18:01:32,368 - Knowledge - INFO - Fast-tracked /app/data/T0015/307413/b0002up/Hono/adapters/http-vertx-base/src/main/java/org/eclipse/hono/adapter/http/HttpProtocolAdapterProperties.java (small file (2023 bytes))
2026-01-18 18:01:32,445 - Knowledge - INFO - Worker kw15 processing /app/data/T0015/307413/b0002up/Hono/adapters/coap-vertx/src/main/java/org/eclipse/hono/adapter/coap/impl/Application.java
2026-01-18 18:01:32,699 - Knowledge - INFO - Fast-tracked /app/data/T0015/307413/b0002up/Hono/adapters/amqp-vertx/src/test/java/org/eclipse/hono/adapter/amqp/impl/VertxBasedAmqpProtocolAdapterTest.java (ext=.java, size=55243)
2026-01-18 18:01:32,969 - Knowledge - INFO - Worker kw20 processing /app/data/T0015/307413/b0002up/Hono/services/auth/src/test/resources/authentication-service-test-permissions.json
2026-01-18 18:01:33,071 - Knowledge - INFO - Worker kw18 processing /app/data/T0015/307413/b0002up/Hono/adapters/amqp-vertx/src/main/resources/logback-spring.xml
2026-01-18 18:01:33,158 - Knowledge - INFO - Fast-tracked /app/data/T0015/307413/b0002up/Hono/adapters/kura/src/main/resources/banner.txt (ext=.txt, size=655)
2026-01-18 18:01:33,242 - Knowledge - INFO - process ingested knowledge for /app/data/T0015/307413/b0002up/Hono/adapters/lora-vertx/src/test/java/org/eclipse/hono/adapter/lora/impl/LoraProtocolAdapterTest.java
2026-01-18 18:01:33,477 - Knowledge - INFO - process ingested knowledge for /app/data/T0015/307413/b0002up/Hono/adapters/lora-vertx/src/main/java/org/eclipse/hono/adapter/lora/impl/Application.java
2026-01-18 18:01:33,586 - Knowledge - INFO - process ingested knowledge for /app/data/T0015/307413/b0002up/Hono/adapters/mqtt-vertx-base/src/test/java/org/eclipse/hono/adapter/mqtt/CommandSubscriptionLegacyEndpointTest.java
2026-01-18 18:01:33,886 - Knowledge - INFO - done ingest for /app/data/T0015/307413/b0002up/Hono/adapters/lora-vertx/src/main/java/org/eclipse/hono/adapter/lora/providers/LoraUtils.java
2026-01-18 18:01:33,893 - Knowledge - INFO - [LLM_CALL] Completed: ConnectPacketAuthHandler.java:chunk1, Duration: 10364ms, PromptTokens: 2346, CompletionTokens: 399, Cost: $0.00039
2026-01-18 18:01:34,143 - Knowledge - INFO - Fast-tracked /app/data/T0015/307413/b0002up/Hono/adapters/coap-vertx/src/main/java/org/eclipse/hono/adapter/coap/impl/Application.java (ext=.java, size=1250)
2026-01-18 18:01:34,249 - Knowledge - INFO - Worker kw16 processing /app/data/T0015/307413/b0002up/Hono/adapters/amqp-vertx/src/test/java/org/eclipse/hono/adapter/amqp/AmqpAdapterSaslAuthenticatorFactoryTest.java
2026-01-18 18:01:34,375 - Knowledge - INFO - Fast-tracked /app/data/T0015/307413/b0002up/Hono/services/auth/src/test/resources/authentication-service-test-permissions.json (ext=.json, size=1753)
2026-01-18 18:01:34,502 - Knowledge - INFO - Fast-tracked /app/data/T0015/307413/b0002up/Hono/adapters/amqp-vertx/src/main/resources/logback-spring.xml (ext=.xml, size=1943)
2026-01-18 18:01:34,589 - Knowledge - INFO - Worker kw19 processing /app/data/T0015/307413/b0002up/Hono/adapters/kura/src/main/resources/logback-spring.xml
2026-01-18 18:01:34,762 - Knowledge - INFO - process ingested knowledge for /app/data/T0015/307413/b0002up/Hono/adapters/lora-vertx/src/test/java/org/eclipse/hono/adapter/lora/providers/LoraTestUtil.java
2026-01-18 18:01:35,247 - Knowledge - INFO - done ingest for /app/data/T0015/307413/b0002up/Hono/adapters/mqtt-vertx-base/src/main/java/org/eclipse/hono/adapter/mqtt/ConnectPacketAuthHandler.java
2026-01-18 18:01:35,255 - Knowledge - INFO - [LLM_CALL] Completed: Config.java:chunk1, Duration: 2984ms, PromptTokens: 2702, CompletionTokens: 760, Cost: $0.00057
2026-01-18 18:01:35,500 - Knowledge - INFO - Fast-tracked /app/data/T0015/307413/b0002up/Hono/adapters/amqp-vertx/src/test/java/org/eclipse/hono/adapter/amqp/AmqpAdapterSaslAuthenticatorFactoryTest.java (ext=.java, size=8437)
2026-01-18 18:01:35,592 - Knowledge - INFO - Worker kw20 processing /app/data/T0015/307413/b0002up/Hono/services/auth/src/test/resources/logback-test.xml
2026-01-18 18:01:35,702 - Knowledge - INFO - process ingested knowledge for /app/data/T0015/307413/b0002up/Hono/adapters/mqtt-vertx-base/src/test/java/org/eclipse/hono/adapter/mqtt/X509AuthHandlerTest.java
2026-01-18 18:01:35,715 - Knowledge - INFO - Worker kw18 processing /app/data/T0015/307413/b0002up/Hono/adapters/amqp-vertx/pom.xml
2026-01-18 18:01:35,868 - Knowledge - INFO - Fast-tracked /app/data/T0015/307413/b0002up/Hono/adapters/kura/src/main/resources/logback-spring.xml (ext=.xml, size=1849)
2026-01-18 18:01:36,314 - Knowledge - INFO - done ingest for /app/data/T0015/307413/b0002up/Hono/adapters/lora-vertx/src/main/java/org/eclipse/hono/adapter/lora/impl/Config.java
2026-01-18 18:01:36,322 - Knowledge - INFO - [LLM_CALL] Completed: Receiver.java:chunk1, Duration: 28523ms, PromptTokens: 2636, CompletionTokens: 576, Cost: $0.00049
2026-01-18 18:01:36,374 - Knowledge - INFO - Fast-tracked /app/data/T0015/307413/b0002up/Hono/adapters/mqtt-vertx-base/src/main/java/org/eclipse/hono/adapter/mqtt/PropertyBag.java (small file (2678 bytes))
2026-01-18 18:01:36,396 - Knowledge - INFO - process ingested knowledge for /app/data/T0015/307413/b0002up/Hono/adapters/lora-vertx/src/test/java/org/eclipse/hono/adapter/lora/providers/FireflyProviderTest.java
2026-01-18 18:01:36,792 - Knowledge - INFO - Fast-tracked /app/data/T0015/307413/b0002up/Hono/services/auth/src/test/resources/logback-test.xml (ext=.xml, size=1364)
2026-01-18 18:01:36,991 - Knowledge - INFO - Fast-tracked /app/data/T0015/307413/b0002up/Hono/adapters/coap-vertx-base/src/main/java/org/eclipse/hono/adapter/coap/CoapContext.java (small file (2748 bytes))
2026-01-18 18:01:37,047 - Knowledge - INFO - Fast-tracked /app/data/T0015/307413/b0002up/Hono/adapters/amqp-vertx/pom.xml (ext=.xml, size=4097)
2026-01-18 18:01:37,154 - Knowledge - INFO - Worker kw19 processing /app/data/T0015/307413/b0002up/Hono/adapters/kura/pom.xml
2026-01-18 18:01:37,161 - Knowledge - INFO - process ingested knowledge for /app/data/T0015/307413/b0002up/Hono/adapters/mqtt-vertx-base/src/test/java/org/eclipse/hono/adapter/mqtt/AbstractVertxBasedMqttProtocolAdapterTest.java
2026-01-18 18:01:37,401 - Knowledge - INFO - done ingest for /app/data/T0015/307413/b0002up/Hono/cli/src/main/java/org/eclipse/hono/cli/app/Receiver.java
2026-01-18 18:01:37,439 - Knowledge - INFO - [LLM_CALL] Completed: LoraProvider.java:chunk1, Duration: 26965ms, PromptTokens: 2698, CompletionTokens: 595, Cost: $0.00051
2026-01-18 18:01:37,766 - Knowledge - INFO - Worker kw20 processing /app/data/T0015/307413/b0002up/Hono/services/auth/src/main/java/org/eclipse/hono/service/auth/impl/FileBasedAuthenticationService.java
2026-01-18 18:01:37,853 - Knowledge - INFO - process ingested knowledge for /app/data/T0015/307413/b0002up/Hono/adapters/lora-vertx/src/test/java/org/eclipse/hono/adapter/lora/providers/ThingsNetworkProviderTest.java
2026-01-18 18:01:38,044 - Knowledge - INFO - Worker kw18 processing /app/data/T0015/307413/b0002up/Hono/adapters/kura/src/test/java/org/eclipse/hono/adapter/kura/impl/KuraProtocolAdapterTest.java
2026-01-18 18:01:38,188 - Knowledge - INFO - Fast-tracked /app/data/T0015/307413/b0002up/Hono/adapters/kura/pom.xml (ext=.xml, size=4545)
2026-01-18 18:01:38,359 - Knowledge - INFO - process ingested knowledge for /app/data/T0015/307413/b0002up/Hono/adapters/mqtt-vertx-base/src/test/java/org/eclipse/hono/adapter/mqtt/AbstractVertxBasedMqttProtocolAdapterLegacyEndpointTest.java
2026-01-18 18:01:38,484 - Knowledge - INFO - done ingest for /app/data/T0015/307413/b0002up/Hono/adapters/lora-vertx/src/main/java/org/eclipse/hono/adapter/lora/providers/LoraProvider.java
2026-01-18 18:01:38,502 - Knowledge - INFO - [LLM_CALL] Completed: MqttContextTenantAndAuthIdProvider.java:chunk1, Duration: 17761ms, PromptTokens: 2248, CompletionTokens: 530, Cost: $0.00044
2026-01-18 18:01:38,589 - Knowledge - INFO - Worker kw20 processing /app/data/T0015/307413/b0002up/Hono/services/auth/src/main/java/org/eclipse/hono/service/auth/impl/Application.java
2026-01-18 18:01:38,804 - Knowledge - INFO - Fast-tracked /app/data/T0015/307413/b0002up/Hono/adapters/kura/src/test/java/org/eclipse/hono/adapter/kura/impl/KuraProtocolAdapterTest.java (ext=.java, size=9562)
2026-01-18 18:01:38,826 - Knowledge - INFO - process ingested knowledge for /app/data/T0015/307413/b0002up/Hono/adapters/lora-vertx/src/test/java/org/eclipse/hono/adapter/lora/providers/ProximusProviderTest.java
2026-01-18 18:01:39,321 - Knowledge - INFO - done ingest for /app/data/T0015/307413/b0002up/Hono/adapters/mqtt-vertx-base/src/main/java/org/eclipse/hono/adapter/mqtt/MqttContextTenantAndAuthIdProvider.java
2026-01-18 18:01:39,389 - Knowledge - INFO - [LLM_CALL] Completed: VertxBasedMqttProtocolAdapter.java:chunk1, Duration: 8989ms, PromptTokens: 2376, CompletionTokens: 541, Cost: $0.00045
2026-01-18 18:01:39,498 - Knowledge - INFO - Worker kw20 processing /app/data/T0015/307413/b0002up/Hono/services/auth/src/main/java/org/eclipse/hono/service/auth/impl/AuthenticationServerConfigProperties.java
2026-01-18 18:01:39,942 - Knowledge - INFO - done ingest for /app/data/T0015/307413/b0002up/Hono/adapters/mqtt-vertx/src/main/java/org/eclipse/hono/adapter/mqtt/impl/VertxBasedMqttProtocolAdapter.java
2026-01-18 18:01:40,019 - Knowledge - INFO - [LLM_CALL] Completed: Commander.java:chunk1, Duration: 33068ms, PromptTokens: 3344, CompletionTokens: 740, Cost: $0.00063
2026-01-18 18:01:40,428 - Knowledge - INFO - done ingest for /app/data/T0015/307413/b0002up/Hono/cli/src/main/java/org/eclipse/hono/cli/app/Commander.java
2026-01-18 18:01:40,449 - Knowledge - INFO - Processing batch of 8 files
2026-01-18 18:01:40,518 - Knowledge - INFO - [LLM_CALL] Completed: LoraProtocolAdapter.java:chunk1, Duration: 28086ms, PromptTokens: 6142, CompletionTokens: 1184, Cost: $0.00109
2026-01-18 18:01:40,938 - Knowledge - INFO - process ingested knowledge for /app/data/T0015/307413/b0002up/Hono/adapters/lora-vertx/src/main/java/org/eclipse/hono/adapter/lora/providers/LoraProvider.java
2026-01-18 18:01:41,039 - Knowledge - INFO - [kw4] Queue=846, InProgress=0, PendingWorkers=20/20, Completed=42/1010 (4.2%)
2026-01-18 18:01:41,133 - Knowledge - INFO - done ingest for /app/data/T0015/307413/b0002up/Hono/adapters/lora-vertx/src/main/java/org/eclipse/hono/adapter/lora/impl/LoraProtocolAdapter.java
2026-01-18 18:01:41,238 - Knowledge - INFO - [WEBSOCKET] Sent: Type=progress_update, Size: 292, Duration: 0ms
2026-01-18 18:01:41,451 - Knowledge - INFO - Batch sizing: calculated=8, max_allowed=10, queue=846, active_workers=20/20
2026-01-18 18:01:41,705 - Knowledge - INFO - process ingested knowledge for /app/data/T0015/307413/b0002up/Hono/adapters/lora-vertx/src/main/java/org/eclipse/hono/adapter/lora/providers/LoraProviderMalformedPayloadException.java
2026-01-18 18:01:41,719 - Knowledge - INFO - [LLM_CALL] Completed: CommandSubscription.java:chunk1, Duration: 24905ms, PromptTokens: 4586, CompletionTokens: 618, Cost: $0.00071
2026-01-18 18:01:42,006 - Knowledge - INFO - process ingested knowledge for /app/data/T0015/307413/b0002up/Hono/adapters/lora-vertx/src/main/java/org/eclipse/hono/adapter/lora/providers/ObjeniousProvider.java
2026-01-18 18:01:42,018 - Knowledge - INFO - done ingest for /app/data/T0015/307413/b0002up/Hono/adapters/mqtt-vertx-base/src/main/java/org/eclipse/hono/adapter/mqtt/CommandSubscription.java
2026-01-18 18:01:42,018 - Knowledge - INFO - [WEBSOCKET] Sent: Type=unknown, Size: ?, Duration: 780ms
2026-01-18 18:01:42,365 - Knowledge - INFO - process ingested knowledge for /app/data/T0015/307413/b0002up/Hono/adapters/lora-vertx/src/main/java/org/eclipse/hono/adapter/lora/providers/EverynetProvider.java
2026-01-18 18:01:42,415 - Knowledge - INFO - Progress: 4.2% | Files: 60/1010 | Rate: 1.02 files/sec | Queue: 838
2026-01-18 18:01:42,422 - Knowledge - INFO - [LLM_CALL] Completed: Config.java:chunk1, Duration: 2436ms, PromptTokens: 2942, CompletionTokens: 765, Cost: $0.00060
2026-01-18 18:01:42,807 - Knowledge - INFO - process ingested knowledge for /app/data/T0015/307413/b0002up/Hono/adapters/lora-vertx/src/main/java/org/eclipse/hono/adapter/lora/providers/KerlinkProvider.java
2026-01-18 18:01:42,808 - Knowledge - INFO - [kw3] Queue=838, InProgress=0, PendingWorkers=20/20, Completed=68/1010 (6.7%)
2026-01-18 18:01:42,822 - Knowledge - INFO - done ingest for /app/data/T0015/307413/b0002up/Hono/adapters/mqtt-vertx/src/main/java/org/eclipse/hono/adapter/mqtt/impl/Config.java
2026-01-18 18:01:42,823 - Knowledge - INFO - Async storing batch of 8 embeddings
2026-01-18 18:01:42,823 - Knowledge - INFO - Processing batch of 10 files
2026-01-18 18:01:42,823 - Knowledge - INFO - Processing batch of 8 files
2026-01-18 18:01:42,823 - Knowledge - INFO - Processing batch of 8 files
2026-01-18 18:01:42,823 - Knowledge - INFO - [kw7] Queue=838, InProgress=0, PendingWorkers=20/20, Completed=68/1010 (6.7%)
2026-01-18 18:01:42,965 - Knowledge - INFO - process ingested knowledge for /app/data/T0015/307413/b0002up/Hono/adapters/lora-vertx/src/main/java/org/eclipse/hono/adapter/lora/providers/LoraUtils.java
2026-01-18 18:01:43,075 - Knowledge - INFO - Batch sizing: calculated=8, max_allowed=10, queue=838, active_workers=20/20
2026-01-18 18:01:43,101 - Knowledge - INFO - [WEBSOCKET] Sent: Type=progress_update, Size: 293, Duration: 0ms
2026-01-18 18:01:43,328 - Knowledge - INFO - Worker kw4 processing /app/data/T0015/307413/b0002up/Hono/services/auth/src/main/java/org/eclipse/hono/service/auth/impl/ApplicationConfig.java
2026-01-18 18:01:43,438 - Knowledge - INFO - process ingested knowledge for /app/data/T0015/307413/b0002up/Hono/cli/src/test/java/org/eclipse/hono/cli/app/ReceiverTest.java
2026-01-18 18:01:43,513 - Knowledge - INFO - process ingested knowledge for /app/data/T0015/307413/b0002up/Hono/adapters/lora-vertx/src/main/java/org/eclipse/hono/adapter/lora/impl/Config.java
2026-01-18 18:01:43,612 - Knowledge - INFO - process ingested knowledge for /app/data/T0015/307413/b0002up/Hono/adapters/mqtt-vertx-base/src/test/java/org/eclipse/hono/adapter/mqtt/MqttContextTest.java
2026-01-18 18:01:43,813 - Knowledge - INFO - Batch sizing: calculated=8, max_allowed=10, queue=838, active_workers=20/20
2026-01-18 18:01:43,983 - Knowledge - INFO - process ingested knowledge for /app/data/T0015/307413/b0002up/Hono/adapters/lora-vertx/src/main/java/org/eclipse/hono/adapter/lora/LoraMessageType.java
2026-01-18 18:01:44,261 - Knowledge - INFO - Processing batch of 8 files
2026-01-18 18:01:44,262 - Knowledge - INFO - Async storing batch of 8 embeddings
2026-01-18 18:01:44,263 - Knowledge - INFO - [WEBSOCKET] Sent: Type=unknown, Size: ?, Duration: 1162ms
2026-01-18 18:01:44,360 - Knowledge - INFO - Worker kw4 processing /app/data/T0015/307413/b0002up/Hono/services/auth/src/main/java/org/eclipse/hono/service/auth/impl/AuthenticationEndpoint.java
2026-01-18 18:01:44,456 - Knowledge - INFO - process ingested knowledge for /app/data/T0015/307413/b0002up/Hono/cli/src/test/resources/logback-test.xml
2026-01-18 18:01:44,661 - Knowledge - INFO - process ingested knowledge for /app/data/T0015/307413/b0002up/Hono/adapters/lora-vertx/src/main/java/org/eclipse/hono/adapter/lora/impl/LoraProtocolAdapter.java
2026-01-18 18:01:44,810 - Knowledge - INFO - process ingested knowledge for /app/data/T0015/307413/b0002up/Hono/adapters/mqtt-vertx-base/src/test/java/org/eclipse/hono/adapter/mqtt/PropertyBagTest.java
2026-01-18 18:01:45,347 - Knowledge - INFO - process ingested knowledge for /app/data/T0015/307413/b0002up/Hono/adapters/lora-vertx/src/main/java/org/eclipse/hono/adapter/lora/LoraConstants.java
2026-01-18 18:01:45,519 - Knowledge - INFO - process ingested knowledge for /app/data/T0015/307413/b0002up/Hono/adapters/mqtt-vertx/src/test/resources/logback-test.xml
2026-01-18 18:01:45,745 - Knowledge - INFO - Worker kw3 processing /app/data/T0015/307413/b0002up/Hono/services/device-registry/src/test/java/org/eclipse/hono/deviceregistry/DeviceRegistryTestUtils.java
2026-01-18 18:01:45,911 - Knowledge - INFO - Progress: 6.7% | Files: 76/1010 | Rate: 1.23 files/sec | Queue: 822
2026-01-18 18:01:45,912 - Knowledge - INFO - Async storing batch of 8 embeddings
2026-01-18 18:01:46,093 - Knowledge - INFO - Worker kw4 processing /app/data/T0015/307413/b0002up/Hono/services/auth/src/main/java/org/eclipse/hono/service/auth/impl/SimpleAuthenticationServer.java
2026-01-18 18:01:46,175 - Knowledge - INFO - process ingested knowledge for /app/data/T0015/307413/b0002up/Hono/cli/src/main/java/org/eclipse/hono/cli/Application.java
2026-01-18 18:01:46,308 - Knowledge - INFO - process ingested knowledge for /app/data/T0015/307413/b0002up/Hono/adapters/lora-vertx/src/main/java/org/eclipse/hono/adapter/lora/LoraProtocolAdapterProperties.java
2026-01-18 18:01:46,419 - Knowledge - INFO - process ingested knowledge for /app/data/T0015/307413/b0002up/Hono/adapters/mqtt-vertx-base/src/test/resources/logback-test.xml
2026-01-18 18:01:46,787 - Knowledge - INFO - [LLM_CALL] Completed: MqttContext.java:chunk1, Duration: 14523ms, PromptTokens: 4098, CompletionTokens: 918, Cost: $0.00078
2026-01-18 18:01:46,950 - Knowledge - INFO - Fast-tracked /app/data/T0015/307413/b0002up/Hono/services/device-registry/src/test/java/org/eclipse/hono/deviceregistry/DeviceRegistryTestUtils.java (ext=.java, size=1441)
2026-01-18 18:01:46,973 - Knowledge - INFO - process ingested knowledge for /app/data/T0015/307413/b0002up/Hono/adapters/mqtt-vertx/src/main/java/org/eclipse/hono/adapter/mqtt/impl/Application.java
2026-01-18 18:01:47,026 - Knowledge - INFO - [kw2] Queue=822, InProgress=0, PendingWorkers=20/20, Completed=76/1010 (7.5%)
2026-01-18 18:01:47,196 - Knowledge - INFO - Worker kw7 processing /app/data/T0015/307413/b0002up/Hono/services/device-registry/src/main/java/org/eclipse/hono/deviceregistry/AutowiredRegistrationAdapter.java
2026-01-18 18:01:47,382 - Knowledge - INFO - Worker kw4 processing /app/data/T0015/307413/b0002up/Hono/services/auth/src/main/resources/permissions.json
2026-01-18 18:01:47,707 - Knowledge - INFO - process ingested knowledge for /app/data/T0015/307413/b0002up/Hono/cli/src/main/java/org/eclipse/hono/cli/app/Commander.java
2026-01-18 18:01:47,740 - Knowledge - INFO - process ingested knowledge for /app/data/T0015/307413/b0002up/Hono/adapters/lora-vertx/src/main/java/org/eclipse/hono/adapter/lora/providers/FireflyProvider.java
2026-01-18 18:01:47,751 - Knowledge - INFO - done ingest for /app/data/T0015/307413/b0002up/Hono/adapters/mqtt-vertx-base/src/main/java/org/eclipse/hono/adapter/mqtt/MqttContext.java
2026-01-18 18:01:47,751 - Knowledge - INFO - process ingested knowledge for /app/data/T0015/307413/b0002up/Hono/adapters/mqtt-vertx-base/src/main/java/org/eclipse/hono/adapter/mqtt/MicrometerBasedMqttAdapterMetrics.java
2026-01-18 18:01:47,914 - Knowledge - INFO - Worker kw3 processing /app/data/T0015/307413/b0002up/Hono/services/device-registry/src/test/java/org/eclipse/hono/deviceregistry/MapBasedDeviceConnectionServiceTest.java
2026-01-18 18:01:48,152 - Knowledge - INFO - Batch sizing: calculated=8, max_allowed=10, queue=822, active_workers=20/20
2026-01-18 18:01:48,154 - Knowledge - INFO - process ingested knowledge for /app/data/T0015/307413/b0002up/Hono/adapters/mqtt-vertx/src/main/java/org/eclipse/hono/adapter/mqtt/impl/Config.java
2026-01-18 18:01:48,286 - Knowledge - INFO - Fast-tracked /app/data/T0015/307413/b0002up/Hono/services/device-registry/src/main/java/org/eclipse/hono/deviceregistry/AutowiredRegistrationAdapter.java (ext=.java, size=1644)
2026-01-18 18:01:48,486 - Knowledge - INFO - Fast-tracked /app/data/T0015/307413/b0002up/Hono/services/auth/src/main/resources/permissions.json (ext=.json, size=2103)
2026-01-18 18:01:48,654 - Knowledge - INFO - process ingested knowledge for /app/data/T0015/307413/b0002up/Hono/adapters/lora-vertx/src/main/java/org/eclipse/hono/adapter/lora/providers/ProximusProvider.java
2026-01-18 18:01:48,668 - Knowledge - INFO - process ingested knowledge for /app/data/T0015/307413/b0002up/Hono/cli/src/main/java/org/eclipse/hono/cli/app/Receiver.java
2026-01-18 18:01:49,049 - Knowledge - INFO - Fast-tracked /app/data/T0015/307413/b0002up/Hono/services/device-registry/src/test/java/org/eclipse/hono/deviceregistry/MapBasedDeviceConnectionServiceTest.java (ext=.java, size=5860)
2026-01-18 18:01:49,183 - Knowledge - INFO - process ingested knowledge for /app/data/T0015/307413/b0002up/Hono/adapters/mqtt-vertx-base/src/main/java/org/eclipse/hono/adapter/mqtt/CommandSubscription.java
2026-01-18 18:01:49,195 - Knowledge - INFO - Async storing batch of 10 embeddings
2026-01-18 18:01:49,487 - Knowledge - INFO - Worker kw7 processing /app/data/T0015/307413/b0002up/Hono/services/device-registry/src/main/java/org/eclipse/hono/deviceregistry/AutowiredCredentialsManagementAdapter.java
2026-01-18 18:01:49,632 - Knowledge - INFO - Worker kw4 processing /app/data/T0015/307413/b0002up/Hono/services/auth/src/main/resources/banner.txt
2026-01-18 18:01:49,652 - Knowledge - INFO - process ingested knowledge for /app/data/T0015/307413/b0002up/Hono/adapters/mqtt-vertx/src/main/java/org/eclipse/hono/adapter/mqtt/impl/VertxBasedMqttProtocolAdapter.java
2026-01-18 18:01:49,737 - Knowledge - INFO - process ingested knowledge for /app/data/T0015/307413/b0002up/Hono/adapters/lora-vertx/src/main/java/org/eclipse/hono/adapter/lora/providers/ThingsNetworkProvider.java
2026-01-18 18:01:50,000 - Knowledge - INFO - Worker kw3 processing /app/data/T0015/307413/b0002up/Hono/services/device-registry/src/test/java/org/eclipse/hono/deviceregistry/FileBasedCredentialsServiceTest.java
2026-01-18 18:01:50,118 - Knowledge - INFO - process ingested knowledge for /app/data/T0015/307413/b0002up/Hono/cli/src/main/java/org/eclipse/hono/cli/app/AbstractApplicationClient.java
2026-01-18 18:01:50,131 - Knowledge - INFO - [LLM_CALL] Completed: CommandHandler.java:chunk1, Duration: 23263ms, PromptTokens: 5160, CompletionTokens: 694, Cost: $0.00079
2026-01-18 18:01:50,197 - Knowledge - INFO - process ingested knowledge for /app/data/T0015/307413/b0002up/Hono/adapters/mqtt-vertx-base/src/main/java/org/eclipse/hono/adapter/mqtt/MqttContextTenantAndAuthIdProvider.java
2026-01-18 18:01:50,590 - Knowledge - INFO - Worker kw2 processing /app/data/T0015/307413/b0002up/Hono/services/device-registry/src/main/java/org/eclipse/hono/deviceregistry/ApplicationConfig.java
2026-01-18 18:01:50,718 - Knowledge - INFO - Fast-tracked /app/data/T0015/307413/b0002up/Hono/services/device-registry/src/main/java/org/eclipse/hono/deviceregistry/AutowiredCredentialsManagementAdapter.java (ext=.java, size=1788)
2026-01-18 18:01:50,858 - Knowledge - INFO - Fast-tracked /app/data/T0015/307413/b0002up/Hono/services/auth/src/main/resources/banner.txt (ext=.txt, size=660)
2026-01-18 18:01:50,970 - Knowledge - INFO - process ingested knowledge for /app/data/T0015/307413/b0002up/Hono/adapters/mqtt-vertx/src/main/resources/banner.txt
2026-01-18 18:01:51,152 - Knowledge - INFO - process ingested knowledge for /app/data/T0015/307413/b0002up/Hono/adapters/lora-vertx/src/main/java/org/eclipse/hono/adapter/lora/providers/LoraProviderDownlinkException.java
2026-01-18 18:01:51,301 - Knowledge - INFO - Fast-tracked /app/data/T0015/307413/b0002up/Hono/services/device-registry/src/test/java/org/eclipse/hono/deviceregistry/FileBasedCredentialsServiceTest.java (ext=.java, size=22064)
2026-01-18 18:01:51,395 - Knowledge - INFO - process ingested knowledge for /app/data/T0015/307413/b0002up/Hono/cli/src/main/java/org/eclipse/hono/cli/adapter/TelemetryAndEventCli.java
2026-01-18 18:01:51,537 - Knowledge - INFO - done ingest for /app/data/T0015/307413/b0002up/Hono/adapters/mqtt-vertx-base/src/main/java/org/eclipse/hono/adapter/mqtt/CommandHandler.java
2026-01-18 18:01:51,538 - Knowledge - INFO - [kw6] Queue=814, InProgress=0, PendingWorkers=20/20, Completed=76/1010 (7.5%)
2026-01-18 18:01:51,660 - Knowledge - INFO - process ingested knowledge for /app/data/T0015/307413/b0002up/Hono/adapters/mqtt-vertx-base/src/main/java/org/eclipse/hono/adapter/mqtt/ConnectPacketAuthHandler.java
2026-01-18 18:01:51,798 - Knowledge - INFO - Worker kw2 processing /app/data/T0015/307413/b0002up/Hono/services/device-registry/src/main/java/org/eclipse/hono/deviceregistry/DeviceRegistryRestServer.java
2026-01-18 18:01:51,894 - Knowledge - INFO - Worker kw7 processing /app/data/T0015/307413/b0002up/Hono/services/device-registry/src/main/java/org/eclipse/hono/deviceregistry/FileBasedCredentialsConfigProperties.java
2026-01-18 18:01:52,009 - Knowledge - INFO - Worker kw4 processing /app/data/T0015/307413/b0002up/Hono/services/auth/src/main/resources/logback-spring.xml
2026-01-18 18:01:52,130 - Knowledge - INFO - process ingested knowledge for /app/data/T0015/307413/b0002up/Hono/adapters/mqtt-vertx/src/main/resources/logback-spring.xml
2026-01-18 18:01:52,193 - Knowledge - INFO - Fast-tracked /app/data/T0015/307413/b0002up/Hono/services/auth/src/main/java/org/eclipse/hono/service/auth/impl/Application.java (small file (2993 bytes))
2026-01-18 18:01:52,263 - Knowledge - INFO - process ingested knowledge for /app/data/T0015/307413/b0002up/Hono/adapters/lora-vertx/src/main/java/org/eclipse/hono/adapter/lora/providers/ActilityProvider.java
2026-01-18 18:01:52,370 - Knowledge - INFO - Worker kw3 processing /app/data/T0015/307413/b0002up/Hono/services/device-registry/src/test/java/org/eclipse/hono/deviceregistry/FileBasedRegistrationServiceTest.java
2026-01-18 18:01:52,491 - Knowledge - INFO - process ingested knowledge for /app/data/T0015/307413/b0002up/Hono/cli/src/main/java/org/eclipse/hono/cli/adapter/CommandAndControlClient.java
2026-01-18 18:01:52,708 - Knowledge - INFO - Batch sizing: calculated=8, max_allowed=10, queue=814, active_workers=20/20
2026-01-18 18:01:52,889 - Knowledge - INFO - process ingested knowledge for /app/data/T0015/307413/b0002up/Hono/adapters/mqtt-vertx-base/src/main/java/org/eclipse/hono/adapter/mqtt/X509AuthHandler.java
2026-01-18 18:01:53,102 - Knowledge - INFO - Fast-tracked /app/data/T0015/307413/b0002up/Hono/services/device-registry/src/main/java/org/eclipse/hono/deviceregistry/DeviceRegistryRestServer.java (ext=.java, size=943)
2026-01-18 18:01:53,332 - Knowledge - INFO - Worker kw7 processing /app/data/T0015/307413/b0002up/Hono/services/device-registry/src/main/java/org/eclipse/hono/deviceregistry/DummyRegistrationService.java
2026-01-18 18:01:53,550 - Knowledge - INFO - Fast-tracked /app/data/T0015/307413/b0002up/Hono/services/auth/src/main/resources/logback-spring.xml (ext=.xml, size=1484)
2026-01-18 18:01:53,739 - Knowledge - INFO - process ingested knowledge for /app/data/T0015/307413/b0002up/Hono/adapters/mqtt-vertx/readme.md
2026-01-18 18:01:53,974 - Knowledge - INFO - Fast-tracked /app/data/T0015/307413/b0002up/Hono/services/auth/src/main/java/org/eclipse/hono/service/auth/impl/AuthenticationServerConfigProperties.java (small file (2556 bytes))
2026-01-18 18:01:54,230 - Knowledge - INFO - Fast-tracked /app/data/T0015/307413/b0002up/Hono/services/device-registry/src/test/java/org/eclipse/hono/deviceregistry/FileBasedRegistrationServiceTest.java (ext=.java, size=21950)
2026-01-18 18:01:54,323 - Knowledge - INFO - [LLM_CALL] Completed: SigfoxProtocolAdapter.java:chunk1, Duration: 16894ms, PromptTokens: 5556, CompletionTokens: 1143, Cost: $0.00101
2026-01-18 18:01:54,364 - Knowledge - INFO - process ingested knowledge for /app/data/T0015/307413/b0002up/Hono/cli/src/main/java/org/eclipse/hono/cli/adapter/AmqpCliClient.java
2026-01-18 18:01:54,785 - Knowledge - INFO - Worker kw2 processing /app/data/T0015/307413/b0002up/Hono/services/device-registry/src/main/java/org/eclipse/hono/deviceregistry/MapBasedDeviceConnectionService.java
2026-01-18 18:01:54,943 - Knowledge - INFO - Worker kw7 processing /app/data/T0015/307413/b0002up/Hono/services/device-registry/src/main/java/org/eclipse/hono/deviceregistry/Application.java
2026-01-18 18:01:55,093 - Knowledge - INFO - Worker kw4 processing /app/data/T0015/307413/b0002up/Hono/services/auth/pom.xml
2026-01-18 18:01:55,555 - Knowledge - INFO - Worker kw3 processing /app/data/T0015/307413/b0002up/Hono/services/device-registry/src/test/resources/credentials.json
2026-01-18 18:01:55,662 - Knowledge - INFO - done ingest for /app/data/T0015/307413/b0002up/Hono/adapters/sigfox-vertx/src/main/java/org/eclipse/hono/adapter/sigfox/impl/SigfoxProtocolAdapter.java
2026-01-18 18:01:55,692 - Knowledge - INFO - Async storing batch of 8 embeddings
2026-01-18 18:01:55,995 - Knowledge - INFO - Worker kw2 processing /app/data/T0015/307413/b0002up/Hono/services/device-registry/src/main/java/org/eclipse/hono/deviceregistry/FileBasedCredentialsService.java
2026-01-18 18:01:55,997 - Knowledge - INFO - process ingested knowledge for /app/data/T0015/307413/b0002up/Hono/adapters/mqtt-vertx/pom.xml
2026-01-18 18:01:56,122 - Knowledge - INFO - Worker kw7 processing /app/data/T0015/307413/b0002up/Hono/services/device-registry/src/main/java/org/eclipse/hono/deviceregistry/AutowiredTenantManagementAdapter.java
2026-01-18 18:01:56,274 - Knowledge - INFO - Fast-tracked /app/data/T0015/307413/b0002up/Hono/services/auth/pom.xml (ext=.xml, size=4267)
2026-01-18 18:01:56,412 - Knowledge - INFO - Fast-tracked /app/data/T0015/307413/b0002up/Hono/services/device-registry/src/test/resources/credentials.json (ext=.json, size=2476)
2026-01-18 18:01:56,593 - Knowledge - INFO - process ingested knowledge for /app/data/T0015/307413/b0002up/Hono/cli/src/main/java/org/eclipse/hono/cli/AppConfiguration.java
2026-01-18 18:01:56,654 - Knowledge - INFO - Worker kw6 processing /app/data/T0015/307413/b0002up/Hono/services/device-registry/src/main/java/org/eclipse/hono/deviceregistry/AutowiredCredentialsAdapter.java
2026-01-18 18:01:56,904 - Knowledge - INFO - Worker kw2 processing /app/data/T0015/307413/b0002up/Hono/services/device-registry/src/main/java/org/eclipse/hono/deviceregistry/FileBasedTenantBackend.java
2026-01-18 18:01:57,114 - Knowledge - INFO - Fast-tracked /app/data/T0015/307413/b0002up/Hono/services/device-registry/src/main/java/org/eclipse/hono/deviceregistry/AutowiredTenantManagementAdapter.java (ext=.java, size=1732)
2026-01-18 18:01:57,368 - Knowledge - INFO - Worker kw4 processing /app/data/T0015/307413/b0002up/Hono/services/device-registry/src/test/java/org/eclipse/hono/deviceregistry/FileBasedTenantServiceTest.java
2026-01-18 18:01:57,481 - Knowledge - INFO - Worker kw3 processing /app/data/T0015/307413/b0002up/Hono/services/device-registry/src/test/resources/tenants.json
2026-01-18 18:01:57,649 - Knowledge - INFO - [LLM_CALL] Completed: SaslResponseContext.java:chunk1, Duration: 17630ms, PromptTokens: 2552, CompletionTokens: 468, Cost: $0.00044
2026-01-18 18:01:57,843 - Knowledge - INFO - Fast-tracked /app/data/T0015/307413/b0002up/Hono/services/device-registry/src/main/java/org/eclipse/hono/deviceregistry/AutowiredCredentialsAdapter.java (ext=.java, size=1555)
2026-01-18 18:01:58,112 - Knowledge - INFO - Worker kw2 processing /app/data/T0015/307413/b0002up/Hono/services/device-registry/src/main/java/org/eclipse/hono/deviceregistry/AutowiredDeviceConnectionAdapter.java
2026-01-18 18:01:58,210 - Knowledge - INFO - Worker kw7 processing /app/data/T0015/307413/b0002up/Hono/services/device-registry/src/main/java/org/eclipse/hono/deviceregistry/AutowiredDeviceManagementAdapter.java
2026-01-18 18:01:58,413 - Knowledge - INFO - Fast-tracked /app/data/T0015/307413/b0002up/Hono/services/device-registry/src/test/java/org/eclipse/hono/deviceregistry/FileBasedTenantServiceTest.java (ext=.java, size=18258)
2026-01-18 18:01:58,740 - Knowledge - INFO - Fast-tracked /app/data/T0015/307413/b0002up/Hono/services/device-registry/src/test/resources/tenants.json (ext=.json, size=706)
2026-01-18 18:01:58,781 - Knowledge - INFO - done ingest for /app/data/T0015/307413/b0002up/Hono/adapters/amqp-vertx/src/main/java/org/eclipse/hono/adapter/amqp/SaslResponseContext.java
2026-01-18 18:01:58,958 - Knowledge - INFO - Worker kw6 processing /app/data/T0015/307413/b0002up/Hono/services/device-registry/src/main/java/org/eclipse/hono/deviceregistry/DummyCredentialsService.java
2026-01-18 18:01:59,159 - Knowledge - INFO - Fast-tracked /app/data/T0015/307413/b0002up/Hono/services/device-registry/src/main/java/org/eclipse/hono/deviceregistry/AutowiredDeviceConnectionAdapter.java (ext=.java, size=1609)
2026-01-18 18:01:59,244 - Knowledge - INFO - Fast-tracked /app/data/T0015/307413/b0002up/Hono/services/device-registry/src/main/java/org/eclipse/hono/deviceregistry/AutowiredDeviceManagementAdapter.java (ext=.java, size=1732)
2026-01-18 18:01:59,460 - Knowledge - INFO - Async storage completed for 8 embeddings
2026-01-18 18:01:59,556 - Knowledge - INFO - Worker kw3 processing /app/data/T0015/307413/b0002up/Hono/services/device-registry/src/test/resources/device-identities.json
2026-01-18 18:01:59,951 - Knowledge - INFO - Worker kw6 processing /app/data/T0015/307413/b0002up/Hono/services/device-registry/src/main/java/org/eclipse/hono/deviceregistry/FileBasedRegistrationService.java
2026-01-18 18:02:00,090 - Knowledge - INFO - Worker kw2 processing /app/data/T0015/307413/b0002up/Hono/services/device-registry/src/main/java/org/eclipse/hono/deviceregistry/FileBasedRegistrationConfigProperties.java
2026-01-18 18:02:00,196 - Knowledge - INFO - [LLM_CALL] Completed: AbstractVertxBasedHttpProtocolAdapter.java:chunk1, Duration: 22771ms, PromptTokens: 23518, CompletionTokens: 1885, Cost: $0.00311
2026-01-18 18:02:00,290 - Knowledge - INFO - Worker kw7 processing /app/data/T0015/307413/b0002up/Hono/services/device-registry/src/main/java/org/eclipse/hono/deviceregistry/FileBasedTenantService.java
2026-01-18 18:02:00,653 - Knowledge - INFO - Fast-tracked /app/data/T0015/307413/b0002up/Hono/services/device-registry/src/test/resources/device-identities.json (ext=.json, size=1363)
2026-01-18 18:02:01,298 - Knowledge - INFO - Worker kw6 processing /app/data/T0015/307413/b0002up/Hono/services/device-registry/src/main/java/org/eclipse/hono/deviceregistry/DummyTenantService.java
2026-01-18 18:02:01,432 - Knowledge - INFO - Worker kw2 processing /app/data/T0015/307413/b0002up/Hono/services/device-registry/src/main/java/org/eclipse/hono/deviceregistry/MapBasedDeviceConnectionsConfigProperties.java
2026-01-18 18:02:01,584 - Knowledge - INFO - done ingest for /app/data/T0015/307413/b0002up/Hono/adapters/http-vertx-base/src/main/java/org/eclipse/hono/adapter/http/AbstractVertxBasedHttpProtocolAdapter.java
2026-01-18 18:02:01,876 - Knowledge - INFO - Async storage completed for 8 embeddings
2026-01-18 18:02:02,051 - Knowledge - INFO - Worker kw3 processing /app/data/T0015/307413/b0002up/Hono/services/device-registry/src/test/resources/logback-test.xml
2026-01-18 18:02:02,358 - Knowledge - INFO - Worker kw6 processing /app/data/T0015/307413/b0002up/Hono/services/device-registry/src/main/java/org/eclipse/hono/deviceregistry/FileBasedDeviceBackend.java
2026-01-18 18:02:02,722 - Knowledge - INFO - Fast-tracked /app/data/T0015/307413/b0002up/Hono/services/device-registry/src/main/java/org/eclipse/hono/deviceregistry/MapBasedDeviceConnectionsConfigProperties.java (ext=.java, size=1945)
2026-01-18 18:02:03,414 - Knowledge - INFO - [LLM_CALL] Completed: Config.java:chunk1, Duration: 13782ms, PromptTokens: 2574, CompletionTokens: 624, Cost: $0.00051
2026-01-18 18:02:03,513 - Knowledge - INFO - Fast-tracked /app/data/T0015/307413/b0002up/Hono/services/device-registry/src/main/java/org/eclipse/hono/deviceregistry/FileBasedCredentialsConfigProperties.java (small file (2061 bytes))
2026-01-18 18:02:03,552 - Knowledge - INFO - Fast-tracked /app/data/T0015/307413/b0002up/Hono/services/device-registry/src/test/resources/logback-test.xml (ext=.xml, size=1446)
2026-01-18 18:02:03,730 - Knowledge - INFO - Worker kw6 processing /app/data/T0015/307413/b0002up/Hono/services/device-registry/src/main/java/org/eclipse/hono/deviceregistry/Versioned.java
2026-01-18 18:02:03,872 - Knowledge - INFO - Async storage completed for 10 embeddings
2026-01-18 18:02:04,101 - Knowledge - INFO - done ingest for /app/data/T0015/307413/b0002up/Hono/adapters/sigfox-vertx/src/main/java/org/eclipse/hono/adapter/sigfox/impl/Config.java
2026-01-18 18:02:04,132 - Knowledge - INFO - [LLM_CALL] Completed: AbstractVertxBasedMqttProtocolAdapter.java:chunk1, Duration: 40604ms, PromptTokens: 13156, CompletionTokens: 1514, Cost: $0.00192
2026-01-18 18:02:04,389 - Knowledge - INFO - Fast-tracked /app/data/T0015/307413/b0002up/Hono/services/device-registry/src/main/java/org/eclipse/hono/deviceregistry/DummyRegistrationService.java (small file (2359 bytes))
2026-01-18 18:02:04,540 - Knowledge - INFO - Async storage completed for 8 embeddings
2026-01-18 18:02:04,772 - Knowledge - INFO - Worker kw6 processing /app/data/T0015/307413/b0002up/Hono/services/device-registry/src/main/java/org/eclipse/hono/deviceregistry/AutowiredTenantAdapter.java
2026-01-18 18:02:05,691 - Knowledge - INFO - Fast-tracked /app/data/T0015/307413/b0002up/Hono/services/device-registry/src/main/java/org/eclipse/hono/deviceregistry/AutowiredTenantAdapter.java (ext=.java, size=1590)
2026-01-18 18:02:05,897 - Knowledge - INFO - Worker kw6 processing /app/data/T0015/307413/b0002up/Hono/services/device-registry/src/main/java/org/eclipse/hono/deviceregistry/AbstractFileBasedRegistryConfigProperties.java
2026-01-18 18:02:06,579 - Knowledge - INFO - Processing batch of 8 files
2026-01-18 18:02:06,821 - Knowledge - INFO - process ingested knowledge for /app/data/T0015/307413/b0002up/Hono/adapters/amqp-vertx/src/main/java/org/eclipse/hono/adapter/amqp/AmqpAdapterConstants.java
2026-01-18 18:02:06,867 - Knowledge - INFO - [kw5] Queue=806, InProgress=0, PendingWorkers=20/20, Completed=90/1010 (8.9%)
2026-01-18 18:02:07,197 - Knowledge - INFO - Batch sizing: calculated=8, max_allowed=10, queue=806, active_workers=20/20
2026-01-18 18:02:07,370 - Knowledge - INFO - process ingested knowledge for /app/data/T0015/307413/b0002up/Hono/adapters/amqp-vertx/src/main/java/org/eclipse/hono/adapter/amqp/MicrometerBasedAmqpAdapterMetrics.java
2026-01-18 18:02:07,384 - Knowledge - INFO - Processing batch of 8 files
2026-01-18 18:02:07,743 - Knowledge - INFO - process ingested knowledge for /app/data/T0015/307413/b0002up/Hono/adapters/http-vertx/readme.md
2026-01-18 18:02:07,928 - Knowledge - INFO - Processing batch of 8 files
2026-01-18 18:02:08,254 - Knowledge - INFO - done ingest for /app/data/T0015/307413/b0002up/Hono/adapters/http-vertx/src/main/java/org/eclipse/hono/adapter/http/impl/Config.java
2026-01-18 18:02:08,290 - Knowledge - INFO - process ingested knowledge for /app/data/T0015/307413/b0002up/Hono/adapters/sigfox-vertx/src/main/java/org/eclipse/hono/adapter/sigfox/impl/SigfoxProtocolAdapterProperties.java
2026-01-18 18:02:08,573 - Knowledge - INFO - [WEBSOCKET] Sent: Type=progress_update, Size: 293, Duration: 1ms
2026-01-18 18:02:08,619 - Knowledge - INFO - process ingested knowledge for /app/data/T0015/307413/b0002up/Hono/adapters/amqp-vertx/src/main/java/org/eclipse/hono/adapter/amqp/SaslResponseContext.java
2026-01-18 18:02:08,634 - Knowledge - INFO - process ingested knowledge for /app/data/T0015/307413/b0002up/Hono/adapters/http-vertx/pom.xml
2026-01-18 18:02:09,023 - Knowledge - INFO - [WEBSOCKET] Sent: Type=unknown, Size: ?, Duration: 452ms
2026-01-18 18:02:09,262 - Knowledge - INFO - process ingested knowledge for /app/data/T0015/307413/b0002up/Hono/adapters/amqp-vertx/src/main/java/org/eclipse/hono/adapter/amqp/AmqpAdapterMetrics.java
2026-01-18 18:02:09,674 - Knowledge - INFO - Progress: 10.3% | Files: 108/1010 | Rate: 1.25 files/sec | Queue: 798
2026-01-18 18:02:09,690 - Knowledge - INFO - Async storing batch of 8 embeddings
2026-01-18 18:02:09,706 - Knowledge - INFO - Processing batch of 8 files
2026-01-18 18:02:09,761 - Knowledge - INFO - process ingested knowledge for /app/data/T0015/307413/b0002up/Hono/adapters/sigfox-vertx/src/main/java/org/eclipse/hono/adapter/sigfox/impl/Application.java
2026-01-18 18:02:10,249 - Knowledge - INFO - Worker kw5 processing /app/data/T0015/307413/b0002up/Hono/services/device-registry/src/main/java/org/eclipse/hono/deviceregistry/DeviceRegistryAmqpServer.java
2026-01-18 18:02:10,453 - Knowledge - INFO - process ingested knowledge for /app/data/T0015/307413/b0002up/Hono/adapters/http-vertx-base/src/test/java/org/eclipse/hono/adapter/http/AbstractVertxBasedHttpProtocolAdapterTest.java
2026-01-18 18:02:10,455 - Knowledge - INFO - process ingested knowledge for /app/data/T0015/307413/b0002up/Hono/services/device-registry/src/test/java/org/eclipse/hono/deviceregistry/DeviceRegistryTestUtils.java
2026-01-18 18:02:10,457 - Knowledge - INFO - process ingested knowledge for /app/data/T0015/307413/b0002up/Hono/adapters/amqp-vertx/src/main/resources/banner.txt
2026-01-18 18:02:10,788 - Knowledge - INFO - Fast-tracked /app/data/T0015/307413/b0002up/Hono/services/device-registry/src/main/java/org/eclipse/hono/deviceregistry/DeviceRegistryAmqpServer.java (ext=.java, size=1105)
2026-01-18 18:02:10,940 - Knowledge - INFO - [kw8] Queue=798, InProgress=0, PendingWorkers=20/20, Completed=108/1010 (10.7%)
2026-01-18 18:02:10,977 - Knowledge - INFO - process ingested knowledge for /app/data/T0015/307413/b0002up/Hono/adapters/sigfox-vertx/src/main/java/org/eclipse/hono/adapter/sigfox/impl/Config.java
2026-01-18 18:02:11,088 - Knowledge - INFO - process ingested knowledge for /app/data/T0015/307413/b0002up/Hono/adapters/http-vertx-base/src/test/resources/logback-test.xml
2026-01-18 18:02:11,563 - Knowledge - INFO - Worker kw5 processing /app/data/T0015/307413/b0002up/Hono/services/device-registry/src/main/java/org/eclipse/hono/deviceregistry/FileBasedTenantsConfigProperties.java
2026-01-18 18:02:11,700 - Knowledge - INFO - Batch sizing: calculated=8, max_allowed=10, queue=798, active_workers=20/20
2026-01-18 18:02:12,162 - Knowledge - INFO - Fast-tracked /app/data/T0015/307413/b0002up/Hono/services/device-registry/src/main/java/org/eclipse/hono/deviceregistry/FileBasedTenantsConfigProperties.java (ext=.java, size=1045)
2026-01-18 18:02:12,317 - Knowledge - INFO - [LLM_CALL] Completed: FileBasedAuthenticationService.java:chunk1, Duration: 31126ms, PromptTokens: 5818, CompletionTokens: 921, Cost: $0.00095
2026-01-18 18:02:12,341 - Knowledge - INFO - process ingested knowledge for /app/data/T0015/307413/b0002up/Hono/services/device-registry/src/test/java/org/eclipse/hono/deviceregistry/MapBasedDeviceConnectionServiceTest.java
2026-01-18 18:02:12,374 - Knowledge - INFO - process ingested knowledge for /app/data/T0015/307413/b0002up/Hono/adapters/amqp-vertx/src/main/resources/logback-spring.xml
2026-01-18 18:02:12,396 - Knowledge - INFO - process ingested knowledge for /app/data/T0015/307413/b0002up/Hono/adapters/http-vertx-base/src/main/java/org/eclipse/hono/adapter/http/HttpProtocolAdapterProperties.java
2026-01-18 18:02:12,397 - Knowledge - INFO - process ingested knowledge for /app/data/T0015/307413/b0002up/Hono/adapters/sigfox-vertx/src/main/java/org/eclipse/hono/adapter/sigfox/impl/SigfoxProtocolAdapter.java
2026-01-18 18:02:12,471 - Knowledge - INFO - Worker kw5 processing /app/data/T0015/307413/b0002up/Hono/services/device-registry/src/main/resources/banner.txt
2026-01-18 18:02:12,622 - Knowledge - INFO - done ingest for /app/data/T0015/307413/b0002up/Hono/services/auth/src/main/java/org/eclipse/hono/service/auth/impl/FileBasedAuthenticationService.java
2026-01-18 18:02:12,639 - Knowledge - INFO - done ingest for /app/data/T0015/307413/b0002up/Hono/adapters/coap-vertx/src/main/java/org/eclipse/hono/adapter/coap/impl/Config.java
2026-01-18 18:02:12,650 - Knowledge - INFO - [kw10] Queue=790, InProgress=0, PendingWorkers=20/20, Completed=108/1010 (10.7%)
2026-01-18 18:02:12,675 - Knowledge - INFO - Async storing batch of 8 embeddings
2026-01-18 18:02:13,033 - Knowledge - INFO - process ingested knowledge for /app/data/T0015/307413/b0002up/Hono/adapters/amqp-vertx/pom.xml
2026-01-18 18:02:13,039 - Knowledge - INFO - process ingested knowledge for /app/data/T0015/307413/b0002up/Hono/adapters/http-vertx-base/src/main/java/org/eclipse/hono/adapter/http/HttpAdapterMetrics.java
2026-01-18 18:02:13,039 - Knowledge - INFO - process ingested knowledge for /app/data/T0015/307413/b0002up/Hono/services/device-registry/src/test/java/org/eclipse/hono/deviceregistry/FileBasedCredentialsServiceTest.java
2026-01-18 18:02:13,123 - Knowledge - INFO - process ingested knowledge for /app/data/T0015/307413/b0002up/Hono/adapters/sigfox-vertx/pom.xml
2026-01-18 18:02:13,162 - Knowledge - INFO - [kw1] Queue=790, InProgress=0, PendingWorkers=20/20, Completed=108/1010 (10.7%)
2026-01-18 18:02:13,381 - Knowledge - INFO - Fast-tracked /app/data/T0015/307413/b0002up/Hono/services/device-registry/src/main/resources/banner.txt (ext=.txt, size=661)
2026-01-18 18:02:13,492 - Knowledge - INFO - Processing batch of 8 files
2026-01-18 18:02:13,824 - Knowledge - INFO - Batch sizing: calculated=8, max_allowed=10, queue=790, active_workers=20/20
2026-01-18 18:02:13,965 - Knowledge - INFO - Worker kw8 processing /app/data/T0015/307413/b0002up/Hono/services/device-connection/src/main/java/org/eclipse/hono/deviceconnection/infinispan/RemoteCacheBasedDeviceConnectionService.java
2026-01-18 18:02:14,033 - Knowledge - INFO - [LLM_CALL] Completed: VertxBasedHttpProtocolAdapter.java:chunk1, Duration: 34084ms, PromptTokens: 7238, CompletionTokens: 1130, Cost: $0.00118
2026-01-18 18:02:14,097 - Knowledge - INFO - process ingested knowledge for /app/data/T0015/307413/b0002up/Hono/adapters/kura/src/test/java/org/eclipse/hono/adapter/kura/impl/KuraProtocolAdapterTest.java
2026-01-18 18:02:14,214 - Knowledge - INFO - process ingested knowledge for /app/data/T0015/307413/b0002up/Hono/adapters/http-vertx-base/src/main/java/org/eclipse/hono/adapter/http/MicrometerBasedHttpAdapterMetrics.java
2026-01-18 18:02:14,382 - Knowledge - INFO - process ingested knowledge for /app/data/T0015/307413/b0002up/Hono/services/device-registry/src/test/java/org/eclipse/hono/deviceregistry/FileBasedRegistrationServiceTest.java
2026-01-18 18:02:14,523 - Knowledge - INFO - process ingested knowledge for /app/data/T0015/307413/b0002up/Hono/adapters/http-vertx/src/test/java/org/eclipse/hono/adapter/http/impl/VertxBasedHttpProtocolAdapterLegacyEndpointTest.java
2026-01-18 18:02:14,743 - Knowledge - INFO - Batch sizing: calculated=8, max_allowed=10, queue=790, active_workers=20/20
2026-01-18 18:02:14,945 - Knowledge - INFO - Worker kw5 processing /app/data/T0015/307413/b0002up/Hono/services/device-registry/src/main/resources/logback-spring.xml
2026-01-18 18:02:15,172 - Knowledge - INFO - process ingested knowledge for /app/data/T0015/307413/b0002up/Hono/adapters/pom.xml
2026-01-18 18:02:15,718 - Knowledge - INFO - Worker kw8 processing /app/data/T0015/307413/b0002up/Hono/services/device-connection/src/main/java/org/eclipse/hono/deviceconnection/infinispan/Application.java
2026-01-18 18:02:15,848 - Knowledge - INFO - done ingest for /app/data/T0015/307413/b0002up/Hono/adapters/http-vertx/src/main/java/org/eclipse/hono/adapter/http/impl/VertxBasedHttpProtocolAdapter.java
2026-01-18 18:02:16,248 - Knowledge - INFO - [LLM_CALL] Completed: PreSharedKeyDeviceIdentity.java:chunk1, Duration: 38819ms, PromptTokens: 2866, CompletionTokens: 547, Cost: $0.00051
2026-01-18 18:02:16,284 - Knowledge - INFO - Async storing batch of 8 embeddings
2026-01-18 18:02:16,672 - Knowledge - INFO - process ingested knowledge for /app/data/T0015/307413/b0002up/Hono/adapters/http-vertx-base/src/main/java/org/eclipse/hono/adapter/http/AbstractVertxBasedHttpProtocolAdapter.java
2026-01-18 18:02:16,673 - Knowledge - INFO - process ingested knowledge for /app/data/T0015/307413/b0002up/Hono/services/device-registry/src/test/resources/credentials.json
2026-01-18 18:02:16,797 - Knowledge - INFO - process ingested knowledge for /app/data/T0015/307413/b0002up/Hono/adapters/http-vertx/src/test/java/org/eclipse/hono/adapter/http/impl/VertxBasedHttpProtocolAdapterTest.java
2026-01-18 18:02:16,910 - Knowledge - INFO - Fast-tracked /app/data/T0015/307413/b0002up/Hono/services/device-registry/src/main/resources/logback-spring.xml (ext=.xml, size=1785)
2026-01-18 18:02:17,049 - Knowledge - INFO - process ingested knowledge for /app/data/T0015/307413/b0002up/Hono/services/auth/src/test/java/org/eclipse/hono/service/auth/impl/FileBasedAuthenticationServiceTest.java
2026-01-18 18:02:17,198 - Knowledge - INFO - Worker kw8 processing /app/data/T0015/307413/b0002up/Hono/services/device-connection/src/main/java/org/eclipse/hono/deviceconnection/infinispan/ApplicationConfig.java
2026-01-18 18:02:17,400 - Knowledge - INFO - done ingest for /app/data/T0015/307413/b0002up/Hono/adapters/coap-vertx-base/src/main/java/org/eclipse/hono/adapter/coap/PreSharedKeyDeviceIdentity.java
2026-01-18 18:02:17,427 - Knowledge - INFO - [LLM_CALL] Completed: KuraAdapterProperties.java:chunk1, Duration: 20742ms, PromptTokens: 2516, CompletionTokens: 370, Cost: $0.00040
2026-01-18 18:02:17,602 - Knowledge - INFO - Worker kw10 processing /app/data/T0015/307413/b0002up/Hono/example/src/main/java/org/eclipse/hono/vertx/example/HonoExampleApplication.java
2026-01-18 18:02:17,833 - Knowledge - INFO - process ingested knowledge for /app/data/T0015/307413/b0002up/Hono/services/device-registry/src/test/resources/tenants.json
2026-01-18 18:02:18,161 - Knowledge - INFO - Worker kw5 processing /app/data/T0015/307413/b0002up/Hono/services/device-registry/readme.md
2026-01-18 18:02:18,413 - Knowledge - INFO - Worker kw8 processing /app/data/T0015/307413/b0002up/Hono/services/device-connection/src/main/java/org/eclipse/hono/deviceconnection/infinispan/DeviceConnectionAmqpServer.java
2026-01-18 18:02:18,416 - Knowledge - INFO - process ingested knowledge for /app/data/T0015/307413/b0002up/Hono/adapters/http-vertx/src/test/resources/logback-test.xml
2026-01-18 18:02:18,417 - Knowledge - INFO - process ingested knowledge for /app/data/T0015/307413/b0002up/Hono/services/auth/src/test/java/org/eclipse/hono/service/auth/impl/SimpleAuthenticationServerTest.java
2026-01-18 18:02:18,564 - Knowledge - INFO - done ingest for /app/data/T0015/307413/b0002up/Hono/adapters/kura/src/main/java/org/eclipse/hono/adapter/kura/impl/KuraAdapterProperties.java
2026-01-18 18:02:18,590 - Knowledge - INFO - [LLM_CALL] Completed: VertxBasedCoapAdapter.java:chunk1, Duration: 40099ms, PromptTokens: 3302, CompletionTokens: 681, Cost: $0.00060
2026-01-18 18:02:18,725 - Knowledge - INFO - Fast-tracked /app/data/T0015/307413/b0002up/Hono/example/src/main/java/org/eclipse/hono/vertx/example/HonoExampleApplication.java (ext=.java, size=1344)
2026-01-18 18:02:18,956 - Knowledge - INFO - Fast-tracked /app/data/T0015/307413/b0002up/Hono/services/device-registry/readme.md (ext=.md, size=554)
2026-01-18 18:02:19,085 - Knowledge - INFO - Fast-tracked /app/data/T0015/307413/b0002up/Hono/services/device-connection/src/main/java/org/eclipse/hono/deviceconnection/infinispan/DeviceConnectionAmqpServer.java (ext=.java, size=1058)
2026-01-18 18:02:19,381 - Knowledge - INFO - process ingested knowledge for /app/data/T0015/307413/b0002up/Hono/services/device-registry/src/test/resources/device-identities.json
2026-01-18 18:02:19,727 - Knowledge - INFO - process ingested knowledge for /app/data/T0015/307413/b0002up/Hono/services/auth/src/test/resources/authentication-service-test-permissions.json
2026-01-18 18:02:19,728 - Knowledge - INFO - done ingest for /app/data/T0015/307413/b0002up/Hono/adapters/coap-vertx/src/main/java/org/eclipse/hono/adapter/coap/impl/VertxBasedCoapAdapter.java
2026-01-18 18:02:19,765 - Knowledge - INFO - Processing batch of 8 files
2026-01-18 18:02:19,766 - Knowledge - INFO - Async storing batch of 10 embeddings
2026-01-18 18:02:19,852 - Knowledge - INFO - Worker kw10 processing /app/data/T0015/307413/b0002up/Hono/example/src/main/java/org/eclipse/hono/vertx/example/base/HonoExampleConstants.java
2026-01-18 18:02:19,980 - Knowledge - INFO - Worker kw5 processing /app/data/T0015/307413/b0002up/Hono/services/device-registry/pom.xml
2026-01-18 18:02:20,085 - Knowledge - INFO - Worker kw8 processing /app/data/T0015/307413/b0002up/Hono/services/device-connection/src/main/resources/banner.txt
2026-01-18 18:02:20,211 - Knowledge - INFO - [kw18] Queue=774, InProgress=0, PendingWorkers=20/20, Completed=124/1010 (12.3%)
2026-01-18 18:02:20,638 - Knowledge - INFO - process ingested knowledge for /app/data/T0015/307413/b0002up/Hono/adapters/http-vertx/src/main/java/org/eclipse/hono/adapter/http/impl/Application.java
2026-01-18 18:02:20,671 - Knowledge - INFO - process ingested knowledge for /app/data/T0015/307413/b0002up/Hono/services/device-registry/src/test/resources/logback-test.xml
2026-01-18 18:02:20,704 - Knowledge - INFO - process ingested knowledge for /app/data/T0015/307413/b0002up/Hono/services/auth/src/test/resources/logback-test.xml
2026-01-18 18:02:20,888 - Knowledge - INFO - Worker kw1 processing /app/data/T0015/307413/b0002up/Hono/push_hono_images.sh
2026-01-18 18:02:20,895 - Knowledge - INFO - [LLM_CALL] Completed: DefaultDeviceResolver.java:chunk1, Duration: 33143ms, PromptTokens: 4190, CompletionTokens: 772, Cost: $0.00073
2026-01-18 18:02:21,025 - Knowledge - INFO - Worker kw10 processing /app/data/T0015/307413/b0002up/Hono/example/src/main/java/org/eclipse/hono/vertx/example/base/HonoExampleApplicationBase.java
2026-01-18 18:02:21,165 - Knowledge - INFO - Fast-tracked /app/data/T0015/307413/b0002up/Hono/services/device-registry/pom.xml (ext=.xml, size=5275)
2026-01-18 18:02:21,285 - Knowledge - INFO - Fast-tracked /app/data/T0015/307413/b0002up/Hono/services/device-connection/src/main/resources/banner.txt (ext=.txt, size=664)
2026-01-18 18:02:21,363 - Knowledge - INFO - Batch sizing: calculated=8, max_allowed=10, queue=774, active_workers=20/20
2026-01-18 18:02:21,786 - Knowledge - INFO - process ingested knowledge for /app/data/T0015/307413/b0002up/Hono/adapters/http-vertx/src/main/java/org/eclipse/hono/adapter/http/impl/Config.java
2026-01-18 18:02:21,830 - Knowledge - INFO - Fast-tracked /app/data/T0015/307413/b0002up/Hono/push_hono_images.sh (ext=.sh, size=1531)
2026-01-18 18:02:21,923 - Knowledge - INFO - done ingest for /app/data/T0015/307413/b0002up/Hono/adapters/coap-vertx-base/src/main/java/org/eclipse/hono/adapter/coap/DefaultDeviceResolver.java
2026-01-18 18:02:21,928 - Knowledge - INFO - Processing batch of 8 files
2026-01-18 18:02:21,934 - Knowledge - INFO - [LLM_CALL] Completed: CoapErrorResponse.java:chunk1, Duration: 29505ms, PromptTokens: 2602, CompletionTokens: 415, Cost: $0.00043
2026-01-18 18:02:22,125 - Knowledge - INFO - Worker kw10 processing /app/data/T0015/307413/b0002up/Hono/example/src/main/java/org/eclipse/hono/devices/HonoHttpDevice.java
2026-01-18 18:02:22,256 - Knowledge - INFO - Worker kw5 processing /app/data/T0015/307413/b0002up/Hono/services/device-connection/src/test/java/org/eclipse/hono/deviceconnection/infinispan/RemoteCacheBasedDeviceConnectionServiceTest.java
2026-01-18 18:02:22,272 - Knowledge - INFO - process ingested knowledge for /app/data/T0015/307413/b0002up/Hono/services/auth/src/main/java/org/eclipse/hono/service/auth/impl/FileBasedAuthenticationService.java
2026-01-18 18:02:22,390 - Knowledge - INFO - Worker kw8 processing /app/data/T0015/307413/b0002up/Hono/services/device-connection/src/main/resources/logback-spring.xml
2026-01-18 18:02:22,920 - Knowledge - INFO - Worker kw1 processing /app/data/T0015/307413/b0002up/Hono/service-base/src/test/java/org/eclipse/hono/service/http/TenantTraceSamplingHandlerTest.java
2026-01-18 18:02:23,141 - Knowledge - INFO - process ingested knowledge for /app/data/T0015/307413/b0002up/Hono/adapters/coap-vertx/src/main/java/org/eclipse/hono/adapter/coap/impl/VertxBasedCoapAdapter.java
2026-01-18 18:02:23,258 - Knowledge - INFO - done ingest for /app/data/T0015/307413/b0002up/Hono/adapters/coap-vertx-base/src/main/java/org/eclipse/hono/adapter/coap/CoapErrorResponse.java
2026-01-18 18:02:23,430 - Knowledge - INFO - Worker kw10 processing /app/data/T0015/307413/b0002up/Hono/example/src/main/resources/logback.xml
2026-01-18 18:02:23,571 - Knowledge - INFO - Fast-tracked /app/data/T0015/307413/b0002up/Hono/services/device-connection/src/test/java/org/eclipse/hono/deviceconnection/infinispan/RemoteCacheBasedDeviceConnectionServiceTest.java (ext=.java, size=5820)
2026-01-18 18:02:23,657 - Knowledge - INFO - Async storing batch of 8 embeddings
2026-01-18 18:02:23,683 - Knowledge - INFO - process ingested knowledge for /app/data/T0015/307413/b0002up/Hono/adapters/http-vertx/src/main/java/org/eclipse/hono/adapter/http/impl/VertxBasedHttpProtocolAdapter.java
2026-01-18 18:02:23,870 - Knowledge - INFO - Fast-tracked /app/data/T0015/307413/b0002up/Hono/services/device-connection/src/main/resources/logback-spring.xml (ext=.xml, size=1838)
2026-01-18 18:02:23,889 - Knowledge - INFO - Fast-tracked /app/data/T0015/307413/b0002up/Hono/services/device-registry/src/main/java/org/eclipse/hono/deviceregistry/DummyTenantService.java (small file (2266 bytes))
2026-01-18 18:02:23,974 - Knowledge - INFO - Fast-tracked /app/data/T0015/307413/b0002up/Hono/service-base/src/test/java/org/eclipse/hono/service/http/TenantTraceSamplingHandlerTest.java (ext=.java, size=20804)
2026-01-18 18:02:24,372 - Knowledge - INFO - Fast-tracked /app/data/T0015/307413/b0002up/Hono/example/src/main/resources/logback.xml (ext=.xml, size=1089)
2026-01-18 18:02:24,470 - Knowledge - INFO - Worker kw5 processing /app/data/T0015/307413/b0002up/Hono/services/device-connection/src/main/java/org/eclipse/hono/deviceconnection/infinispan/InfinispanRemoteConfigurationProperties.java
2026-01-18 18:02:24,497 - Knowledge - INFO - process ingested knowledge for /app/data/T0015/307413/b0002up/Hono/services/auth/src/main/java/org/eclipse/hono/service/auth/impl/Application.java
2026-01-18 18:02:24,565 - Knowledge - INFO - process ingested knowledge for /app/data/T0015/307413/b0002up/Hono/adapters/coap-vertx/src/main/java/org/eclipse/hono/adapter/coap/impl/Config.java
2026-01-18 18:02:24,595 - Knowledge - INFO - [WEBSOCKET] Sent: Type=progress_update, Size: 295, Duration: 0ms
2026-01-18 18:02:24,630 - Knowledge - INFO - Worker kw18 processing /app/data/T0015/307413/b0002up/Hono/service-base/src/test/java/org/eclipse/hono/service/AbstractApplicationTest.java
2026-01-18 18:02:24,933 - Knowledge - INFO - Worker kw8 processing /app/data/T0015/307413/b0002up/Hono/services/device-connection/pom.xml
2026-01-18 18:02:25,260 - Knowledge - INFO - Worker kw1 processing /app/data/T0015/307413/b0002up/Hono/service-base/src/test/java/org/eclipse/hono/service/http/X509AuthHandlerTest.java
2026-01-18 18:02:25,365 - Knowledge - INFO - Fast-tracked /app/data/T0015/307413/b0002up/Hono/services/device-registry/src/main/java/org/eclipse/hono/deviceregistry/FileBasedRegistrationConfigProperties.java (small file (2198 bytes))
2026-01-18 18:02:25,387 - Knowledge - INFO - Worker kw10 processing /app/data/T0015/307413/b0002up/Hono/example/readme.md
2026-01-18 18:02:25,653 - Knowledge - INFO - Fast-tracked /app/data/T0015/307413/b0002up/Hono/services/device-connection/src/main/java/org/eclipse/hono/deviceconnection/infinispan/InfinispanRemoteConfigurationProperties.java (ext=.java, size=1867)
2026-01-18 18:02:26,301 - Knowledge - INFO - Processing batch of 8 files
2026-01-18 18:02:26,341 - Knowledge - INFO - process ingested knowledge for /app/data/T0015/307413/b0002up/Hono/adapters/http-vertx/src/main/resources/banner.txt
2026-01-18 18:02:26,369 - Knowledge - INFO - [WEBSOCKET] Sent: Type=unknown, Size: ?, Duration: 1774ms
2026-01-18 18:02:26,440 - Knowledge - INFO - Fast-tracked /app/data/T0015/307413/b0002up/Hono/service-base/src/test/java/org/eclipse/hono/service/AbstractApplicationTest.java (ext=.java, size=3574)
2026-01-18 18:02:26,493 - Knowledge - INFO - Fast-tracked /app/data/T0015/307413/b0002up/Hono/services/device-connection/pom.xml (ext=.xml, size=5297)
2026-01-18 18:02:26,657 - Knowledge - INFO - Fast-tracked /app/data/T0015/307413/b0002up/Hono/service-base/src/test/java/org/eclipse/hono/service/http/X509AuthHandlerTest.java (ext=.java, size=8283)
2026-01-18 18:02:26,918 - Knowledge - INFO - Fast-tracked /app/data/T0015/307413/b0002up/Hono/example/readme.md (ext=.md, size=278)
2026-01-18 18:02:27,079 - Knowledge - INFO - process ingested knowledge for /app/data/T0015/307413/b0002up/Hono/adapters/coap-vertx/src/main/resources/banner.txt
2026-01-18 18:02:27,087 - Knowledge - INFO - process ingested knowledge for /app/data/T0015/307413/b0002up/Hono/services/auth/src/main/java/org/eclipse/hono/service/auth/impl/AuthenticationServerConfigProperties.java
2026-01-18 18:02:27,112 - Knowledge - INFO - Async storage completed for 8 embeddings
2026-01-18 18:02:27,376 - Knowledge - INFO - process ingested knowledge for /app/data/T0015/307413/b0002up/Hono/adapters/coap-vertx-base/src/main/java/org/eclipse/hono/adapter/coap/MicrometerBasedCoapAdapterMetrics.java
2026-01-18 18:02:27,712 - Knowledge - INFO - Progress: 13.2% | Files: 140/1010 | Rate: 1.36 files/sec | Queue: 766
2026-01-18 18:02:27,713 - Knowledge - INFO - [LLM_CALL] Completed: KuraProtocolAdapter.java:chunk1, Duration: 38670ms, PromptTokens: 2490, CompletionTokens: 619, Cost: $0.00050
2026-01-18 18:02:27,802 - Knowledge - INFO - process ingested knowledge for /app/data/T0015/307413/b0002up/Hono/adapters/http-vertx/src/main/resources/logback-spring.xml
2026-01-18 18:02:27,866 - Knowledge - INFO - Worker kw18 processing /app/data/T0015/307413/b0002up/Hono/service-base/src/test/java/org/eclipse/hono/service/cache/SpringBasedExpiringValueCacheTest.java
2026-01-18 18:02:27,921 - Knowledge - INFO - Fast-tracked /app/data/T0015/307413/b0002up/Hono/services/device-registry/src/main/java/org/eclipse/hono/deviceregistry/Versioned.java (small file (2668 bytes))
2026-01-18 18:02:27,978 - Knowledge - INFO - Worker kw8 processing /app/data/T0015/307413/b0002up/Hono/services/pom.xml
2026-01-18 18:02:28,133 - Knowledge - INFO - Worker kw1 processing /app/data/T0015/307413/b0002up/Hono/service-base/src/test/java/org/eclipse/hono/service/http/HonoBasicAuthHandlerTest.java
2026-01-18 18:02:28,215 - Knowledge - INFO - Worker kw10 processing /app/data/T0015/307413/b0002up/Hono/example/pom.xml
2026-01-18 18:02:29,080 - Knowledge - INFO - process ingested knowledge for /app/data/T0015/307413/b0002up/Hono/adapters/coap-vertx/src/main/resources/logback-spring.xml
2026-01-18 18:02:29,352 - Knowledge - INFO - done ingest for /app/data/T0015/307413/b0002up/Hono/adapters/kura/src/main/java/org/eclipse/hono/adapter/kura/impl/KuraProtocolAdapter.java
2026-01-18 18:02:29,365 - Knowledge - INFO - Processing batch of 8 files
2026-01-18 18:02:29,443 - Knowledge - INFO - process ingested knowledge for /app/data/T0015/307413/b0002up/Hono/adapters/coap-vertx-base/src/main/java/org/eclipse/hono/adapter/coap/PreSharedKeyDeviceIdentity.java
2026-01-18 18:02:29,636 - Knowledge - INFO - Fast-tracked /app/data/T0015/307413/b0002up/Hono/service-base/src/test/java/org/eclipse/hono/service/cache/SpringBasedExpiringValueCacheTest.java (ext=.java, size=2934)
2026-01-18 18:02:29,851 - Knowledge - INFO - [kw13] Queue=766, InProgress=0, PendingWorkers=20/20, Completed=148/1010 (14.7%)
2026-01-18 18:02:29,868 - Knowledge - INFO - [kw11] Queue=766, InProgress=0, PendingWorkers=20/20, Completed=148/1010 (14.7%)
2026-01-18 18:02:29,881 - Knowledge - INFO - process ingested knowledge for /app/data/T0015/307413/b0002up/Hono/adapters/http-vertx/postman/Hono Eclipse Sandbox.postman_environment.json
2026-01-18 18:02:29,907 - Knowledge - INFO - Fast-tracked /app/data/T0015/307413/b0002up/Hono/services/pom.xml (ext=.xml, size=4485)
2026-01-18 18:02:30,129 - Knowledge - INFO - Fast-tracked /app/data/T0015/307413/b0002up/Hono/service-base/src/test/java/org/eclipse/hono/service/http/HonoBasicAuthHandlerTest.java (ext=.java, size=5787)
2026-01-18 18:02:30,420 - Knowledge - INFO - Fast-tracked /app/data/T0015/307413/b0002up/Hono/example/pom.xml (ext=.xml, size=3326)
2026-01-18 18:02:30,833 - Knowledge - INFO - process ingested knowledge for /app/data/T0015/307413/b0002up/Hono/services/device-registry/src/main/java/org/eclipse/hono/deviceregistry/DeviceRegistryAmqpServer.java
2026-01-18 18:02:30,952 - Knowledge - INFO - Async storage completed for 8 embeddings
2026-01-18 18:02:30,952 - Knowledge - INFO - process ingested knowledge for /app/data/T0015/307413/b0002up/Hono/adapters/coap-vertx/pom.xml
2026-01-18 18:02:31,095 - Knowledge - INFO - process ingested knowledge for /app/data/T0015/307413/b0002up/Hono/adapters/coap-vertx-base/src/main/java/org/eclipse/hono/adapter/coap/ExtendedDevice.java
2026-01-18 18:02:31,105 - Knowledge - INFO - [kw3] Queue=766, InProgress=0, PendingWorkers=20/20, Completed=148/1010 (14.7%)
2026-01-18 18:02:31,129 - Knowledge - INFO - Worker kw18 processing /app/data/T0015/307413/b0002up/Hono/service-base/src/test/java/org/eclipse/hono/service/metric/MicrometerBasedMetricsTest.java
2026-01-18 18:02:31,250 - Knowledge - INFO - Batch sizing: calculated=8, max_allowed=10, queue=766, active_workers=20/20
2026-01-18 18:02:31,370 - Knowledge - INFO - Batch sizing: calculated=8, max_allowed=10, queue=766, active_workers=20/20
2026-01-18 18:02:31,796 - Knowledge - INFO - process ingested knowledge for /app/data/T0015/307413/b0002up/Hono/adapters/http-vertx/postman/Hono Examples.postman_collection.json
2026-01-18 18:02:31,805 - Knowledge - INFO - done ingest for /app/data/T0015/307413/b0002up/Hono/adapters/kura/src/main/java/org/eclipse/hono/adapter/kura/impl/Config.java
2026-01-18 18:02:31,973 - Knowledge - INFO - Worker kw1 processing /app/data/T0015/307413/b0002up/Hono/service-base/src/test/java/org/eclipse/hono/service/http/HttpUtilsTest.java
2026-01-18 18:02:32,045 - Knowledge - INFO - Worker kw10 processing /app/data/T0015/307413/b0002up/Hono/bom/pom.xml
2026-01-18 18:02:32,752 - Knowledge - INFO - process ingested knowledge for /app/data/T0015/307413/b0002up/Hono/services/device-registry/src/main/java/org/eclipse/hono/deviceregistry/FileBasedTenantsConfigProperties.java
2026-01-18 18:02:32,860 - Knowledge - INFO - process ingested knowledge for /app/data/T0015/307413/b0002up/Hono/adapters/amqp-vertx/src/test/java/org/eclipse/hono/adapter/amqp/impl/VertxBasedAmqpProtocolAdapterLegacyEndpointTest.java
2026-01-18 18:02:32,918 - Knowledge - INFO - process ingested knowledge for /app/data/T0015/307413/b0002up/Hono/adapters/coap-vertx-base/src/main/java/org/eclipse/hono/adapter/coap/CoapAdapterMetrics.java
2026-01-18 18:02:33,160 - Knowledge - INFO - Batch sizing: calculated=8, max_allowed=10, queue=766, active_workers=20/20
2026-01-18 18:02:33,449 - Knowledge - INFO - Fast-tracked /app/data/T0015/307413/b0002up/Hono/service-base/src/test/java/org/eclipse/hono/service/metric/MicrometerBasedMetricsTest.java (ext=.java, size=17204)
2026-01-18 18:02:33,816 - Knowledge - INFO - Async storing batch of 8 embeddings
2026-01-18 18:02:33,859 - Knowledge - INFO - Async storing batch of 8 embeddings
2026-01-18 18:02:33,899 - Knowledge - INFO - process ingested knowledge for /app/data/T0015/307413/b0002up/Hono/adapters/http-vertx/postman/Hono local.postman_environment.json
2026-01-18 18:02:34,418 - Knowledge - INFO - Fast-tracked /app/data/T0015/307413/b0002up/Hono/service-base/src/test/java/org/eclipse/hono/service/http/HttpUtilsTest.java (ext=.java, size=4962)
2026-01-18 18:02:34,592 - Knowledge - INFO - Processing batch of 8 files
2026-01-18 18:02:34,638 - Knowledge - INFO - Fast-tracked /app/data/T0015/307413/b0002up/Hono/bom/pom.xml (ext=.xml, size=20505)
2026-01-18 18:02:35,334 - Knowledge - INFO - process ingested knowledge for /app/data/T0015/307413/b0002up/Hono/services/device-registry/src/main/resources/banner.txt
2026-01-18 18:02:35,341 - Knowledge - INFO - process ingested knowledge for /app/data/T0015/307413/b0002up/Hono/adapters/amqp-vertx/src/test/java/org/eclipse/hono/adapter/amqp/impl/VertxBasedAmqpProtocolAdapterTest.java
2026-01-18 18:02:35,406 - Knowledge - INFO - process ingested knowledge for /app/data/T0015/307413/b0002up/Hono/adapters/coap-vertx-base/src/main/java/org/eclipse/hono/adapter/coap/DefaultDeviceResolver.java
2026-01-18 18:02:35,448 - Knowledge - INFO - Worker kw18 processing /app/data/T0015/307413/b0002up/Hono/service-base/src/test/java/org/eclipse/hono/service/auth/device/UsernamePasswordAuthProviderTest.java
2026-01-18 18:02:35,481 - Knowledge - INFO - Async storing batch of 8 embeddings
2026-01-18 18:02:35,573 - Knowledge - INFO - [WEBSOCKET] Sent: Type=progress_update, Size: 295, Duration: 0ms
2026-01-18 18:02:35,697 - Knowledge - INFO - Worker kw13 processing /app/data/T0015/307413/b0002up/Hono/service-base/src/test/java/org/eclipse/hono/service/auth/EventBusAuthenticationServiceTest.java
2026-01-18 18:02:35,971 - Knowledge - INFO - Worker kw11 processing /app/data/T0015/307413/b0002up/Hono/service-base/src/test/java/org/eclipse/hono/service/limiting/MemoryBasedConnectionLimitStrategyTest.java
2026-01-18 18:02:36,327 - Knowledge - INFO - Worker kw1 processing /app/data/T0015/307413/b0002up/Hono/service-base/src/test/java/org/eclipse/hono/service/http/DefaultFailureHandlerTest.java
2026-01-18 18:02:36,529 - Knowledge - INFO - process ingested knowledge for /app/data/T0015/307413/b0002up/Hono/adapters/kura/src/test/resources/logback-test.xml
2026-01-18 18:02:36,797 - Knowledge - INFO - Fast-tracked /app/data/T0015/307413/b0002up/Hono/example/src/main/java/org/eclipse/hono/vertx/example/base/HonoExampleConstants.java (small file (2110 bytes))
2026-01-18 18:02:36,868 - Knowledge - INFO - process ingested knowledge for /app/data/T0015/307413/b0002up/Hono/services/device-registry/src/main/resources/logback-spring.xml
2026-01-18 18:02:36,973 - Knowledge - INFO - process ingested knowledge for /app/data/T0015/307413/b0002up/Hono/adapters/amqp-vertx/src/test/java/org/eclipse/hono/adapter/amqp/AmqpAdapterSaslAuthenticatorFactoryTest.java
2026-01-18 18:02:37,409 - Knowledge - INFO - Fast-tracked /app/data/T0015/307413/b0002up/Hono/service-base/src/test/java/org/eclipse/hono/service/auth/device/UsernamePasswordAuthProviderTest.java (ext=.java, size=7160)
2026-01-18 18:02:37,667 - Knowledge - INFO - Worker kw3 processing /app/data/T0015/307413/b0002up/Hono/service-base/src/test/java/org/eclipse/hono/service/EventBusServiceTest.java
2026-01-18 18:02:37,832 - Knowledge - INFO - process ingested knowledge for /app/data/T0015/307413/b0002up/Hono/adapters/coap-vertx-base/pom.xml
2026-01-18 18:02:38,194 - Knowledge - INFO - [WEBSOCKET] Sent: Type=unknown, Size: ?, Duration: 2621ms
2026-01-18 18:02:38,215 - Knowledge - INFO - Fast-tracked /app/data/T0015/307413/b0002up/Hono/service-base/src/test/java/org/eclipse/hono/service/auth/EventBusAuthenticationServiceTest.java (ext=.java, size=7064)
2026-01-18 18:02:38,402 - Knowledge - INFO - Fast-tracked /app/data/T0015/307413/b0002up/Hono/service-base/src/test/java/org/eclipse/hono/service/limiting/MemoryBasedConnectionLimitStrategyTest.java (ext=.java, size=3330)
2026-01-18 18:02:38,505 - Knowledge - INFO - Fast-tracked /app/data/T0015/307413/b0002up/Hono/service-base/src/test/java/org/eclipse/hono/service/http/DefaultFailureHandlerTest.java (ext=.java, size=6760)
2026-01-18 18:02:38,919 - Knowledge - INFO - process ingested knowledge for /app/data/T0015/307413/b0002up/Hono/adapters/kura/src/main/java/org/eclipse/hono/adapter/kura/impl/Application.java
2026-01-18 18:02:39,030 - Knowledge - INFO - process ingested knowledge for /app/data/T0015/307413/b0002up/Hono/services/device-registry/readme.md
2026-01-18 18:02:39,383 - Knowledge - INFO - Worker kw18 processing /app/data/T0015/307413/b0002up/Hono/service-base/src/test/java/org/eclipse/hono/service/auth/device/SubjectDnCredentialsTest.java
2026-01-18 18:02:39,549 - Knowledge - INFO - Fast-tracked /app/data/T0015/307413/b0002up/Hono/service-base/src/test/java/org/eclipse/hono/service/EventBusServiceTest.java (ext=.java, size=4116)
2026-01-18 18:02:39,611 - Knowledge - INFO - Async storage completed for 8 embeddings
2026-01-18 18:02:39,881 - Knowledge - INFO - Progress: 15.4% | Files: 156/1010 | Rate: 1.37 files/sec | Queue: 742
2026-01-18 18:02:39,881 - Knowledge - INFO - [LLM_CALL] Completed: VertxCoapResource.java:chunk1, Duration: 59925ms, PromptTokens: 2896, CompletionTokens: 1100, Cost: $0.00073
2026-01-18 18:02:40,020 - Knowledge - INFO - Worker kw13 processing /app/data/T0015/307413/b0002up/Hono/service-base/src/test/java/org/eclipse/hono/service/AbstractProtocolAdapterBaseTest.java
2026-01-18 18:02:40,042 - Knowledge - INFO - process ingested knowledge for /app/data/T0015/307413/b0002up/Hono/adapters/coap-vertx/src/test/resources/logback-test.xml
2026-01-18 18:02:40,190 - Knowledge - INFO - Worker kw11 processing /app/data/T0015/307413/b0002up/Hono/service-base/src/test/java/org/eclipse/hono/service/limiting/DefaultConnectionLimitManagerTest.java
2026-01-18 18:02:40,780 - Knowledge - INFO - Worker kw1 processing /app/data/T0015/307413/b0002up/Hono/service-base/src/test/java/org/eclipse/hono/service/http/HonoChainAuthHandlerTest.java
2026-01-18 18:02:41,094 - Knowledge - INFO - Fast-tracked /app/data/T0015/307413/b0002up/Hono/service-base/src/test/java/org/eclipse/hono/service/auth/device/SubjectDnCredentialsTest.java (ext=.java, size=1303)
2026-01-18 18:02:41,123 - Knowledge - INFO - process ingested knowledge for /app/data/T0015/307413/b0002up/Hono/adapters/kura/src/main/java/org/eclipse/hono/adapter/kura/impl/Config.java
2026-01-18 18:02:41,198 - Knowledge - INFO - Worker kw3 processing /app/data/T0015/307413/b0002up/Hono/service-base/src/test/java/org/eclipse/hono/service/VertxBasedHealthCheckServerTest.java
2026-01-18 18:02:41,576 - Knowledge - INFO - process ingested knowledge for /app/data/T0015/307413/b0002up/Hono/services/device-registry/pom.xml
2026-01-18 18:02:41,584 - Knowledge - INFO - [kw20] Queue=742, InProgress=0, PendingWorkers=20/20, Completed=156/1010 (15.4%)
2026-01-18 18:02:41,609 - Knowledge - INFO - done ingest for /app/data/T0015/307413/b0002up/Hono/adapters/coap-vertx-base/src/main/java/org/eclipse/hono/adapter/coap/VertxCoapResource.java
2026-01-18 18:02:41,628 - Knowledge - INFO - [LLM_CALL] Completed: Application.java:chunk1, Duration: 7750ms, PromptTokens: 2154, CompletionTokens: 498, Cost: $0.00041
2026-01-18 18:02:41,697 - Knowledge - INFO - Fast-tracked /app/data/T0015/307413/b0002up/Hono/service-base/src/test/java/org/eclipse/hono/service/AbstractProtocolAdapterBaseTest.java (ext=.java, size=28442)
2026-01-18 18:02:42,043 - Knowledge - INFO - Fast-tracked /app/data/T0015/307413/b0002up/Hono/service-base/src/test/java/org/eclipse/hono/service/limiting/DefaultConnectionLimitManagerTest.java (ext=.java, size=5047)
2026-01-18 18:02:42,182 - Knowledge - INFO - Fast-tracked /app/data/T0015/307413/b0002up/Hono/service-base/src/test/java/org/eclipse/hono/service/http/HonoChainAuthHandlerTest.java (ext=.java, size=4055)
2026-01-18 18:02:42,245 - Knowledge - INFO - Worker kw18 processing /app/data/T0015/307413/b0002up/Hono/service-base/src/test/java/org/eclipse/hono/service/auth/device/UsernamePasswordCredentialsTest.java
2026-01-18 18:02:42,285 - Knowledge - INFO - process ingested knowledge for /app/data/T0015/307413/b0002up/Hono/adapters/coap-vertx/src/main/java/org/eclipse/hono/adapter/coap/impl/Application.java
2026-01-18 18:02:42,597 - Knowledge - INFO - Fast-tracked /app/data/T0015/307413/b0002up/Hono/service-base/src/test/java/org/eclipse/hono/service/VertxBasedHealthCheckServerTest.java (ext=.java, size=7506)
2026-01-18 18:02:42,863 - Knowledge - INFO - Batch sizing: calculated=8, max_allowed=10, queue=742, active_workers=20/20
2026-01-18 18:02:42,886 - Knowledge - INFO - process ingested knowledge for /app/data/T0015/307413/b0002up/Hono/adapters/kura/src/main/java/org/eclipse/hono/adapter/kura/impl/KuraProtocolAdapter.java
2026-01-18 18:02:43,116 - Knowledge - INFO - done ingest for /app/data/T0015/307413/b0002up/Hono/services/device-registry/src/main/java/org/eclipse/hono/deviceregistry/Application.java
2026-01-18 18:02:43,132 - Knowledge - INFO - [LLM_CALL] Completed: AbstractVertxBasedMqttProtocolAdapter.java:chunk2, Duration: 37851ms, PromptTokens: 15256, CompletionTokens: 2427, Cost: $0.00250
2026-01-18 18:02:43,242 - Knowledge - INFO - Worker kw13 processing /app/data/T0015/307413/b0002up/Hono/service-base/src/test/java/org/eclipse/hono/service/tenant/TenantMessageFilterTest.java
2026-01-18 18:02:43,279 - Knowledge - INFO - process ingested knowledge for /app/data/T0015/307413/b0002up/Hono/services/device-connection/src/test/java/org/eclipse/hono/deviceconnection/infinispan/RemoteCacheBasedDeviceConnectionServiceTest.java
2026-01-18 18:02:43,349 - Knowledge - INFO - Worker kw11 processing /app/data/T0015/307413/b0002up/Hono/service-base/src/test/java/org/eclipse/hono/service/management/device/DeviceTest.java
2026-01-18 18:02:43,469 - Knowledge - INFO - Worker kw1 processing /app/data/T0015/307413/b0002up/Hono/service-base/src/test/java/org/eclipse/hono/service/AbstractServiceBaseTest.java
2026-01-18 18:02:43,629 - Knowledge - INFO - Fast-tracked /app/data/T0015/307413/b0002up/Hono/service-base/src/test/java/org/eclipse/hono/service/auth/device/UsernamePasswordCredentialsTest.java (ext=.java, size=3396)
2026-01-18 18:02:43,941 - Knowledge - INFO - Worker kw3 processing /app/data/T0015/307413/b0002up/Hono/service-base/src/test/java/org/eclipse/hono/service/registration/AbstractRegistrationServiceTest.java
2026-01-18 18:02:44,506 - Knowledge - INFO - process ingested knowledge for /app/data/T0015/307413/b0002up/Hono/adapters/kura/src/main/java/org/eclipse/hono/adapter/kura/impl/KuraAdapterProperties.java
2026-01-18 18:02:44,527 - Knowledge - INFO - [LLM_CALL] Completed: SimpleAuthenticationServer.java:chunk1, Duration: 31172ms, PromptTokens: 3230, CompletionTokens: 752, Cost: $0.00062
2026-01-18 18:02:44,689 - Knowledge - INFO - Fast-tracked /app/data/T0015/307413/b0002up/Hono/service-base/src/test/java/org/eclipse/hono/service/tenant/TenantMessageFilterTest.java (ext=.java, size=2910)
2026-01-18 18:02:44,988 - Knowledge - INFO - Fast-tracked /app/data/T0015/307413/b0002up/Hono/service-base/src/test/java/org/eclipse/hono/service/management/device/DeviceTest.java (ext=.java, size=3508)
2026-01-18 18:02:45,161 - Knowledge - INFO - Fast-tracked /app/data/T0015/307413/b0002up/Hono/service-base/src/test/java/org/eclipse/hono/service/AbstractServiceBaseTest.java (ext=.java, size=12220)
2026-01-18 18:02:45,261 - Knowledge - INFO - process ingested knowledge for /app/data/T0015/307413/b0002up/Hono/services/device-connection/src/main/java/org/eclipse/hono/deviceconnection/infinispan/InfinispanRemoteConfigurationProperties.java
2026-01-18 18:02:45,267 - Knowledge - INFO - Worker kw18 processing /app/data/T0015/307413/b0002up/Hono/service-base/src/test/java/org/eclipse/hono/service/auth/device/CredentialsApiAuthProviderTest.java
2026-01-18 18:02:45,516 - Knowledge - INFO - Fast-tracked /app/data/T0015/307413/b0002up/Hono/service-base/src/test/java/org/eclipse/hono/service/registration/AbstractRegistrationServiceTest.java (ext=.java, size=28293)
2026-01-18 18:02:45,717 - Knowledge - INFO - Async storage completed for 8 embeddings
2026-01-18 18:02:45,774 - Knowledge - INFO - done ingest for /app/data/T0015/307413/b0002up/Hono/services/auth/src/main/java/org/eclipse/hono/service/auth/impl/SimpleAuthenticationServer.java
2026-01-18 18:02:45,811 - Knowledge - INFO - Async storing batch of 8 embeddings
2026-01-18 18:02:45,861 - Knowledge - INFO - [LLM_CALL] Completed: CoapAdapterProperties.java:chunk1, Duration: 46570ms, PromptTokens: 4552, CompletionTokens: 677, Cost: $0.00073
2026-01-18 18:02:45,897 - Knowledge - INFO - process ingested knowledge for /app/data/T0015/307413/b0002up/Hono/adapters/kura/src/main/resources/banner.txt
2026-01-18 18:02:45,918 - Knowledge - INFO - [kw12] Queue=734, InProgress=0, PendingWorkers=20/20, Completed=156/1010 (15.4%)
2026-01-18 18:02:45,987 - Knowledge - INFO - Worker kw13 processing /app/data/T0015/307413/b0002up/Hono/service-base/src/test/java/org/eclipse/hono/service/tenant/AbstractTenantServiceTest.java
2026-01-18 18:02:46,133 - Knowledge - INFO - Worker kw11 processing /app/data/T0015/307413/b0002up/Hono/service-base/src/test/java/org/eclipse/hono/service/management/tenant/EventBusTenantManagementAdapterTest.java
2026-01-18 18:02:46,365 - Knowledge - INFO - Async storage completed for 10 embeddings
2026-01-18 18:02:46,749 - Knowledge - INFO - Fast-tracked /app/data/T0015/307413/b0002up/Hono/service-base/src/test/java/org/eclipse/hono/service/auth/device/CredentialsApiAuthProviderTest.java (ext=.java, size=7350)
2026-01-18 18:02:46,909 - Knowledge - INFO - Worker kw3 processing /app/data/T0015/307413/b0002up/Hono/service-base/src/test/java/org/eclipse/hono/service/registration/RegistrationMessageFilterTest.java
2026-01-18 18:02:47,222 - Knowledge - WARNING - Timeout processing /app/data/T0015/307413/b0002up/Hono/adapters/mqtt-vertx-base/src/main/java/org/eclipse/hono/adapter/mqtt/AbstractVertxBasedMqttProtocolAdapter.java after 90s - using fallback metadata
2026-01-18 18:02:47,421 - Knowledge - INFO - Worker kw20 processing /app/data/T0015/307413/b0002up/Hono/service-base/src/main/java/org/eclipse/hono/service/http/HttpContextTenantAndAuthIdProvider.java
2026-01-18 18:02:47,612 - Knowledge - INFO - done ingest for /app/data/T0015/307413/b0002up/Hono/adapters/coap-vertx-base/src/main/java/org/eclipse/hono/adapter/coap/CoapAdapterProperties.java
2026-01-18 18:02:47,681 - Knowledge - INFO - [LLM_CALL] Completed: AmqpContextTenantAndAuthIdProvider.java:chunk1, Duration: 50797ms, PromptTokens: 2534, CompletionTokens: 472, Cost: $0.00044
2026-01-18 18:02:48,013 - Knowledge - INFO - Batch sizing: calculated=8, max_allowed=10, queue=734, active_workers=20/20
2026-01-18 18:02:48,191 - Knowledge - INFO - Fast-tracked /app/data/T0015/307413/b0002up/Hono/service-base/src/test/java/org/eclipse/hono/service/tenant/AbstractTenantServiceTest.java (ext=.java, size=27316)
2026-01-18 18:02:48,253 - Knowledge - INFO - process ingested knowledge for /app/data/T0015/307413/b0002up/Hono/adapters/kura/src/main/resources/logback-spring.xml
2026-01-18 18:02:48,349 - Knowledge - INFO - Fast-tracked /app/data/T0015/307413/b0002up/Hono/service-base/src/test/java/org/eclipse/hono/service/management/tenant/EventBusTenantManagementAdapterTest.java (ext=.java, size=6149)
2026-01-18 18:02:48,628 - Knowledge - INFO - Worker kw18 processing /app/data/T0015/307413/b0002up/Hono/service-base/src/test/java/org/eclipse/hono/service/auth/AuthTokenHelperImplTest.java
2026-01-18 18:02:49,052 - Knowledge - INFO - Fast-tracked /app/data/T0015/307413/b0002up/Hono/service-base/src/test/java/org/eclipse/hono/service/registration/RegistrationMessageFilterTest.java (ext=.java, size=5159)
2026-01-18 18:02:49,335 - Knowledge - INFO - Worker kw20 processing /app/data/T0015/307413/b0002up/Hono/service-base/src/main/java/org/eclipse/hono/service/http/HttpServiceBase.java
2026-01-18 18:02:49,585 - Knowledge - INFO - done ingest for /app/data/T0015/307413/b0002up/Hono/adapters/amqp-vertx/src/main/java/org/eclipse/hono/adapter/amqp/impl/AmqpContextTenantAndAuthIdProvider.java
2026-01-18 18:02:50,037 - Knowledge - INFO - Worker kw13 processing /app/data/T0015/307413/b0002up/Hono/service-base/src/test/java/org/eclipse/hono/service/resourcelimits/PrometheusBasedResourceLimitChecksTest.java
2026-01-18 18:02:50,333 - Knowledge - INFO - Worker kw11 processing /app/data/T0015/307413/b0002up/Hono/service-base/src/test/java/org/eclipse/hono/service/management/tenant/TenantTest.java
2026-01-18 18:02:50,471 - Knowledge - INFO - Fast-tracked /app/data/T0015/307413/b0002up/Hono/service-base/src/test/java/org/eclipse/hono/service/auth/AuthTokenHelperImplTest.java (ext=.java, size=1813)
2026-01-18 18:02:50,482 - Knowledge - INFO - Async storing batch of 8 embeddings
2026-01-18 18:02:50,489 - Knowledge - INFO - [kw16] Queue=726, InProgress=0, PendingWorkers=20/20, Completed=162/1010 (16.0%)
2026-01-18 18:02:50,572 - Knowledge - INFO - Worker kw3 processing /app/data/T0015/307413/b0002up/Hono/service-base/src/test/java/org/eclipse/hono/service/registration/BaseRegistrationServiceTest.java
2026-01-18 18:02:50,794 - Knowledge - INFO - Worker kw20 processing /app/data/T0015/307413/b0002up/Hono/service-base/src/main/java/org/eclipse/hono/service/http/TenantTraceSamplingHandler.java
2026-01-18 18:02:50,805 - Knowledge - INFO - [LLM_CALL] Completed: ApplicationConfig.java:chunk1, Duration: 12624ms, PromptTokens: 3564, CompletionTokens: 912, Cost: $0.00072
2026-01-18 18:02:50,856 - Knowledge - INFO - process ingested knowledge for /app/data/T0015/307413/b0002up/Hono/adapters/kura/pom.xml
2026-01-18 18:02:51,089 - Knowledge - INFO - Fast-tracked /app/data/T0015/307413/b0002up/Hono/service-base/src/test/java/org/eclipse/hono/service/resourcelimits/PrometheusBasedResourceLimitChecksTest.java (ext=.java, size=17669)
2026-01-18 18:02:51,319 - Knowledge - INFO - Fast-tracked /app/data/T0015/307413/b0002up/Hono/service-base/src/test/java/org/eclipse/hono/service/management/tenant/TenantTest.java (ext=.java, size=15897)
2026-01-18 18:02:51,427 - Knowledge - INFO - Async storage completed for 8 embeddings
2026-01-18 18:02:51,601 - Knowledge - INFO - Worker kw12 processing /app/data/T0015/307413/b0002up/Hono/service-base/src/main/java/org/eclipse/hono/service/http/AbstractHttpEndpoint.java
2026-01-18 18:02:51,795 - Knowledge - INFO - Batch sizing: calculated=8, max_allowed=10, queue=726, active_workers=20/20
2026-01-18 18:02:52,018 - Knowledge - INFO - Fast-tracked /app/data/T0015/307413/b0002up/Hono/service-base/src/test/java/org/eclipse/hono/service/registration/BaseRegistrationServiceTest.java (ext=.java, size=16026)
2026-01-18 18:02:52,287 - Knowledge - INFO - Worker kw20 processing /app/data/T0015/307413/b0002up/Hono/service-base/src/main/java/org/eclipse/hono/service/http/X509AuthHandler.java
2026-01-18 18:02:52,455 - Knowledge - INFO - done ingest for /app/data/T0015/307413/b0002up/Hono/services/auth/src/main/java/org/eclipse/hono/service/auth/impl/ApplicationConfig.java
2026-01-18 18:02:52,504 - Knowledge - INFO - Processing batch of 8 files
2026-01-18 18:02:52,532 - Knowledge - INFO - Processing batch of 8 files
2026-01-18 18:02:52,560 - Knowledge - INFO - [LLM_CALL] Completed: FileBasedTenantService.java:chunk1, Duration: 33977ms, PromptTokens: 10372, CompletionTokens: 1315, Cost: $0.00156
2026-01-18 18:02:52,819 - Knowledge - INFO - Worker kw13 processing /app/data/T0015/307413/b0002up/Hono/service-base/src/test/java/org/eclipse/hono/service/credentials/BaseCredentialsServiceTest.java
2026-01-18 18:02:52,982 - Knowledge - INFO - Worker kw11 processing /app/data/T0015/307413/b0002up/Hono/service-base/src/test/java/org/eclipse/hono/service/management/tenant/TrustedCertificateAuthorityTest.java
2026-01-18 18:02:53,308 - Knowledge - INFO - Worker kw12 processing /app/data/T0015/307413/b0002up/Hono/service-base/src/main/java/org/eclipse/hono/service/http/HttpContext.java
2026-01-18 18:02:54,107 - Knowledge - INFO - Worker kw3 processing /app/data/T0015/307413/b0002up/Hono/service-base/src/test/java/org/eclipse/hono/service/amqp/RequestResponseEndpointTest.java
2026-01-18 18:02:54,249 - Knowledge - INFO - Worker kw20 processing /app/data/T0015/307413/b0002up/Hono/service-base/src/main/java/org/eclipse/hono/service/http/HonoBasicAuthHandler.java
2026-01-18 18:02:54,564 - Knowledge - INFO - process ingested knowledge for /app/data/T0015/307413/b0002up/Hono/push_hono_images.sh
2026-01-18 18:02:54,820 - Knowledge - INFO - process ingested knowledge for /app/data/T0015/307413/b0002up/Hono/adapters/mqtt-vertx-base/src/main/java/org/eclipse/hono/adapter/mqtt/MqttProtocolAdapterProperties.java
2026-01-18 18:02:55,022 - Knowledge - INFO - done ingest for /app/data/T0015/307413/b0002up/Hono/services/device-registry/src/main/java/org/eclipse/hono/deviceregistry/FileBasedTenantService.java
2026-01-18 18:02:55,035 - Knowledge - INFO - Async storing batch of 8 embeddings
2026-01-18 18:02:55,226 - Knowledge - INFO - Fast-tracked /app/data/T0015/307413/b0002up/Hono/service-base/src/test/java/org/eclipse/hono/service/credentials/BaseCredentialsServiceTest.java (ext=.java, size=5022)
2026-01-18 18:02:55,239 - Knowledge - INFO - done ingest for /app/data/T0015/307413/b0002up/Hono/adapters/amqp-vertx/src/main/java/org/eclipse/hono/adapter/amqp/impl/Config.java
2026-01-18 18:02:55,372 - Knowledge - INFO - Fast-tracked /app/data/T0015/307413/b0002up/Hono/service-base/src/test/java/org/eclipse/hono/service/management/tenant/TrustedCertificateAuthorityTest.java (ext=.java, size=5648)
2026-01-18 18:02:55,415 - Knowledge - INFO - [kw15] Queue=718, InProgress=0, PendingWorkers=20/20, Completed=175/1010 (17.3%)
2026-01-18 18:02:55,443 - Knowledge - INFO - [kw5] Queue=718, InProgress=0, PendingWorkers=20/20, Completed=175/1010 (17.3%)
2026-01-18 18:02:55,534 - Knowledge - INFO - Processing batch of 8 files
2026-01-18 18:02:55,594 - Knowledge - INFO - Worker kw12 processing /app/data/T0015/307413/b0002up/Hono/service-base/src/main/java/org/eclipse/hono/service/http/DefaultFailureHandler.java
2026-01-18 18:02:55,782 - Knowledge - INFO - Fast-tracked /app/data/T0015/307413/b0002up/Hono/service-base/src/test/java/org/eclipse/hono/service/amqp/RequestResponseEndpointTest.java (ext=.java, size=19399)
2026-01-18 18:02:55,857 - Knowledge - INFO - Worker kw20 processing /app/data/T0015/307413/b0002up/Hono/service-base/src/main/java/org/eclipse/hono/service/http/AuthHandlerTools.java
2026-01-18 18:02:56,126 - Knowledge - INFO - process ingested knowledge for /app/data/T0015/307413/b0002up/Hono/service-base/src/test/java/org/eclipse/hono/service/http/TenantTraceSamplingHandlerTest.java
2026-01-18 18:02:56,217 - Knowledge - INFO - process ingested knowledge for /app/data/T0015/307413/b0002up/Hono/adapters/mqtt-vertx-base/src/main/java/org/eclipse/hono/adapter/mqtt/MqttAdapterMetrics.java
2026-01-18 18:02:56,602 - Knowledge - INFO - Worker kw16 processing /app/data/T0015/307413/b0002up/Hono/service-base/src/main/java/org/eclipse/hono/service/deviceconnection/DeviceConnectionMessageFilter.java
2026-01-18 18:02:56,798 - Knowledge - INFO - Worker kw13 processing /app/data/T0015/307413/b0002up/Hono/service-base/src/test/java/org/eclipse/hono/service/credentials/CredentialsMessageFilterTest.java
2026-01-18 18:02:56,947 - Knowledge - INFO - [LLM_CALL] Completed: AuthenticationEndpoint.java:chunk1, Duration: 51291ms, PromptTokens: 2268, CompletionTokens: 576, Cost: $0.00046
2026-01-18 18:02:57,259 - Knowledge - INFO - Worker kw11 processing /app/data/T0015/307413/b0002up/Hono/service-base/src/test/java/org/eclipse/hono/service/management/credentials/CredentialsTest.java
2026-01-18 18:02:57,525 - Knowledge - INFO - Batch sizing: calculated=8, max_allowed=10, queue=718, active_workers=20/20
2026-01-18 18:02:57,741 - Knowledge - INFO - Batch sizing: calculated=8, max_allowed=10, queue=718, active_workers=20/20
2026-01-18 18:02:57,983 - Knowledge - INFO - process ingested knowledge for /app/data/T0015/307413/b0002up/Hono/service-base/src/test/java/org/eclipse/hono/service/AbstractApplicationTest.java
2026-01-18 18:02:58,200 - Knowledge - INFO - Worker kw12 processing /app/data/T0015/307413/b0002up/Hono/service-base/src/main/java/org/eclipse/hono/service/http/ComponentMetaDataDecorator.java
2026-01-18 18:02:58,306 - Knowledge - INFO - Worker kw3 processing /app/data/T0015/307413/b0002up/Hono/service-base/src/test/java/org/eclipse/hono/service/amqp/AmqpServiceBaseTest.java
2026-01-18 18:02:58,514 - Knowledge - INFO - Worker kw20 processing /app/data/T0015/307413/b0002up/Hono/service-base/src/main/java/org/eclipse/hono/service/http/HttpEndpoint.java
2026-01-18 18:02:58,679 - Knowledge - INFO - process ingested knowledge for /app/data/T0015/307413/b0002up/Hono/service-base/src/test/java/org/eclipse/hono/service/http/X509AuthHandlerTest.java
2026-01-18 18:02:58,710 - Knowledge - INFO - process ingested knowledge for /app/data/T0015/307413/b0002up/Hono/adapters/mqtt-vertx-base/src/main/java/org/eclipse/hono/adapter/mqtt/AbstractVertxBasedMqttProtocolAdapter.java
2026-01-18 18:02:58,884 - Knowledge - INFO - Worker kw16 processing /app/data/T0015/307413/b0002up/Hono/service-base/src/main/java/org/eclipse/hono/service/Lifecycle.java
2026-01-18 18:02:59,136 - Knowledge - INFO - Fast-tracked /app/data/T0015/307413/b0002up/Hono/service-base/src/test/java/org/eclipse/hono/service/credentials/CredentialsMessageFilterTest.java (ext=.java, size=5491)
2026-01-18 18:02:59,282 - Knowledge - INFO - done ingest for /app/data/T0015/307413/b0002up/Hono/services/auth/src/main/java/org/eclipse/hono/service/auth/impl/AuthenticationEndpoint.java
2026-01-18 18:02:59,305 - Knowledge - INFO - Processing batch of 8 files
2026-01-18 18:02:59,318 - Knowledge - INFO - [LLM_CALL] Completed: AmqpAdapterProperties.java:chunk1, Duration: 46393ms, PromptTokens: 2998, CompletionTokens: 474, Cost: $0.00049
2026-01-18 18:02:59,520 - Knowledge - INFO - Fast-tracked /app/data/T0015/307413/b0002up/Hono/service-base/src/test/java/org/eclipse/hono/service/management/credentials/CredentialsTest.java (ext=.java, size=9657)
2026-01-18 18:03:00,061 - Knowledge - INFO - Worker kw12 processing /app/data/T0015/307413/b0002up/Hono/service-base/src/main/java/org/eclipse/hono/service/http/HonoChainAuthHandler.java
2026-01-18 18:03:00,198 - Knowledge - INFO - process ingested knowledge for /app/data/T0015/307413/b0002up/Hono/service-base/src/test/java/org/eclipse/hono/service/cache/SpringBasedExpiringValueCacheTest.java
2026-01-18 18:03:00,204 - Knowledge - INFO - Fast-tracked /app/data/T0015/307413/b0002up/Hono/service-base/src/test/java/org/eclipse/hono/service/amqp/AmqpServiceBaseTest.java (ext=.java, size=8057)
2026-01-18 18:03:00,337 - Knowledge - INFO - Fast-tracked /app/data/T0015/307413/b0002up/Hono/service-base/src/main/java/org/eclipse/hono/service/http/HttpEndpoint.java (ext=.java, size=984)
2026-01-18 18:03:00,472 - Knowledge - INFO - process ingested knowledge for /app/data/T0015/307413/b0002up/Hono/service-base/src/test/java/org/eclipse/hono/service/http/HonoBasicAuthHandlerTest.java
2026-01-18 18:03:00,593 - Knowledge - INFO - process ingested knowledge for /app/data/T0015/307413/b0002up/Hono/adapters/mqtt-vertx-base/src/main/java/org/eclipse/hono/adapter/mqtt/CommandHandler.java
2026-01-18 18:03:00,779 - Knowledge - INFO - Fast-tracked /app/data/T0015/307413/b0002up/Hono/service-base/src/main/java/org/eclipse/hono/service/Lifecycle.java (ext=.java, size=1315)
2026-01-18 18:03:00,904 - Knowledge - INFO - Worker kw13 processing /app/data/T0015/307413/b0002up/Hono/service-base/src/test/java/org/eclipse/hono/service/credentials/AbstractCredentialsServiceTest.java
2026-01-18 18:03:01,209 - Knowledge - INFO - process ingested knowledge for /app/data/T0015/307413/b0002up/Hono/services/device-registry/src/main/java/org/eclipse/hono/deviceregistry/AutowiredRegistrationAdapter.java
2026-01-18 18:03:01,342 - Knowledge - INFO - done ingest for /app/data/T0015/307413/b0002up/Hono/adapters/amqp-vertx/src/main/java/org/eclipse/hono/adapter/amqp/AmqpAdapterProperties.java
2026-01-18 18:03:01,357 - Knowledge - INFO - done ingest for /app/data/T0015/307413/b0002up/Hono/services/device-connection/src/main/java/org/eclipse/hono/deviceconnection/infinispan/Application.java
2026-01-18 18:03:01,360 - Knowledge - INFO - [LLM_CALL] Completed: FileBasedTenantBackend.java:chunk1, Duration: 37234ms, PromptTokens: 2380, CompletionTokens: 612, Cost: $0.00048
2026-01-18 18:03:01,496 - Knowledge - INFO - process ingested knowledge for /app/data/T0015/307413/b0002up/Hono/services/device-registry/src/main/java/org/eclipse/hono/deviceregistry/AutowiredCredentialsManagementAdapter.java
2026-01-18 18:03:01,698 - Knowledge - INFO - Fast-tracked /app/data/T0015/307413/b0002up/Hono/service-base/src/main/java/org/eclipse/hono/service/http/HonoChainAuthHandler.java (ext=.java, size=1400)
2026-01-18 18:03:01,755 - Knowledge - INFO - process ingested knowledge for /app/data/T0015/307413/b0002up/Hono/service-base/src/test/java/org/eclipse/hono/service/metric/MicrometerBasedMetricsTest.java
2026-01-18 18:03:01,945 - Knowledge - INFO - Worker kw3 processing /app/data/T0015/307413/b0002up/Hono/service-base/src/test/resources/logback-test.xml
2026-01-18 18:03:02,045 - Knowledge - INFO - Worker kw20 processing /app/data/T0015/307413/b0002up/Hono/service-base/src/main/java/org/eclipse/hono/service/http/HttpUtils.java
2026-01-18 18:03:02,174 - Knowledge - INFO - process ingested knowledge for /app/data/T0015/307413/b0002up/Hono/service-base/src/test/java/org/eclipse/hono/service/http/HttpUtilsTest.java
2026-01-18 18:03:02,276 - Knowledge - INFO - process ingested knowledge for /app/data/T0015/307413/b0002up/Hono/adapters/mqtt-vertx-base/src/main/java/org/eclipse/hono/adapter/mqtt/MqttContext.java
2026-01-18 18:03:02,364 - Knowledge - INFO - Worker kw16 processing /app/data/T0015/307413/b0002up/Hono/service-base/src/main/java/org/eclipse/hono/service/AbstractServiceBase.java
2026-01-18 18:03:02,458 - Knowledge - INFO - Fast-tracked /app/data/T0015/307413/b0002up/Hono/service-base/src/test/java/org/eclipse/hono/service/credentials/AbstractCredentialsServiceTest.java (ext=.java, size=31526)
2026-01-18 18:03:02,527 - Knowledge - INFO - Worker kw11 processing /app/data/T0015/307413/b0002up/Hono/service-base/src/test/java/org/eclipse/hono/service/management/credentials/SecretsTest.java
2026-01-18 18:03:03,087 - Knowledge - INFO - done ingest for /app/data/T0015/307413/b0002up/Hono/services/device-registry/src/main/java/org/eclipse/hono/deviceregistry/FileBasedTenantBackend.java
2026-01-18 18:03:03,105 - Knowledge - INFO - Async storing batch of 8 embeddings
2026-01-18 18:03:03,106 - Knowledge - INFO - Async storing batch of 8 embeddings
2026-01-18 18:03:03,106 - Knowledge - INFO - [LLM_CALL] Completed: FileBasedDeviceBackend.java:chunk1, Duration: 36792ms, PromptTokens: 4620, CompletionTokens: 1030, Cost: $0.00087
2026-01-18 18:03:03,224 - Knowledge - INFO - process ingested knowledge for /app/data/T0015/307413/b0002up/Hono/services/device-registry/src/main/java/org/eclipse/hono/deviceregistry/FileBasedCredentialsConfigProperties.java
2026-01-18 18:03:03,384 - Knowledge - INFO - Worker kw12 processing /app/data/T0015/307413/b0002up/Hono/service-base/src/main/java/org/eclipse/hono/service/deviceconnection/DeviceConnectionAmqpEndpoint.java
2026-01-18 18:03:03,592 - Knowledge - INFO - process ingested knowledge for /app/data/T0015/307413/b0002up/Hono/service-base/src/test/java/org/eclipse/hono/service/auth/device/UsernamePasswordAuthProviderTest.java
2026-01-18 18:03:03,827 - Knowledge - INFO - Fast-tracked /app/data/T0015/307413/b0002up/Hono/service-base/src/test/resources/logback-test.xml (ext=.xml, size=1363)
2026-01-18 18:03:04,022 - Knowledge - INFO - process ingested knowledge for /app/data/T0015/307413/b0002up/Hono/service-base/src/test/java/org/eclipse/hono/service/http/DefaultFailureHandlerTest.java
2026-01-18 18:03:04,197 - Knowledge - INFO - process ingested knowledge for /app/data/T0015/307413/b0002up/Hono/adapters/mqtt-vertx-base/src/main/java/org/eclipse/hono/adapter/mqtt/PropertyBag.java
2026-01-18 18:03:04,366 - Knowledge - INFO - Worker kw16 processing /app/data/T0015/307413/b0002up/Hono/service-base/src/main/java/org/eclipse/hono/service/AbstractApplication.java
2026-01-18 18:03:04,487 - Knowledge - INFO - Async storage completed for 8 embeddings
2026-01-18 18:03:04,739 - Knowledge - INFO - Fast-tracked /app/data/T0015/307413/b0002up/Hono/service-base/src/test/java/org/eclipse/hono/service/management/credentials/SecretsTest.java (ext=.java, size=7600)
2026-01-18 18:03:05,037 - Knowledge - INFO - Worker kw15 processing /app/data/T0015/307413/b0002up/Hono/service-base/src/main/java/org/eclipse/hono/service/metric/MicrometerBasedMetrics.java
2026-01-18 18:03:05,206 - Knowledge - INFO - Worker kw5 processing /app/data/T0015/307413/b0002up/Hono/service-base/src/main/java/org/eclipse/hono/service/auth/device/X509Authentication.java
2026-01-18 18:03:05,369 - Knowledge - INFO - done ingest for /app/data/T0015/307413/b0002up/Hono/services/device-registry/src/main/java/org/eclipse/hono/deviceregistry/FileBasedDeviceBackend.java
2026-01-18 18:03:05,382 - Knowledge - INFO - Processing batch of 8 files
2026-01-18 18:03:05,394 - Knowledge - INFO - [LLM_CALL] Completed: AbstractVertxBasedCoapAdapter.java:chunk1, Duration: 93186ms, PromptTokens: 11314, CompletionTokens: 1802, Cost: $0.00185
2026-01-18 18:03:05,480 - Knowledge - INFO - process ingested knowledge for /app/data/T0015/307413/b0002up/Hono/services/device-registry/src/main/java/org/eclipse/hono/deviceregistry/DummyRegistrationService.java
2026-01-18 18:03:05,600 - Knowledge - INFO - Worker kw12 processing /app/data/T0015/307413/b0002up/Hono/service-base/src/main/java/org/eclipse/hono/service/deviceconnection/DeviceConnectionService.java
2026-01-18 18:03:05,747 - Knowledge - INFO - process ingested knowledge for /app/data/T0015/307413/b0002up/Hono/service-base/src/test/java/org/eclipse/hono/service/auth/device/SubjectDnCredentialsTest.java
2026-01-18 18:03:05,886 - Knowledge - INFO - Async storage completed for 8 embeddings
2026-01-18 18:03:06,003 - Knowledge - INFO - process ingested knowledge for /app/data/T0015/307413/b0002up/Hono/service-base/src/test/java/org/eclipse/hono/service/http/HonoChainAuthHandlerTest.java
2026-01-18 18:03:06,183 - Knowledge - INFO - process ingested knowledge for /app/data/T0015/307413/b0002up/Hono/adapters/mqtt-vertx-base/pom.xml
2026-01-18 18:03:06,340 - Knowledge - INFO - Worker kw16 processing /app/data/T0015/307413/b0002up/Hono/service-base/src/main/java/org/eclipse/hono/service/cache/SpringCacheProvider.java
2026-01-18 18:03:06,623 - Knowledge - INFO - Async storage completed for 8 embeddings
2026-01-18 18:03:06,952 - Knowledge - INFO - Worker kw15 processing /app/data/T0015/307413/b0002up/Hono/service-base/src/main/java/org/eclipse/hono/service/metric/PrometheusScrapingResource.java
2026-01-18 18:03:07,041 - Knowledge - INFO - Fast-tracked /app/data/T0015/307413/b0002up/Hono/service-base/src/main/java/org/eclipse/hono/service/auth/device/X509Authentication.java (ext=.java, size=1874)
2026-01-18 18:03:07,325 - Knowledge - INFO - process ingested knowledge for /app/data/T0015/307413/b0002up/Hono/services/auth/src/main/java/org/eclipse/hono/service/auth/impl/ApplicationConfig.java
2026-01-18 18:03:07,819 - Knowledge - INFO - done ingest for /app/data/T0015/307413/b0002up/Hono/adapters/coap-vertx-base/src/main/java/org/eclipse/hono/adapter/coap/AbstractVertxBasedCoapAdapter.java
2026-01-18 18:03:07,825 - Knowledge - INFO - [LLM_CALL] Completed: HonoHttpDevice.java:chunk1, Duration: 23313ms, PromptTokens: 5584, CompletionTokens: 634, Cost: $0.00081
2026-01-18 18:03:07,831 - Knowledge - INFO - process ingested knowledge for /app/data/T0015/307413/b0002up/Hono/services/device-registry/src/main/java/org/eclipse/hono/deviceregistry/Application.java
2026-01-18 18:03:08,041 - Knowledge - INFO - Worker kw12 processing /app/data/T0015/307413/b0002up/Hono/service-base/src/main/java/org/eclipse/hono/service/deviceconnection/EventBusDeviceConnectionAdapter.java
2026-01-18 18:03:08,113 - Knowledge - INFO - process ingested knowledge for /app/data/T0015/307413/b0002up/Hono/service-base/src/test/java/org/eclipse/hono/service/auth/device/UsernamePasswordCredentialsTest.java
2026-01-18 18:03:08,479 - Knowledge - INFO - process ingested knowledge for /app/data/T0015/307413/b0002up/Hono/service-base/src/test/java/org/eclipse/hono/service/AbstractServiceBaseTest.java
2026-01-18 18:03:08,605 - Knowledge - INFO - process ingested knowledge for /app/data/T0015/307413/b0002up/Hono/adapters/mqtt-vertx/src/test/java/org/eclipse/hono/adapter/mqtt/impl/VertxBasedMqttProtocolAdapterTest.java
2026-01-18 18:03:08,758 - Knowledge - INFO - Fast-tracked /app/data/T0015/307413/b0002up/Hono/service-base/src/main/java/org/eclipse/hono/service/cache/SpringCacheProvider.java (ext=.java, size=1623)
2026-01-18 18:03:08,932 - Knowledge - INFO - Worker kw15 processing /app/data/T0015/307413/b0002up/Hono/service-base/src/main/java/org/eclipse/hono/service/metric/Metrics.java
2026-01-18 18:03:09,042 - Knowledge - INFO - Worker kw5 processing /app/data/T0015/307413/b0002up/Hono/service-base/src/main/java/org/eclipse/hono/service/auth/device/DeviceCredentials.java
2026-01-18 18:03:09,160 - Knowledge - INFO - process ingested knowledge for /app/data/T0015/307413/b0002up/Hono/services/auth/src/main/java/org/eclipse/hono/service/auth/impl/AuthenticationEndpoint.java
2026-01-18 18:03:09,343 - Knowledge - INFO - done ingest for /app/data/T0015/307413/b0002up/Hono/example/src/main/java/org/eclipse/hono/devices/HonoHttpDevice.java
2026-01-18 18:03:09,347 - Knowledge - INFO - [LLM_CALL] Completed: MapBasedDeviceConnectionService.java:chunk1, Duration: 55811ms, PromptTokens: 2914, CompletionTokens: 533, Cost: $0.00050
2026-01-18 18:03:09,458 - Knowledge - INFO - process ingested knowledge for /app/data/T0015/307413/b0002up/Hono/services/device-registry/src/main/java/org/eclipse/hono/deviceregistry/AutowiredTenantManagementAdapter.java
2026-01-18 18:03:09,629 - Knowledge - INFO - process ingested knowledge for /app/data/T0015/307413/b0002up/Hono/service-base/src/test/java/org/eclipse/hono/service/auth/device/CredentialsApiAuthProviderTest.java
2026-01-18 18:03:09,892 - Knowledge - INFO - Worker kw16 processing /app/data/T0015/307413/b0002up/Hono/service-base/src/main/java/org/eclipse/hono/service/cache/SpringBasedExpiringValueCache.java
2026-01-18 18:03:09,965 - Knowledge - INFO - Worker kw15 processing /app/data/T0015/307413/b0002up/Hono/service-base/src/main/java/org/eclipse/hono/service/auth/device/AuthHandler.java
2026-01-18 18:03:10,046 - Knowledge - INFO - Fast-tracked /app/data/T0015/307413/b0002up/Hono/service-base/src/main/java/org/eclipse/hono/service/auth/device/DeviceCredentials.java (ext=.java, size=1158)
2026-01-18 18:03:10,228 - Knowledge - INFO - process ingested knowledge for /app/data/T0015/307413/b0002up/Hono/services/auth/src/main/java/org/eclipse/hono/service/auth/impl/SimpleAuthenticationServer.java
2026-01-18 18:03:10,380 - Knowledge - INFO - done ingest for /app/data/T0015/307413/b0002up/Hono/services/device-registry/src/main/java/org/eclipse/hono/deviceregistry/MapBasedDeviceConnectionService.java
2026-01-18 18:03:10,382 - Knowledge - INFO - [LLM_CALL] Completed: RemoteCacheBasedDeviceConnectionService.java:chunk1, Duration: 38385ms, PromptTokens: 4020, CompletionTokens: 782, Cost: $0.00071
2026-01-18 18:03:11,249 - Knowledge - INFO - Worker kw16 processing /app/data/T0015/307413/b0002up/Hono/service-base/src/main/java/org/eclipse/hono/service/metric/NoopBasedMetrics.java
2026-01-18 18:03:11,371 - Knowledge - INFO - Fast-tracked /app/data/T0015/307413/b0002up/Hono/service-base/src/main/java/org/eclipse/hono/service/auth/device/AuthHandler.java (ext=.java, size=1625)
2026-01-18 18:03:11,384 - Knowledge - INFO - process ingested knowledge for /app/data/T0015/307413/b0002up/Hono/services/device-registry/src/main/java/org/eclipse/hono/deviceregistry/AutowiredDeviceManagementAdapter.java
2026-01-18 18:03:11,482 - Knowledge - INFO - Worker kw5 processing /app/data/T0015/307413/b0002up/Hono/service-base/src/main/java/org/eclipse/hono/service/auth/device/UsernamePasswordCredentials.java
2026-01-18 18:03:11,795 - Knowledge - INFO - process ingested knowledge for /app/data/T0015/307413/b0002up/Hono/service-base/src/test/java/org/eclipse/hono/service/auth/AuthTokenHelperImplTest.java
2026-01-18 18:03:11,819 - Knowledge - INFO - done ingest for /app/data/T0015/307413/b0002up/Hono/services/device-connection/src/main/java/org/eclipse/hono/deviceconnection/infinispan/RemoteCacheBasedDeviceConnectionService.java
2026-01-18 18:03:11,851 - Knowledge - INFO - [LLM_CALL] Completed: AmqpAdapterSaslAuthenticatorFactory.java:chunk1, Duration: 66656ms, PromptTokens: 7644, CompletionTokens: 966, Cost: $0.00115
2026-01-18 18:03:11,968 - Knowledge - INFO - Worker kw16 processing /app/data/T0015/307413/b0002up/Hono/service-base/src/main/java/org/eclipse/hono/service/metric/MetricsTags.java
2026-01-18 18:03:12,052 - Knowledge - INFO - Worker kw15 processing /app/data/T0015/307413/b0002up/Hono/service-base/src/main/java/org/eclipse/hono/service/auth/device/TenantServiceBasedX509Authentication.java
2026-01-18 18:03:12,086 - Knowledge - INFO - process ingested knowledge for /app/data/T0015/307413/b0002up/Hono/services/auth/src/main/resources/permissions.json
2026-01-18 18:03:12,252 - Knowledge - INFO - Worker kw5 processing /app/data/T0015/307413/b0002up/Hono/service-base/src/main/java/org/eclipse/hono/service/auth/device/ExecutionContextAuthHandler.java
2026-01-18 18:03:12,402 - Knowledge - INFO - process ingested knowledge for /app/data/T0015/307413/b0002up/Hono/services/device-registry/src/main/java/org/eclipse/hono/deviceregistry/FileBasedTenantService.java
2026-01-18 18:03:12,608 - Knowledge - INFO - done ingest for /app/data/T0015/307413/b0002up/Hono/adapters/amqp-vertx/src/main/java/org/eclipse/hono/adapter/amqp/AmqpAdapterSaslAuthenticatorFactory.java
2026-01-18 18:03:12,610 - Knowledge - INFO - Processing batch of 8 files
2026-01-18 18:03:12,662 - Knowledge - INFO - Processing batch of 8 files
2026-01-18 18:03:12,669 - Knowledge - INFO - [LLM_CALL] Completed: DummyCredentialsService.java:chunk1, Duration: 66421ms, PromptTokens: 1980, CompletionTokens: 437, Cost: $0.00037
2026-01-18 18:03:12,995 - Knowledge - INFO - Fast-tracked /app/data/T0015/307413/b0002up/Hono/service-base/src/main/java/org/eclipse/hono/service/deviceconnection/DeviceConnectionMessageFilter.java (small file (2367 bytes))
2026-01-18 18:03:13,079 - Knowledge - INFO - Worker kw15 processing /app/data/T0015/307413/b0002up/Hono/service-base/src/main/java/org/eclipse/hono/service/auth/device/SubjectDnCredentials.java
2026-01-18 18:03:13,397 - Knowledge - INFO - Worker kw5 processing /app/data/T0015/307413/b0002up/Hono/service-base/src/main/java/org/eclipse/hono/service/auth/device/DeviceCertificateValidator.java
2026-01-18 18:03:13,947 - Knowledge - INFO - process ingested knowledge for /app/data/T0015/307413/b0002up/Hono/service-base/src/test/java/org/eclipse/hono/service/EventBusServiceTest.java
2026-01-18 18:03:14,026 - Knowledge - INFO - process ingested knowledge for /app/data/T0015/307413/b0002up/Hono/service-base/src/test/java/org/eclipse/hono/service/limiting/MemoryBasedConnectionLimitStrategyTest.java
2026-01-18 18:03:14,160 - Knowledge - INFO - process ingested knowledge for /app/data/T0015/307413/b0002up/Hono/services/auth/src/main/resources/banner.txt
2026-01-18 18:03:14,203 - Knowledge - INFO - done ingest for /app/data/T0015/307413/b0002up/Hono/services/device-registry/src/main/java/org/eclipse/hono/deviceregistry/DummyCredentialsService.java
2026-01-18 18:03:14,236 - Knowledge - INFO - Processing batch of 8 files
2026-01-18 18:03:14,343 - Knowledge - INFO - Processing batch of 8 files
2026-01-18 18:03:14,405 - Knowledge - INFO - [WEBSOCKET] Sent: Type=progress_update, Size: 296, Duration: 101ms
2026-01-18 18:03:14,790 - Knowledge - INFO - Worker kw15 processing /app/data/T0015/307413/b0002up/Hono/service-base/src/main/java/org/eclipse/hono/service/auth/device/UsernamePasswordAuthProvider.java
2026-01-18 18:03:14,907 - Knowledge - INFO - Worker kw5 processing /app/data/T0015/307413/b0002up/Hono/service-base/src/main/java/org/eclipse/hono/service/auth/device/CredentialsApiAuthProvider.java
2026-01-18 18:03:15,454 - Knowledge - INFO - process ingested knowledge for /app/data/T0015/307413/b0002up/Hono/service-base/src/test/java/org/eclipse/hono/service/VertxBasedHealthCheckServerTest.java
2026-01-18 18:03:15,533 - Knowledge - INFO - process ingested knowledge for /app/data/T0015/307413/b0002up/Hono/service-base/src/test/java/org/eclipse/hono/service/limiting/DefaultConnectionLimitManagerTest.java
2026-01-18 18:03:15,754 - Knowledge - INFO - process ingested knowledge for /app/data/T0015/307413/b0002up/Hono/adapters/http-vertx-base/pom.xml
2026-01-18 18:03:15,880 - Knowledge - INFO - process ingested knowledge for /app/data/T0015/307413/b0002up/Hono/service-base/src/test/java/org/eclipse/hono/service/auth/EventBusAuthenticationServiceTest.java
2026-01-18 18:03:16,082 - Knowledge - INFO - [LLM_CALL] Completed: FileBasedCredentialsService.java:chunk1, Duration: 56274ms, PromptTokens: 13126, CompletionTokens: 909, Cost: $0.00168
2026-01-18 18:03:16,173 - Knowledge - INFO - Worker kw15 processing /app/data/T0015/307413/b0002up/Hono/service-base/src/main/java/org/eclipse/hono/service/auth/device/AbstractDeviceCredentials.java
2026-01-18 18:03:16,251 - Knowledge - INFO - Worker kw5 processing /app/data/T0015/307413/b0002up/Hono/service-base/src/main/java/org/eclipse/hono/service/auth/device/ChainAuthHandler.java
2026-01-18 18:03:16,485 - Knowledge - INFO - process ingested knowledge for /app/data/T0015/307413/b0002up/Hono/services/auth/src/main/resources/logback-spring.xml
2026-01-18 18:03:16,507 - Knowledge - INFO - process ingested knowledge for /app/data/T0015/307413/b0002up/Hono/service-base/src/test/java/org/eclipse/hono/service/registration/AbstractRegistrationServiceTest.java
2026-01-18 18:03:16,920 - Knowledge - INFO - done ingest for /app/data/T0015/307413/b0002up/Hono/services/device-registry/src/main/java/org/eclipse/hono/deviceregistry/FileBasedCredentialsService.java
2026-01-18 18:03:16,957 - Knowledge - INFO - [LLM_CALL] Completed: HonoExampleApplicationBase.java:chunk1, Duration: 35341ms, PromptTokens: 9776, CompletionTokens: 1305, Cost: $0.00150
2026-01-18 18:03:17,105 - Knowledge - INFO - [kw1] Queue=702, InProgress=0, PendingWorkers=20/20, Completed=228/1010 (22.6%)
2026-01-18 18:03:17,135 - Knowledge - INFO - process ingested knowledge for /app/data/T0015/307413/b0002up/Hono/adapters/coap-vertx-base/src/test/java/org/eclipse/hono/adapter/coap/AbstractVertxBasedCoapAdapterTest.java
2026-01-18 18:03:17,195 - Knowledge - INFO - Fast-tracked /app/data/T0015/307413/b0002up/Hono/service-base/src/main/java/org/eclipse/hono/service/auth/device/AbstractDeviceCredentials.java (ext=.java, size=1481)
2026-01-18 18:03:17,329 - Knowledge - INFO - Worker kw5 processing /app/data/T0015/307413/b0002up/Hono/service-base/src/main/java/org/eclipse/hono/service/auth/device/X509AuthProvider.java
2026-01-18 18:03:17,609 - Knowledge - INFO - Fast-tracked /app/data/T0015/307413/b0002up/Hono/service-base/src/main/java/org/eclipse/hono/service/http/HttpContext.java (small file (2227 bytes))
2026-01-18 18:03:17,661 - Knowledge - INFO - process ingested knowledge for /app/data/T0015/307413/b0002up/Hono/service-base/src/test/java/org/eclipse/hono/service/management/device/DeviceTest.java
2026-01-18 18:03:17,688 - Knowledge - INFO - process ingested knowledge for /app/data/T0015/307413/b0002up/Hono/service-base/src/test/java/org/eclipse/hono/service/AbstractProtocolAdapterBaseTest.java
2026-01-18 18:03:17,695 - Knowledge - INFO - process ingested knowledge for /app/data/T0015/307413/b0002up/Hono/services/auth/pom.xml
2026-01-18 18:03:17,869 - Knowledge - INFO - Fast-tracked /app/data/T0015/307413/b0002up/Hono/service-base/src/main/java/org/eclipse/hono/service/http/TenantTraceSamplingHandler.java (small file (2675 bytes))
2026-01-18 18:03:17,870 - Knowledge - INFO - done ingest for /app/data/T0015/307413/b0002up/Hono/example/src/main/java/org/eclipse/hono/vertx/example/base/HonoExampleApplicationBase.java
2026-01-18 18:03:17,899 - Knowledge - INFO - [WEBSOCKET] Sent: Type=unknown, Size: ?, Duration: 8552ms
2026-01-18 18:03:17,996 - Knowledge - INFO - Batch sizing: calculated=8, max_allowed=10, queue=702, active_workers=20/20
2026-01-18 18:03:18,214 - Knowledge - INFO - process ingested knowledge for /app/data/T0015/307413/b0002up/Hono/service-base/src/test/java/org/eclipse/hono/service/registration/RegistrationMessageFilterTest.java
2026-01-18 18:03:18,684 - Knowledge - INFO - process ingested knowledge for /app/data/T0015/307413/b0002up/Hono/adapters/coap-vertx-base/src/test/resources/logback-test.xml
2026-01-18 18:03:18,769 - Knowledge - INFO - process ingested knowledge for /app/data/T0015/307413/b0002up/Hono/service-base/src/test/java/org/eclipse/hono/service/management/tenant/EventBusTenantManagementAdapterTest.java
2026-01-18 18:03:18,794 - Knowledge - INFO - [kw9] Queue=702, InProgress=0, PendingWorkers=20/20, Completed=228/1010 (22.6%)
2026-01-18 18:03:19,119 - Knowledge - INFO - process ingested knowledge for /app/data/T0015/307413/b0002up/Hono/service-base/src/test/java/org/eclipse/hono/service/tenant/TenantMessageFilterTest.java
2026-01-18 18:03:19,404 - Knowledge - INFO - Progress: 22.6% | Files: 228/1010 | Rate: 1.54 files/sec | Queue: 702
2026-01-18 18:03:19,636 - Knowledge - INFO - process ingested knowledge for /app/data/T0015/307413/b0002up/Hono/services/device-registry/src/test/java/org/eclipse/hono/deviceregistry/FileBasedTenantServiceTest.java
2026-01-18 18:03:19,425 - Knowledge - INFO - [LLM_CALL] Completed: AmqpContext.java:chunk1, Duration: 104172ms, PromptTokens: 3772, CompletionTokens: 809, Cost: $0.00070
2026-01-18 18:03:19,412 - Knowledge - INFO - done ingest for /app/data/T0015/307413/b0002up/Hono/services/device-connection/src/main/java/org/eclipse/hono/deviceconnection/infinispan/ApplicationConfig.java
2026-01-18 18:03:20,121 - Knowledge - INFO - process ingested knowledge for /app/data/T0015/307413/b0002up/Hono/service-base/src/test/java/org/eclipse/hono/service/registration/BaseRegistrationServiceTest.java
2026-01-18 18:03:20,127 - Knowledge - INFO - process ingested knowledge for /app/data/T0015/307413/b0002up/Hono/adapters/coap-vertx-base/src/main/java/org/eclipse/hono/adapter/coap/AbstractVertxBasedCoapAdapter.java
2026-01-18 18:03:20,218 - Knowledge - INFO - Batch sizing: calculated=8, max_allowed=10, queue=702, active_workers=20/20
2026-01-18 18:03:20,452 - Knowledge - INFO - process ingested knowledge for /app/data/T0015/307413/b0002up/Hono/service-base/src/test/java/org/eclipse/hono/service/management/tenant/TenantTest.java
2026-01-18 18:03:20,498 - Knowledge - INFO - process ingested knowledge for /app/data/T0015/307413/b0002up/Hono/service-base/src/test/java/org/eclipse/hono/service/tenant/AbstractTenantServiceTest.java
2026-01-18 18:03:20,680 - Knowledge - INFO - [kw19] Queue=694, InProgress=0, PendingWorkers=20/20, Completed=235/1010 (23.3%)
2026-01-18 18:03:20,751 - Knowledge - INFO - done ingest for /app/data/T0015/307413/b0002up/Hono/adapters/amqp-vertx/src/main/java/org/eclipse/hono/adapter/amqp/impl/AmqpContext.java
2026-01-18 18:03:20,755 - Knowledge - INFO - Async storing batch of 8 embeddings
2026-01-18 18:03:20,755 - Knowledge - INFO - [LLM_CALL] Completed: FileBasedRegistrationService.java:chunk1, Duration: 61016ms, PromptTokens: 9448, CompletionTokens: 1867, Cost: $0.00169
2026-01-18 18:03:21,103 - Knowledge - INFO - process ingested knowledge for /app/data/T0015/307413/b0002up/Hono/service-base/src/test/java/org/eclipse/hono/service/amqp/RequestResponseEndpointTest.java
2026-01-18 18:03:21,198 - Knowledge - INFO - process ingested knowledge for /app/data/T0015/307413/b0002up/Hono/adapters/coap-vertx-base/src/main/java/org/eclipse/hono/adapter/coap/CoapContext.java
2026-01-18 18:03:21,278 - Knowledge - INFO - process ingested knowledge for /app/data/T0015/307413/b0002up/Hono/service-base/src/test/java/org/eclipse/hono/service/management/tenant/TrustedCertificateAuthorityTest.java
2026-01-18 18:03:21,410 - Knowledge - INFO - Batch sizing: calculated=8, max_allowed=10, queue=694, active_workers=20/20
2026-01-18 18:03:21,456 - Knowledge - INFO - process ingested knowledge for /app/data/T0015/307413/b0002up/Hono/service-base/src/test/java/org/eclipse/hono/service/resourcelimits/PrometheusBasedResourceLimitChecksTest.java
2026-01-18 18:03:21,668 - Knowledge - INFO - Worker kw1 processing /app/data/T0015/307413/b0002up/Hono/service-base/src/main/java/org/eclipse/hono/service/auth/device/HonoClientBasedAuthProvider.java
2026-01-18 18:03:21,786 - Knowledge - INFO - done ingest for /app/data/T0015/307413/b0002up/Hono/services/device-registry/src/main/java/org/eclipse/hono/deviceregistry/FileBasedRegistrationService.java
2026-01-18 18:03:21,791 - Knowledge - INFO - done ingest for /app/data/T0015/307413/b0002up/Hono/services/device-registry/src/main/java/org/eclipse/hono/deviceregistry/ApplicationConfig.java
2026-01-18 18:03:21,791 - Knowledge - INFO - Processing batch of 8 files
2026-01-18 18:03:21,796 - Knowledge - INFO - Processing batch of 8 files
2026-01-18 18:03:21,797 - Knowledge - INFO - Async storing batch of 8 embeddings
2026-01-18 18:03:21,799 - Knowledge - INFO - [kw7] Queue=686, InProgress=0, PendingWorkers=20/20, Completed=244/1010 (24.2%)
2026-01-18 18:03:21,799 - Knowledge - INFO - [kw18] Queue=686, InProgress=0, PendingWorkers=20/20, Completed=244/1010 (24.2%)
2026-01-18 18:03:22,191 - Knowledge - INFO - process ingested knowledge for /app/data/T0015/307413/b0002up/Hono/service-base/src/test/java/org/eclipse/hono/service/amqp/AmqpServiceBaseTest.java
2026-01-18 18:03:22,218 - Knowledge - INFO - process ingested knowledge for /app/data/T0015/307413/b0002up/Hono/adapters/coap-vertx-base/src/main/java/org/eclipse/hono/adapter/coap/VertxCoapResource.java
2026-01-18 18:03:22,247 - Knowledge - INFO - process ingested knowledge for /app/data/T0015/307413/b0002up/Hono/service-base/src/test/java/org/eclipse/hono/service/management/credentials/CredentialsTest.java
2026-01-18 18:03:22,588 - Knowledge - INFO - Async storing batch of 8 embeddings
2026-01-18 18:03:22,602 - Knowledge - INFO - Fast-tracked /app/data/T0015/307413/b0002up/Hono/service-base/src/main/java/org/eclipse/hono/service/auth/device/HonoClientBasedAuthProvider.java (ext=.java, size=1934)
2026-01-18 18:03:22,603 - Knowledge - INFO - process ingested knowledge for /app/data/T0015/307413/b0002up/Hono/service-base/src/test/java/org/eclipse/hono/service/credentials/BaseCredentialsServiceTest.java
2026-01-18 18:03:22,894 - Knowledge - INFO - process ingested knowledge for /app/data/T0015/307413/b0002up/Hono/example/src/main/java/org/eclipse/hono/vertx/example/HonoExampleApplication.java
2026-01-18 18:03:22,973 - Knowledge - INFO - process ingested knowledge for /app/data/T0015/307413/b0002up/Hono/services/device-connection/src/main/java/org/eclipse/hono/deviceconnection/infinispan/RemoteCacheBasedDeviceConnectionService.java
2026-01-18 18:03:23,152 - Knowledge - INFO - Processing batch of 8 files
2026-01-18 18:03:23,158 - Knowledge - INFO - Worker kw9 processing /app/data/T0015/307413/b0002up/Hono/service-base/src/main/java/org/eclipse/hono/service/auth/AddressAuthzHelper.java
2026-01-18 18:03:23,291 - Knowledge - INFO - Batch sizing: calculated=8, max_allowed=10, queue=686, active_workers=20/20
2026-01-18 18:03:23,316 - Knowledge - INFO - [WEBSOCKET] Sent: Type=progress_update, Size: 292, Duration: 0ms
2026-01-18 18:03:23,407 - Knowledge - INFO - Batch sizing: calculated=8, max_allowed=10, queue=686, active_workers=20/20
2026-01-18 18:03:23,537 - Knowledge - INFO - process ingested knowledge for /app/data/T0015/307413/b0002up/Hono/service-base/src/test/resources/logback-test.xml
2026-01-18 18:03:23,712 - Knowledge - INFO - process ingested knowledge for /app/data/T0015/307413/b0002up/Hono/adapters/coap-vertx-base/src/main/java/org/eclipse/hono/adapter/coap/CoapErrorResponse.java
2026-01-18 18:03:23,802 - Knowledge - INFO - process ingested knowledge for /app/data/T0015/307413/b0002up/Hono/service-base/src/test/java/org/eclipse/hono/service/management/credentials/SecretsTest.java
2026-01-18 18:03:23,998 - Knowledge - INFO - Worker kw19 processing /app/data/T0015/307413/b0002up/Hono/service-base/src/main/java/org/eclipse/hono/service/auth/EventBusAuthenticationService.java
2026-01-18 18:03:24,116 - Knowledge - INFO - Worker kw1 processing /app/data/T0015/307413/b0002up/Hono/service-base/src/main/java/org/eclipse/hono/service/auth/delegating/AuthenticationServerClientConfigProperties.java
2026-01-18 18:03:24,265 - Knowledge - INFO - process ingested knowledge for /app/data/T0015/307413/b0002up/Hono/service-base/src/test/java/org/eclipse/hono/service/credentials/CredentialsMessageFilterTest.java
2026-01-18 18:03:24,359 - Knowledge - INFO - process ingested knowledge for /app/data/T0015/307413/b0002up/Hono/example/src/main/java/org/eclipse/hono/vertx/example/base/HonoExampleConstants.java
2026-01-18 18:03:24,539 - Knowledge - INFO - process ingested knowledge for /app/data/T0015/307413/b0002up/Hono/services/device-connection/src/main/java/org/eclipse/hono/deviceconnection/infinispan/Application.java
2026-01-18 18:03:24,630 - Knowledge - INFO - process ingested knowledge for /app/data/T0015/307413/b0002up/Hono/services/device-registry/src/main/java/org/eclipse/hono/deviceregistry/ApplicationConfig.java
2026-01-18 18:03:24,754 - Knowledge - INFO - Worker kw9 processing /app/data/T0015/307413/b0002up/Hono/service-base/src/main/java/org/eclipse/hono/service/auth/HonoSaslAuthenticatorFactory.java
2026-01-18 18:03:25,152 - Knowledge - INFO - Async storing batch of 8 embeddings
2026-01-18 18:03:25,166 - Knowledge - INFO - [WEBSOCKET] Sent: Type=unknown, Size: ?, Duration: 1850ms
2026-01-18 18:03:25,644 - Knowledge - WARNING - Timeout processing /app/data/T0015/307413/b0002up/Hono/adapters/amqp-vertx/src/main/java/org/eclipse/hono/adapter/amqp/impl/VertxBasedAmqpProtocolAdapter.java after 90s - using fallback metadata
2026-01-18 18:03:25,644 - Knowledge - INFO - process ingested knowledge for /app/data/T0015/307413/b0002up/Hono/adapters/coap-vertx-base/src/main/java/org/eclipse/hono/adapter/coap/CoapAdapterProperties.java
2026-01-18 18:03:25,820 - Knowledge - INFO - Worker kw19 processing /app/data/T0015/307413/b0002up/Hono/service-base/src/main/java/org/eclipse/hono/service/auth/ValidityBasedTrustOptions.java
2026-01-18 18:03:25,990 - Knowledge - INFO - Fast-tracked /app/data/T0015/307413/b0002up/Hono/service-base/src/main/java/org/eclipse/hono/service/metric/PrometheusScrapingResource.java (small file (2227 bytes))
2026-01-18 18:03:25,992 - Knowledge - INFO - Fast-tracked /app/data/T0015/307413/b0002up/Hono/service-base/src/main/java/org/eclipse/hono/service/auth/delegating/AuthenticationServerClientConfigProperties.java (ext=.java, size=1281)
2026-01-18 18:03:26,242 - Knowledge - INFO - process ingested knowledge for /app/data/T0015/307413/b0002up/Hono/service-base/src/test/java/org/eclipse/hono/service/credentials/AbstractCredentialsServiceTest.java
2026-01-18 18:03:26,243 - Knowledge - INFO - process ingested knowledge for /app/data/T0015/307413/b0002up/Hono/example/src/main/java/org/eclipse/hono/vertx/example/base/HonoExampleApplicationBase.java
2026-01-18 18:03:26,751 - Knowledge - INFO - Worker kw9 processing /app/data/T0015/307413/b0002up/Hono/service-base/src/main/java/org/eclipse/hono/service/auth/ClaimsBasedAuthorizationService.java
2026-01-18 18:03:26,854 - Knowledge - INFO - Worker kw7 processing /app/data/T0015/307413/b0002up/Hono/service-base/src/main/java/org/eclipse/hono/service/tenant/TenantAmqpEndpoint.java
2026-01-18 18:03:26,864 - Knowledge - INFO - process ingested knowledge for /app/data/T0015/307413/b0002up/Hono/services/device-connection/src/main/java/org/eclipse/hono/deviceconnection/infinispan/ApplicationConfig.java
2026-01-18 18:03:26,865 - Knowledge - INFO - process ingested knowledge for /app/data/T0015/307413/b0002up/Hono/services/device-registry/src/main/java/org/eclipse/hono/deviceregistry/DeviceRegistryRestServer.java
2026-01-18 18:03:26,954 - Knowledge - INFO - Progress: 25.0% | Files: 252/1010 | Rate: 1.56 files/sec | Queue: 662
2026-01-18 18:03:26,960 - Knowledge - INFO - Async storing batch of 8 embeddings
2026-01-18 18:03:27,226 - Knowledge - INFO - Fast-tracked /app/data/T0015/307413/b0002up/Hono/service-base/src/main/java/org/eclipse/hono/service/auth/ValidityBasedTrustOptions.java (ext=.java, size=1388)
2026-01-18 18:03:27,378 - Knowledge - INFO - [LLM_CALL] Completed: AbstractFileBasedRegistryConfigProperties.java:chunk1, Duration: 57567ms, PromptTokens: 3190, CompletionTokens: 606, Cost: $0.00056
2026-01-18 18:03:27,417 - Knowledge - INFO - Worker kw1 processing /app/data/T0015/307413/b0002up/Hono/service-base/src/main/java/org/eclipse/hono/service/auth/delegating/DelegatingAuthenticationService.java
2026-01-18 18:03:27,746 - Knowledge - INFO - Worker kw9 processing /app/data/T0015/307413/b0002up/Hono/service-base/src/main/java/org/eclipse/hono/service/auth/AuthorizationConstants.java
2026-01-18 18:03:27,826 - Knowledge - INFO - process ingested knowledge for /app/data/T0015/307413/b0002up/Hono/example/src/main/java/org/eclipse/hono/devices/HonoHttpDevice.java
2026-01-18 18:03:27,830 - Knowledge - INFO - Worker kw7 processing /app/data/T0015/307413/b0002up/Hono/service-base/src/main/java/org/eclipse/hono/service/tenant/TenantMessageFilter.java
2026-01-18 18:03:28,060 - Knowledge - INFO - process ingested knowledge for /app/data/T0015/307413/b0002up/Hono/services/device-connection/src/main/java/org/eclipse/hono/deviceconnection/infinispan/DeviceConnectionAmqpServer.java
2026-01-18 18:03:28,060 - Knowledge - INFO - process ingested knowledge for /app/data/T0015/307413/b0002up/Hono/services/device-registry/src/main/java/org/eclipse/hono/deviceregistry/MapBasedDeviceConnectionService.java
2026-01-18 18:03:28,152 - Knowledge - INFO - Worker kw18 processing /app/data/T0015/307413/b0002up/Hono/service-base/src/main/java/org/eclipse/hono/service/resourcelimits/PrometheusBasedResourceLimitChecks.java
2026-01-18 18:03:28,153 - Knowledge - INFO - [kw4] Queue=662, InProgress=0, PendingWorkers=20/20, Completed=260/1010 (25.7%)
2026-01-18 18:03:28,245 - Knowledge - INFO - Worker kw19 processing /app/data/T0015/307413/b0002up/Hono/service-base/src/main/java/org/eclipse/hono/service/auth/AuthTokenHelper.java
2026-01-18 18:03:28,356 - Knowledge - INFO - done ingest for /app/data/T0015/307413/b0002up/Hono/services/device-registry/src/main/java/org/eclipse/hono/deviceregistry/AbstractFileBasedRegistryConfigProperties.java
2026-01-18 18:03:28,358 - Knowledge - INFO - Processing batch of 8 files
2026-01-18 18:03:28,425 - Knowledge - INFO - [kw3] Queue=662, InProgress=0, PendingWorkers=20/20, Completed=260/1010 (25.7%)
2026-01-18 18:03:28,437 - Knowledge - INFO - Worker kw1 processing /app/data/T0015/307413/b0002up/Hono/service-base/src/main/java/org/eclipse/hono/service/auth/delegating/DelegatingAuthenticationServiceConfig.java
2026-01-18 18:03:28,499 - Knowledge - INFO - [kw11] Queue=662, InProgress=0, PendingWorkers=20/20, Completed=260/1010 (25.7%)
2026-01-18 18:03:28,516 - Knowledge - INFO - Worker kw9 processing /app/data/T0015/307413/b0002up/Hono/service-base/src/main/java/org/eclipse/hono/service/auth/AuthenticationService.java
2026-01-18 18:03:28,660 - Knowledge - INFO - process ingested knowledge for /app/data/T0015/307413/b0002up/Hono/example/src/main/resources/logback.xml
2026-01-18 18:03:28,698 - Knowledge - INFO - Worker kw7 processing /app/data/T0015/307413/b0002up/Hono/service-base/src/main/java/org/eclipse/hono/service/tenant/BaseExecutionContextTenantAndAuthIdProvider.java
2026-01-18 18:03:28,927 - Knowledge - INFO - process ingested knowledge for /app/data/T0015/307413/b0002up/Hono/services/device-connection/src/main/resources/banner.txt
2026-01-18 18:03:28,927 - Knowledge - INFO - process ingested knowledge for /app/data/T0015/307413/b0002up/Hono/services/device-registry/src/main/java/org/eclipse/hono/deviceregistry/FileBasedCredentialsService.java
2026-01-18 18:03:28,927 - Knowledge - INFO - [kw14] Queue=662, InProgress=0, PendingWorkers=20/20, Completed=260/1010 (25.7%)
2026-01-18 18:03:29,047 - Knowledge - INFO - Worker kw18 processing /app/data/T0015/307413/b0002up/Hono/service-base/src/main/java/org/eclipse/hono/service/monitoring/AbstractMessageSenderConnectionEventProducer.java
2026-01-18 18:03:29,132 - Knowledge - INFO - Batch sizing: calculated=8, max_allowed=10, queue=662, active_workers=20/20
2026-01-18 18:03:29,224 - Knowledge - INFO - [kw13] Queue=662, InProgress=0, PendingWorkers=20/20, Completed=260/1010 (25.7%)
2026-01-18 18:03:29,248 - Knowledge - INFO - Worker kw19 processing /app/data/T0015/307413/b0002up/Hono/service-base/src/main/java/org/eclipse/hono/service/auth/DeviceUser.java
2026-01-18 18:03:29,354 - Knowledge - INFO - Processing batch of 8 files
2026-01-18 18:03:29,422 - Knowledge - INFO - process ingested knowledge for /app/data/T0015/307413/b0002up/Hono/adapters/amqp-vertx/src/test/resources/logback-test.xml
2026-01-18 18:03:29,539 - Knowledge - INFO - Batch sizing: calculated=8, max_allowed=10, queue=662, active_workers=20/20
2026-01-18 18:03:29,623 - Knowledge - INFO - Worker kw1 processing /app/data/T0015/307413/b0002up/Hono/service-base/src/main/java/org/eclipse/hono/service/auth/BaseAuthenticationService.java
2026-01-18 18:03:29,695 - Knowledge - INFO - Batch sizing: calculated=8, max_allowed=10, queue=662, active_workers=20/20
2026-01-18 18:03:29,770 - Knowledge - INFO - Worker kw9 processing /app/data/T0015/307413/b0002up/Hono/service-base/src/main/java/org/eclipse/hono/service/auth/AbstractHonoAuthenticationService.java
2026-01-18 18:03:29,848 - Knowledge - INFO - process ingested knowledge for /app/data/T0015/307413/b0002up/Hono/example/readme.md
2026-01-18 18:03:29,954 - Knowledge - INFO - Worker kw7 processing /app/data/T0015/307413/b0002up/Hono/service-base/src/main/java/org/eclipse/hono/service/tenant/TenantService.java
2026-01-18 18:03:30,003 - Knowledge - INFO - process ingested knowledge for /app/data/T0015/307413/b0002up/Hono/services/device-connection/src/main/resources/logback-spring.xml
2026-01-18 18:03:30,082 - Knowledge - INFO - process ingested knowledge for /app/data/T0015/307413/b0002up/Hono/services/device-registry/src/main/java/org/eclipse/hono/deviceregistry/FileBasedTenantBackend.java
2026-01-18 18:03:30,207 - Knowledge - INFO - Batch sizing: calculated=8, max_allowed=10, queue=662, active_workers=20/20
2026-01-18 18:03:30,322 - Knowledge - INFO - Worker kw18 processing /app/data/T0015/307413/b0002up/Hono/service-base/src/main/java/org/eclipse/hono/service/monitoring/HonoEventConnectionEventProducer.java
2026-01-18 18:03:30,409 - Knowledge - INFO - Async storing batch of 8 embeddings
2026-01-18 18:03:30,514 - Knowledge - INFO - Batch sizing: calculated=8, max_allowed=10, queue=662, active_workers=20/20
2026-01-18 18:03:30,603 - Knowledge - INFO - Worker kw19 processing /app/data/T0015/307413/b0002up/Hono/service-base/src/main/java/org/eclipse/hono/service/AbstractProtocolAdapterBase.java
2026-01-18 18:03:30,675 - Knowledge - INFO - process ingested knowledge for /app/data/T0015/307413/b0002up/Hono/services/device-registry/src/main/java/org/eclipse/hono/deviceregistry/AutowiredCredentialsAdapter.java
2026-01-18 18:03:30,760 - Knowledge - INFO - process ingested knowledge for /app/data/T0015/307413/b0002up/Hono/adapters/amqp-vertx/src/main/java/org/eclipse/hono/adapter/amqp/impl/AmqpContext.java
2026-01-18 18:03:30,854 - Knowledge - INFO - Async storing batch of 8 embeddings
2026-01-18 18:03:30,938 - Knowledge - INFO - Worker kw1 processing /app/data/T0015/307413/b0002up/Hono/service-base/src/main/java/org/eclipse/hono/service/auth/AuthorizationService.java
2026-01-18 18:03:31,014 - Knowledge - INFO - Async storing batch of 8 embeddings
2026-01-18 18:03:31,094 - Knowledge - INFO - Worker kw9 processing /app/data/T0015/307413/b0002up/Hono/service-base/src/main/java/org/eclipse/hono/service/auth/AuthTokenHelperImpl.java
2026-01-18 18:03:31,126 - Knowledge - INFO - Fast-tracked /app/data/T0015/307413/b0002up/Hono/service-base/src/main/java/org/eclipse/hono/service/metric/NoopBasedMetrics.java (small file (2510 bytes))
2026-01-18 18:03:31,192 - Knowledge - INFO - process ingested knowledge for /app/data/T0015/307413/b0002up/Hono/example/pom.xml
2026-01-18 18:03:31,282 - Knowledge - INFO - Worker kw7 processing /app/data/T0015/307413/b0002up/Hono/service-base/src/main/java/org/eclipse/hono/service/tenant/EventBusTenantAdapter.java
2026-01-18 18:03:31,367 - Knowledge - INFO - process ingested knowledge for /app/data/T0015/307413/b0002up/Hono/services/device-connection/pom.xml
2026-01-18 18:03:31,479 - Knowledge - INFO - process ingested knowledge for /app/data/T0015/307413/b0002up/Hono/services/device-registry/src/main/java/org/eclipse/hono/deviceregistry/AutowiredDeviceConnectionAdapter.java
2026-01-18 18:03:31,584 - Knowledge - INFO - Async storing batch of 8 embeddings
2026-01-18 18:03:31,677 - Knowledge - INFO - Fast-tracked /app/data/T0015/307413/b0002up/Hono/service-base/src/main/java/org/eclipse/hono/service/monitoring/HonoEventConnectionEventProducer.java (ext=.java, size=1081)
2026-01-18 18:03:31,764 - Knowledge - INFO - Worker kw4 processing /app/data/T0015/307413/b0002up/Hono/service-base/src/main/java/org/eclipse/hono/service/credentials/CredentialsService.java
2026-01-18 18:03:31,840 - Knowledge - INFO - Async storing batch of 8 embeddings
2026-01-18 18:03:31,970 - Knowledge - INFO - Worker kw19 processing /app/data/T0015/307413/b0002up/Hono/service-base/src/main/java/org/eclipse/hono/service/tenant/ExecutionContextTenantAndAuthIdProvider.java
2026-01-18 18:03:32,050 - Knowledge - INFO - process ingested knowledge for /app/data/T0015/307413/b0002up/Hono/services/device-registry/src/main/java/org/eclipse/hono/deviceregistry/DummyCredentialsService.java
2026-01-18 18:03:32,131 - Knowledge - INFO - process ingested knowledge for /app/data/T0015/307413/b0002up/Hono/adapters/amqp-vertx/src/main/java/org/eclipse/hono/adapter/amqp/impl/Application.java
2026-01-18 18:03:32,236 - Knowledge - INFO - Worker kw3 processing /app/data/T0015/307413/b0002up/Hono/service-base/src/main/java/org/eclipse/hono/service/management/OperationResult.java
2026-01-18 18:03:32,344 - Knowledge - INFO - Worker kw1 processing /app/data/T0015/307413/b0002up/Hono/service-base/src/main/java/org/eclipse/hono/service/auth/HonoSaslAuthenticator.java
2026-01-18 18:03:32,436 - Knowledge - INFO - Worker kw11 processing /app/data/T0015/307413/b0002up/Hono/service-base/src/main/java/org/eclipse/hono/service/management/tenant/EventBusTenantManagementAdapter.java
2026-01-18 18:03:32,537 - Knowledge - INFO - Worker kw9 processing /app/data/T0015/307413/b0002up/Hono/service-base/src/main/java/org/eclipse/hono/service/auth/ValidityOnlyTrustManagerFactory.java
2026-01-18 18:03:32,699 - Knowledge - INFO - process ingested knowledge for /app/data/T0015/307413/b0002up/Hono/bom/pom.xml
2026-01-18 18:03:32,825 - Knowledge - INFO - Worker kw7 processing /app/data/T0015/307413/b0002up/Hono/service-base/src/main/java/org/eclipse/hono/service/resourcelimits/ResourceLimitChecks.java
2026-01-18 18:03:32,914 - Knowledge - INFO - process ingested knowledge for /app/data/T0015/307413/b0002up/Hono/services/pom.xml
2026-01-18 18:03:33,006 - Knowledge - INFO - process ingested knowledge for /app/data/T0015/307413/b0002up/Hono/services/device-registry/src/main/java/org/eclipse/hono/deviceregistry/FileBasedRegistrationConfigProperties.java
2026-01-18 18:03:33,109 - Knowledge - INFO - Worker kw14 processing /app/data/T0015/307413/b0002up/Hono/service-base/src/main/java/org/eclipse/hono/service/management/credentials/CommonCredential.java
2026-01-18 18:03:33,208 - Knowledge - INFO - Worker kw18 processing /app/data/T0015/307413/b0002up/Hono/service-base/src/main/java/org/eclipse/hono/service/monitoring/ConnectionEventProducer.java
2026-01-18 18:03:33,305 - Knowledge - INFO - Worker kw4 processing /app/data/T0015/307413/b0002up/Hono/service-base/src/main/java/org/eclipse/hono/service/Endpoint.java
2026-01-18 18:03:33,393 - Knowledge - INFO - Worker kw13 processing /app/data/T0015/307413/b0002up/Hono/service-base/src/main/java/org/eclipse/hono/service/management/credentials/GenericSecret.java
2026-01-18 18:03:33,483 - Knowledge - INFO - Fast-tracked /app/data/T0015/307413/b0002up/Hono/service-base/src/main/java/org/eclipse/hono/service/tenant/ExecutionContextTenantAndAuthIdProvider.java (ext=.java, size=1856)
2026-01-18 18:03:33,569 - Knowledge - INFO - process ingested knowledge for /app/data/T0015/307413/b0002up/Hono/services/device-registry/src/main/java/org/eclipse/hono/deviceregistry/FileBasedRegistrationService.java
2026-01-18 18:03:33,662 - Knowledge - INFO - process ingested knowledge for /app/data/T0015/307413/b0002up/Hono/adapters/amqp-vertx/src/main/java/org/eclipse/hono/adapter/amqp/impl/VertxBasedAmqpProtocolAdapter.java
2026-01-18 18:03:33,744 - Knowledge - INFO - Worker kw3 processing /app/data/T0015/307413/b0002up/Hono/service-base/src/main/java/org/eclipse/hono/service/management/device/Device.java
2026-01-18 18:03:33,818 - Knowledge - INFO - Worker kw1 processing /app/data/T0015/307413/b0002up/Hono/service-base/src/main/java/org/eclipse/hono/service/auth/X509CertificateChainValidator.java
2026-01-18 18:03:33,936 - Knowledge - INFO - Worker kw11 processing /app/data/T0015/307413/b0002up/Hono/service-base/src/main/java/org/eclipse/hono/service/management/tenant/TenantBackend.java
2026-01-18 18:03:34,220 - Knowledge - INFO - Fast-tracked /app/data/T0015/307413/b0002up/Hono/service-base/src/main/java/org/eclipse/hono/service/resourcelimits/ResourceLimitChecks.java (ext=.java, size=1961)
2026-01-18 18:03:34,531 - Knowledge - INFO - Worker kw14 processing /app/data/T0015/307413/b0002up/Hono/service-base/src/main/java/org/eclipse/hono/service/management/credentials/PskSecret.java
2026-01-18 18:03:34,548 - Knowledge - INFO - process ingested knowledge for /app/data/T0015/307413/b0002up/Hono/services/device-registry/src/main/java/org/eclipse/hono/deviceregistry/MapBasedDeviceConnectionsConfigProperties.java
2026-01-18 18:03:34,612 - Knowledge - INFO - Worker kw18 processing /app/data/T0015/307413/b0002up/Hono/service-base/src/main/java/org/eclipse/hono/service/monitoring/LoggingConnectionEventProducer.java
2026-01-18 18:03:34,713 - Knowledge - INFO - Fast-tracked /app/data/T0015/307413/b0002up/Hono/service-base/src/main/java/org/eclipse/hono/service/Endpoint.java (ext=.java, size=1077)
2026-01-18 18:03:34,828 - Knowledge - INFO - Fast-tracked /app/data/T0015/307413/b0002up/Hono/service-base/src/main/java/org/eclipse/hono/service/management/credentials/GenericSecret.java (ext=.java, size=1296)
2026-01-18 18:03:34,924 - Knowledge - INFO - Worker kw19 processing /app/data/T0015/307413/b0002up/Hono/service-base/src/main/java/org/eclipse/hono/service/tenant/TenantTraceSamplingHelper.java
2026-01-18 18:03:35,136 - Knowledge - INFO - process ingested knowledge for /app/data/T0015/307413/b0002up/Hono/services/device-registry/src/main/java/org/eclipse/hono/deviceregistry/DummyTenantService.java
2026-01-18 18:03:35,136 - Knowledge - INFO - process ingested knowledge for /app/data/T0015/307413/b0002up/Hono/adapters/amqp-vertx/src/main/java/org/eclipse/hono/adapter/amqp/impl/Config.java
2026-01-18 18:03:35,188 - Knowledge - INFO - Worker kw3 processing /app/data/T0015/307413/b0002up/Hono/service-base/src/main/java/org/eclipse/hono/service/management/device/DeviceBackend.java
2026-01-18 18:03:35,405 - Knowledge - INFO - Fast-tracked /app/data/T0015/307413/b0002up/Hono/service-base/src/main/java/org/eclipse/hono/service/management/tenant/TenantBackend.java (ext=.java, size=819)
2026-01-18 18:03:35,525 - Knowledge - INFO - Worker kw7 processing /app/data/T0015/307413/b0002up/Hono/service-base/src/main/java/org/eclipse/hono/service/resourcelimits/NoopResourceLimitChecks.java
2026-01-18 18:03:35,551 - Knowledge - INFO - [kw10] Queue=622, InProgress=0, PendingWorkers=20/20, Completed=268/1010 (26.5%)
2026-01-18 18:03:35,621 - Knowledge - INFO - Fast-tracked /app/data/T0015/307413/b0002up/Hono/service-base/src/main/java/org/eclipse/hono/service/management/credentials/PskSecret.java (ext=.java, size=1917)
2026-01-18 18:03:35,707 - Knowledge - INFO - [kw8] Queue=622, InProgress=0, PendingWorkers=20/20, Completed=268/1010 (26.5%)
2026-01-18 18:03:35,811 - Knowledge - INFO - Fast-tracked /app/data/T0015/307413/b0002up/Hono/service-base/src/main/java/org/eclipse/hono/service/monitoring/LoggingConnectionEventProducer.java (ext=.java, size=1934)
2026-01-18 18:03:35,893 - Knowledge - INFO - Worker kw4 processing /app/data/T0015/307413/b0002up/Hono/service-base/src/main/java/org/eclipse/hono/service/AbstractEndpoint.java
2026-01-18 18:03:35,980 - Knowledge - INFO - Worker kw13 processing /app/data/T0015/307413/b0002up/Hono/service-base/src/main/java/org/eclipse/hono/service/management/credentials/CommonSecret.java
2026-01-18 18:03:36,059 - Knowledge - INFO - Worker kw19 processing /app/data/T0015/307413/b0002up/Hono/service-base/src/main/java/org/eclipse/hono/service/tenant/TenantObjectWithAuthId.java
2026-01-18 18:03:36,179 - Knowledge - INFO - process ingested knowledge for /app/data/T0015/307413/b0002up/Hono/services/device-registry/src/main/java/org/eclipse/hono/deviceregistry/FileBasedDeviceBackend.java
2026-01-18 18:03:36,272 - Knowledge - INFO - process ingested knowledge for /app/data/T0015/307413/b0002up/Hono/adapters/amqp-vertx/src/main/java/org/eclipse/hono/adapter/amqp/impl/AmqpContextTenantAndAuthIdProvider.java
2026-01-18 18:03:36,352 - Knowledge - INFO - Fast-tracked /app/data/T0015/307413/b0002up/Hono/service-base/src/main/java/org/eclipse/hono/service/management/device/DeviceBackend.java (ext=.java, size=1066)
2026-01-18 18:03:36,443 - Knowledge - INFO - Worker kw11 processing /app/data/T0015/307413/b0002up/Hono/service-base/src/main/java/org/eclipse/hono/service/management/tenant/Tenant.java
2026-01-18 18:03:36,567 - Knowledge - INFO - Fast-tracked /app/data/T0015/307413/b0002up/Hono/service-base/src/main/java/org/eclipse/hono/service/resourcelimits/NoopResourceLimitChecks.java (ext=.java, size=1202)
2026-01-18 18:03:36,650 - Knowledge - INFO - Batch sizing: calculated=8, max_allowed=10, queue=622, active_workers=20/20
2026-01-18 18:03:36,667 - Knowledge - INFO - [kw2] Queue=622, InProgress=0, PendingWorkers=20/20, Completed=268/1010 (26.5%)
2026-01-18 18:03:36,735 - Knowledge - INFO - Worker kw14 processing /app/data/T0015/307413/b0002up/Hono/service-base/src/main/java/org/eclipse/hono/service/management/credentials/X509CertificateCredential.java
2026-01-18 18:03:36,856 - Knowledge - INFO - Batch sizing: calculated=8, max_allowed=10, queue=622, active_workers=20/20
2026-01-18 18:03:36,893 - Knowledge - INFO - Fast-tracked /app/data/T0015/307413/b0002up/Hono/service-base/src/main/java/org/eclipse/hono/service/auth/device/SubjectDnCredentials.java (small file (2591 bytes))
2026-01-18 18:03:36,948 - Knowledge - INFO - Worker kw18 processing /app/data/T0015/307413/b0002up/Hono/service-base/src/main/java/org/eclipse/hono/service/credentials/CredentialsAmqpEndpoint.java
2026-01-18 18:03:37,037 - Knowledge - INFO - Worker kw4 processing /app/data/T0015/307413/b0002up/Hono/service-base/src/main/java/org/eclipse/hono/service/limiting/ConnectionLimitStrategy.java
2026-01-18 18:03:37,143 - Knowledge - INFO - Worker kw13 processing /app/data/T0015/307413/b0002up/Hono/service-base/src/main/java/org/eclipse/hono/service/management/credentials/CredentialTypeResolver.java
2026-01-18 18:03:37,232 - Knowledge - INFO - Fast-tracked /app/data/T0015/307413/b0002up/Hono/service-base/src/main/java/org/eclipse/hono/service/tenant/TenantObjectWithAuthId.java (ext=.java, size=1864)
2026-01-18 18:03:37,348 - Knowledge - INFO - process ingested knowledge for /app/data/T0015/307413/b0002up/Hono/services/device-registry/src/main/java/org/eclipse/hono/deviceregistry/Versioned.java
2026-01-18 18:03:37,370 - Knowledge - INFO - Async storage completed for 8 embeddings
2026-01-18 18:03:37,430 - Knowledge - INFO - process ingested knowledge for /app/data/T0015/307413/b0002up/Hono/adapters/amqp-vertx/src/main/java/org/eclipse/hono/adapter/amqp/AmqpAdapterSaslAuthenticatorFactory.java
2026-01-18 18:03:37,523 - Knowledge - INFO - Worker kw3 processing /app/data/T0015/307413/b0002up/Hono/service-base/src/main/java/org/eclipse/hono/service/management/device/EventBusDeviceManagementAdapter.java
2026-01-18 18:03:37,615 - Knowledge - INFO - Worker kw11 processing /app/data/T0015/307413/b0002up/Hono/service-base/src/main/java/org/eclipse/hono/service/management/tenant/Adapter.java
2026-01-18 18:03:37,699 - Knowledge - INFO - Worker kw7 processing /app/data/T0015/307413/b0002up/Hono/service-base/src/main/java/org/eclipse/hono/service/resourcelimits/PrometheusBasedResourceLimitChecksConfig.java
2026-01-18 18:03:37,796 - Knowledge - INFO - Async storing batch of 8 embeddings
2026-01-18 18:03:37,870 - Knowledge - INFO - Fast-tracked /app/data/T0015/307413/b0002up/Hono/service-base/src/main/java/org/eclipse/hono/service/auth/device/ChainAuthHandler.java (small file (3027 bytes))
2026-01-18 18:03:37,881 - Knowledge - INFO - Batch sizing: calculated=8, max_allowed=10, queue=622, active_workers=20/20
2026-01-18 18:03:38,004 - Knowledge - INFO - Worker kw14 processing /app/data/T0015/307413/b0002up/Hono/service-base/src/main/java/org/eclipse/hono/service/management/credentials/CredentialsManagementService.java
2026-01-18 18:03:38,083 - Knowledge - INFO - Async storing batch of 8 embeddings
2026-01-18 18:03:38,273 - Knowledge - INFO - Worker kw18 processing /app/data/T0015/307413/b0002up/Hono/service-base/src/main/java/org/eclipse/hono/service/credentials/CredentialsMessageFilter.java
2026-01-18 18:03:38,351 - Knowledge - INFO - Fast-tracked /app/data/T0015/307413/b0002up/Hono/service-base/src/main/java/org/eclipse/hono/service/auth/HonoSaslAuthenticatorFactory.java (small file (2563 bytes))
2026-01-18 18:03:38,370 - Knowledge - INFO - Fast-tracked /app/data/T0015/307413/b0002up/Hono/service-base/src/main/java/org/eclipse/hono/service/limiting/ConnectionLimitStrategy.java (ext=.java, size=1387)
2026-01-18 18:03:38,460 - Knowledge - INFO - Worker kw13 processing /app/data/T0015/307413/b0002up/Hono/service-base/src/main/java/org/eclipse/hono/service/management/credentials/X509CertificateSecret.java
2026-01-18 18:03:38,625 - Knowledge - INFO - process ingested knowledge for /app/data/T0015/307413/b0002up/Hono/services/device-registry/src/main/java/org/eclipse/hono/deviceregistry/AutowiredTenantAdapter.java
2026-01-18 18:03:38,837 - Knowledge - INFO - process ingested knowledge for /app/data/T0015/307413/b0002up/Hono/adapters/amqp-vertx/src/main/java/org/eclipse/hono/adapter/amqp/AmqpAdapterProperties.java
2026-01-18 18:03:38,958 - Knowledge - INFO - Worker kw3 processing /app/data/T0015/307413/b0002up/Hono/service-base/src/main/java/org/eclipse/hono/service/management/device/DeviceManagementService.java
2026-01-18 18:03:39,029 - Knowledge - INFO - Worker kw11 processing /app/data/T0015/307413/b0002up/Hono/service-base/src/main/java/org/eclipse/hono/service/management/tenant/TrustedCertificateAuthority.java
2026-01-18 18:03:39,195 - Knowledge - INFO - Worker kw10 processing /app/data/T0015/307413/b0002up/Hono/service-base/src/main/java/org/eclipse/hono/service/AbstractBaseApplication.java
2026-01-18 18:03:39,309 - Knowledge - INFO - Async storage completed for 8 embeddings
2026-01-18 18:03:39,362 - Knowledge - INFO - Async storing batch of 8 embeddings
2026-01-18 18:03:39,571 - Knowledge - INFO - Worker kw14 processing /app/data/T0015/307413/b0002up/Hono/service-base/src/main/java/org/eclipse/hono/service/management/credentials/CredentialsManagementHttpEndpoint.java
2026-01-18 18:03:39,676 - Knowledge - INFO - Worker kw8 processing /app/data/T0015/307413/b0002up/Hono/service-base/src/main/java/org/eclipse/hono/service/NoopHealthCheckServer.java
2026-01-18 18:03:39,767 - Knowledge - INFO - Worker kw18 processing /app/data/T0015/307413/b0002up/Hono/service-base/src/main/java/org/eclipse/hono/service/credentials/EventBusCredentialsAdapter.java
2026-01-18 18:03:39,863 - Knowledge - INFO - Fast-tracked /app/data/T0015/307413/b0002up/Hono/service-base/src/main/java/org/eclipse/hono/service/auth/ClaimsBasedAuthorizationService.java (small file (2218 bytes))
2026-01-18 18:03:39,955 - Knowledge - INFO - Worker kw4 processing /app/data/T0015/307413/b0002up/Hono/service-base/src/main/java/org/eclipse/hono/service/limiting/MemoryBasedConnectionLimitStrategy.java
2026-01-18 18:03:40,033 - Knowledge - INFO - Fast-tracked /app/data/T0015/307413/b0002up/Hono/service-base/src/main/java/org/eclipse/hono/service/management/credentials/X509CertificateSecret.java (ext=.java, size=778)
2026-01-18 18:03:40,120 - Knowledge - INFO - process ingested knowledge for /app/data/T0015/307413/b0002up/Hono/services/device-registry/src/main/java/org/eclipse/hono/deviceregistry/AbstractFileBasedRegistryConfigProperties.java
2026-01-18 18:03:40,366 - Knowledge - INFO - Worker kw3 processing /app/data/T0015/307413/b0002up/Hono/service-base/src/main/java/org/eclipse/hono/service/management/device/DeviceManagementHttpEndpoint.java
2026-01-18 18:03:40,477 - Knowledge - INFO - Worker kw11 processing /app/data/T0015/307413/b0002up/Hono/service-base/src/main/java/org/eclipse/hono/service/management/Util.java
2026-01-18 18:03:40,569 - Knowledge - INFO - Worker kw10 processing /app/data/T0015/307413/b0002up/Hono/service-base/src/main/java/org/eclipse/hono/service/HealthCheckServer.java
2026-01-18 18:03:40,766 - Knowledge - INFO - Worker kw2 processing /app/data/T0015/307413/b0002up/Hono/core/src/test/java/org/eclipse/hono/connection/impl/ConnectionFactoryImplTest.java
2026-01-18 18:03:40,848 - Knowledge - INFO - Worker kw14 processing /app/data/T0015/307413/b0002up/Hono/service-base/src/main/java/org/eclipse/hono/service/management/credentials/PasswordCredential.java
2026-01-18 18:03:41,062 - Knowledge - INFO - Fast-tracked /app/data/T0015/307413/b0002up/Hono/service-base/src/main/java/org/eclipse/hono/service/NoopHealthCheckServer.java (ext=.java, size=1373)
2026-01-18 18:03:41,252 - Knowledge - INFO - Fast-tracked /app/data/T0015/307413/b0002up/Hono/service-base/src/main/java/org/eclipse/hono/service/auth/AuthorizationConstants.java (small file (2414 bytes))
2026-01-18 18:03:41,344 - Knowledge - INFO - Worker kw4 processing /app/data/T0015/307413/b0002up/Hono/service-base/src/main/java/org/eclipse/hono/service/limiting/ConnectionLimitManager.java
2026-01-18 18:03:41,430 - Knowledge - INFO - Worker kw13 processing /app/data/T0015/307413/b0002up/Hono/service-base/src/main/java/org/eclipse/hono/service/management/Id.java
2026-01-18 18:03:41,475 - Knowledge - INFO - [kw17] Queue=598, InProgress=0, PendingWorkers=20/20, Completed=268/1010 (26.5%)
2026-01-18 18:03:41,672 - Knowledge - INFO - Worker kw3 processing /app/data/T0015/307413/b0002up/Hono/service-base/src/main/java/org/eclipse/hono/service/management/tenant/TenantManagementHttpEndpoint.java
2026-01-18 18:03:41,757 - Knowledge - INFO - Worker kw11 processing /app/data/T0015/307413/b0002up/Hono/service-base/src/main/java/org/eclipse/hono/service/management/credentials/EventBusCredentialsManagementAdapter.java
2026-01-18 18:03:41,981 - Knowledge - INFO - Fast-tracked /app/data/T0015/307413/b0002up/Hono/service-base/src/main/java/org/eclipse/hono/service/HealthCheckServer.java (ext=.java, size=977)
2026-01-18 18:03:42,159 - Knowledge - INFO - Fast-tracked /app/data/T0015/307413/b0002up/Hono/core/src/test/java/org/eclipse/hono/connection/impl/ConnectionFactoryImplTest.java (ext=.java, size=10898)
2026-01-18 18:03:42,274 - Knowledge - INFO - Worker kw14 processing /app/data/T0015/307413/b0002up/Hono/service-base/src/main/java/org/eclipse/hono/service/management/credentials/PasswordSecret.java
2026-01-18 18:03:42,394 - Knowledge - INFO - Worker kw8 processing /app/data/T0015/307413/b0002up/Hono/service-base/src/main/java/org/eclipse/hono/service/amqp/AmqpEndpoint.java
2026-01-18 18:03:42,664 - Knowledge - INFO - Fast-tracked /app/data/T0015/307413/b0002up/Hono/service-base/src/main/java/org/eclipse/hono/service/limiting/ConnectionLimitManager.java (ext=.java, size=760)
2026-01-18 18:03:42,843 - Knowledge - INFO - Fast-tracked /app/data/T0015/307413/b0002up/Hono/service-base/src/main/java/org/eclipse/hono/service/management/Id.java (ext=.java, size=1200)
2026-01-18 18:03:42,949 - Knowledge - INFO - Batch sizing: calculated=8, max_allowed=10, queue=598, active_workers=20/20
2026-01-18 18:03:43,108 - Knowledge - INFO - Worker kw3 processing /app/data/T0015/307413/b0002up/Hono/service-base/src/main/java/org/eclipse/hono/service/management/tenant/TenantManagementService.java
2026-01-18 18:03:43,263 - Knowledge - INFO - Worker kw11 processing /app/data/T0015/307413/b0002up/Hono/service-base/src/main/java/org/eclipse/hono/service/management/credentials/GenericCredential.java
2026-01-18 18:03:43,355 - Knowledge - INFO - Worker kw10 processing /app/data/T0015/307413/b0002up/Hono/service-base/src/main/java/org/eclipse/hono/service/registration/AbstractRegistrationService.java
2026-01-18 18:03:43,518 - Knowledge - INFO - Worker kw2 processing /app/data/T0015/307413/b0002up/Hono/core/src/test/java/org/eclipse/hono/tracing/TracingHelperTest.java
2026-01-18 18:03:43,676 - Knowledge - INFO - Worker kw14 processing /app/data/T0015/307413/b0002up/Hono/service-base/src/main/java/org/eclipse/hono/service/management/credentials/PskCredential.java
2026-01-18 18:03:43,901 - Knowledge - INFO - Worker kw8 processing /app/data/T0015/307413/b0002up/Hono/service-base/src/main/java/org/eclipse/hono/service/amqp/AbstractAmqpEndpoint.java
2026-01-18 18:03:43,992 - Knowledge - INFO - Worker kw4 processing /app/data/T0015/307413/b0002up/Hono/service-base/src/main/java/org/eclipse/hono/service/limiting/ConnectionLimitAutoConfigException.java
2026-01-18 18:03:44,121 - Knowledge - INFO - Worker kw13 processing /app/data/T0015/307413/b0002up/Hono/service-base/src/main/java/org/eclipse/hono/service/management/Result.java
2026-01-18 18:03:44,680 - Knowledge - INFO - Async storing batch of 8 embeddings
2026-01-18 18:03:44,789 - Knowledge - INFO - Worker kw10 processing /app/data/T0015/307413/b0002up/Hono/service-base/src/main/java/org/eclipse/hono/service/registration/EventBusRegistrationAdapter.java
2026-01-18 18:03:44,847 - Knowledge - INFO - Async storage completed for 8 embeddings
2026-01-18 18:03:44,921 - Knowledge - INFO - Fast-tracked /app/data/T0015/307413/b0002up/Hono/core/src/test/java/org/eclipse/hono/tracing/TracingHelperTest.java (ext=.java, size=3688)
2026-01-18 18:03:45,150 - Knowledge - INFO - Worker kw8 processing /app/data/T0015/307413/b0002up/Hono/service-base/src/main/java/org/eclipse/hono/service/amqp/RequestResponseEndpoint.java
2026-01-18 18:03:45,299 - Knowledge - INFO - [kw6] Queue=590, InProgress=0, PendingWorkers=20/20, Completed=268/1010 (26.5%)
2026-01-18 18:03:45,312 - Knowledge - INFO - Fast-tracked /app/data/T0015/307413/b0002up/Hono/service-base/src/main/java/org/eclipse/hono/service/limiting/ConnectionLimitAutoConfigException.java (ext=.java, size=1030)
2026-01-18 18:03:45,455 - Knowledge - INFO - Worker kw13 processing /app/data/T0015/307413/b0002up/Hono/service-base/src/main/java/org/eclipse/hono/service/EventBusService.java
2026-01-18 18:03:45,567 - Knowledge - INFO - Worker kw17 processing /app/data/T0015/307413/b0002up/Hono/core/src/test/java/org/eclipse/hono/config/KeyLoaderTest.java
2026-01-18 18:03:45,654 - Knowledge - INFO - Worker kw10 processing /app/data/T0015/307413/b0002up/Hono/service-base/src/main/java/org/eclipse/hono/service/registration/RegistrationService.java
2026-01-18 18:03:45,882 - Knowledge - INFO - Worker kw2 processing /app/data/T0015/307413/b0002up/Hono/core/src/test/java/org/eclipse/hono/tracing/MessageAnnotationsInjectExtractAdapterTest.java
2026-01-18 18:03:46,148 - Knowledge - INFO - Worker kw8 processing /app/data/T0015/307413/b0002up/Hono/service-base/src/main/java/org/eclipse/hono/service/amqp/AmqpServiceBase.java
2026-01-18 18:03:46,276 - Knowledge - INFO - Batch sizing: calculated=8, max_allowed=10, queue=590, active_workers=20/20
2026-01-18 18:03:46,487 - Knowledge - INFO - Worker kw4 processing /app/data/T0015/307413/b0002up/Hono/service-base/src/main/java/org/eclipse/hono/service/limiting/DefaultConnectionLimitManager.java
2026-01-18 18:03:46,674 - Knowledge - INFO - Worker kw13 processing /app/data/T0015/307413/b0002up/Hono/service-base/src/main/java/org/eclipse/hono/service/VertxBasedHealthCheckServer.java
2026-01-18 18:03:46,835 - Knowledge - INFO - Fast-tracked /app/data/T0015/307413/b0002up/Hono/core/src/test/java/org/eclipse/hono/config/KeyLoaderTest.java (ext=.java, size=4008)
2026-01-18 18:03:46,950 - Knowledge - INFO - Fast-tracked /app/data/T0015/307413/b0002up/Hono/service-base/src/main/java/org/eclipse/hono/service/tenant/TenantMessageFilter.java (small file (2222 bytes))
2026-01-18 18:03:46,960 - Knowledge - INFO - Worker kw10 processing /app/data/T0015/307413/b0002up/Hono/service-base/src/main/java/org/eclipse/hono/service/registration/RegistrationMessageFilter.java
2026-01-18 18:03:47,047 - Knowledge - INFO - Fast-tracked /app/data/T0015/307413/b0002up/Hono/core/src/test/java/org/eclipse/hono/tracing/MessageAnnotationsInjectExtractAdapterTest.java (ext=.java, size=2669)
2026-01-18 18:03:47,078 - Knowledge - INFO - [LLM_CALL] Completed: AbstractServiceBase.java:chunk1, Duration: 31038ms, PromptTokens: 8048, CompletionTokens: 1198, Cost: $0.00128
2026-01-18 18:03:47,120 - Knowledge - INFO - Worker kw8 processing /app/data/T0015/307413/b0002up/Hono/service-base/src/main/java/org/eclipse/hono/service/HealthCheckProvider.java
2026-01-18 18:03:47,237 - Knowledge - INFO - Fast-tracked /app/data/T0015/307413/b0002up/Hono/service-base/src/main/java/org/eclipse/hono/service/auth/AuthTokenHelper.java (small file (2381 bytes))
2026-01-18 18:03:47,521 - Knowledge - INFO - Worker kw17 processing /app/data/T0015/307413/b0002up/Hono/core/src/test/java/org/eclipse/hono/config/ClientConfigPropertiesTest.java
2026-01-18 18:03:47,750 - Knowledge - INFO - Worker kw10 processing /app/data/T0015/307413/b0002up/Hono/service-base/src/main/java/org/eclipse/hono/service/registration/RegistrationAmqpEndpoint.java
2026-01-18 18:03:47,838 - Knowledge - INFO - Worker kw2 processing /app/data/T0015/307413/b0002up/Hono/core/src/test/java/org/eclipse/hono/tracing/MultiMapInjectExtractAdapterTest.java
2026-01-18 18:03:48,003 - Knowledge - INFO - done ingest for /app/data/T0015/307413/b0002up/Hono/service-base/src/main/java/org/eclipse/hono/service/AbstractServiceBase.java
2026-01-18 18:03:48,036 - Knowledge - INFO - Async storing batch of 8 embeddings
2026-01-18 18:03:48,145 - Knowledge - INFO - Fast-tracked /app/data/T0015/307413/b0002up/Hono/service-base/src/main/java/org/eclipse/hono/service/HealthCheckProvider.java (ext=.java, size=1585)
2026-01-18 18:03:48,293 - Knowledge - INFO - Fast-tracked /app/data/T0015/307413/b0002up/Hono/service-base/src/main/java/org/eclipse/hono/service/auth/DeviceUser.java (small file (2358 bytes))
2026-01-18 18:03:48,368 - Knowledge - INFO - Fast-tracked /app/data/T0015/307413/b0002up/Hono/core/src/test/java/org/eclipse/hono/config/ClientConfigPropertiesTest.java (ext=.java, size=1429)
2026-01-18 18:03:48,467 - Knowledge - INFO - Worker kw10 processing /app/data/T0015/307413/b0002up/Hono/service-base/src/main/java/org/eclipse/hono/service/AbstractAdapterConfig.java
2026-01-18 18:03:48,538 - Knowledge - INFO - Fast-tracked /app/data/T0015/307413/b0002up/Hono/core/src/test/java/org/eclipse/hono/tracing/MultiMapInjectExtractAdapterTest.java (ext=.java, size=1910)
2026-01-18 18:03:48,845 - Knowledge - INFO - Worker kw6 processing /app/data/T0015/307413/b0002up/Hono/core/src/test/java/org/eclipse/hono/util/StringsTest.java
2026-01-18 18:03:49,078 - Knowledge - INFO - Worker kw8 processing /app/data/T0015/307413/b0002up/Hono/service-base/src/main/resources/config/application-prometheus.yml
2026-01-18 18:03:49,393 - Knowledge - INFO - Async storage completed for 8 embeddings
2026-01-18 18:03:49,393 - Knowledge - INFO - Split /app/data/T0015/307413/b0002up/Hono/service-base/src/main/java/org/eclipse/hono/service/AbstractProtocolAdapterBase.java (73202 bytes) into 3 chunks of ~32KB
2026-01-18 18:03:49,481 - Knowledge - INFO - Worker kw17 processing /app/data/T0015/307413/b0002up/Hono/core/src/test/java/org/eclipse/hono/config/AbstractConfigTest.java
2026-01-18 18:03:49,785 - Knowledge - INFO - Worker kw2 processing /app/data/T0015/307413/b0002up/Hono/core/src/test/java/org/eclipse/hono/tracing/JsonObjectInjectExtractAdapterTest.java
2026-01-18 18:03:50,036 - Knowledge - INFO - Fast-tracked /app/data/T0015/307413/b0002up/Hono/core/src/test/java/org/eclipse/hono/util/StringsTest.java (ext=.java, size=2110)
2026-01-18 18:03:50,238 - Knowledge - INFO - Fast-tracked /app/data/T0015/307413/b0002up/Hono/service-base/src/main/resources/config/application-prometheus.yml (ext=.yml, size=308)
2026-01-18 18:03:50,638 - Knowledge - INFO - Fast-tracked /app/data/T0015/307413/b0002up/Hono/core/src/test/java/org/eclipse/hono/config/AbstractConfigTest.java (ext=.java, size=3973)
2026-01-18 18:03:50,712 - Knowledge - INFO - Async storage completed for 8 embeddings
2026-01-18 18:03:50,869 - Knowledge - INFO - Fast-tracked /app/data/T0015/307413/b0002up/Hono/core/src/test/java/org/eclipse/hono/tracing/JsonObjectInjectExtractAdapterTest.java (ext=.java, size=2278)
2026-01-18 18:03:50,883 - Knowledge - INFO - [LLM_CALL] Completed: SpringBasedExpiringValueCache.java:chunk1, Duration: 23922ms, PromptTokens: 2068, CompletionTokens: 457, Cost: $0.00039
2026-01-18 18:03:50,921 - Knowledge - INFO - Worker kw6 processing /app/data/T0015/307413/b0002up/Hono/core/src/test/java/org/eclipse/hono/util/MessageTapTest.java
2026-01-18 18:03:51,069 - Knowledge - INFO - Worker kw8 processing /app/data/T0015/307413/b0002up/Hono/service-base/pom.xml
2026-01-18 18:03:51,161 - Knowledge - INFO - Worker kw17 processing /app/data/T0015/307413/b0002up/Hono/core/src/test/java/org/eclipse/hono/config/FileFormatTest.java
2026-01-18 18:03:51,667 - Knowledge - INFO - Worker kw2 processing /app/data/T0015/307413/b0002up/Hono/core/src/test/java/org/eclipse/hono/auth/BCryptHelperTest.java
2026-01-18 18:03:51,768 - Knowledge - INFO - done ingest for /app/data/T0015/307413/b0002up/Hono/service-base/src/main/java/org/eclipse/hono/service/cache/SpringBasedExpiringValueCache.java
2026-01-18 18:03:51,937 - Knowledge - INFO - Fast-tracked /app/data/T0015/307413/b0002up/Hono/core/src/test/java/org/eclipse/hono/util/MessageTapTest.java (ext=.java, size=4136)
2026-01-18 18:03:52,058 - Knowledge - INFO - Fast-tracked /app/data/T0015/307413/b0002up/Hono/service-base/pom.xml (ext=.xml, size=8364)
2026-01-18 18:03:52,275 - Knowledge - INFO - Fast-tracked /app/data/T0015/307413/b0002up/Hono/core/src/test/java/org/eclipse/hono/config/FileFormatTest.java (ext=.java, size=2633)
2026-01-18 18:03:52,282 - Knowledge - INFO - Fast-tracked /app/data/T0015/307413/b0002up/Hono/core/src/test/java/org/eclipse/hono/auth/BCryptHelperTest.java (ext=.java, size=1543)
2026-01-18 18:03:52,473 - Knowledge - INFO - [LLM_CALL] Completed: AbstractApplication.java:chunk1, Duration: 31720ms, PromptTokens: 2738, CompletionTokens: 523, Cost: $0.00048
2026-01-18 18:03:52,513 - Knowledge - INFO - Worker kw6 processing /app/data/T0015/307413/b0002up/Hono/core/src/test/java/org/eclipse/hono/util/EventBusMessageTest.java
2026-01-18 18:03:52,628 - Knowledge - INFO - Fast-tracked /app/data/T0015/307413/b0002up/Hono/service-base/src/main/java/org/eclipse/hono/service/amqp/AmqpEndpoint.java (small file (2280 bytes))
2026-01-18 18:03:52,756 - Knowledge - INFO - Worker kw17 processing /app/data/T0015/307413/b0002up/Hono/core/src/test/java/org/eclipse/hono/config/PemReaderTest.java
2026-01-18 18:03:52,863 - Knowledge - INFO - Worker kw2 processing /app/data/T0015/307413/b0002up/Hono/core/src/test/java/org/eclipse/hono/auth/SpringBasedHonoPasswordEncoderTest.java
2026-01-18 18:03:52,953 - Knowledge - INFO - done ingest for /app/data/T0015/307413/b0002up/Hono/service-base/src/main/java/org/eclipse/hono/service/AbstractApplication.java
2026-01-18 18:03:53,162 - Knowledge - INFO - Fast-tracked /app/data/T0015/307413/b0002up/Hono/core/src/test/java/org/eclipse/hono/util/EventBusMessageTest.java (ext=.java, size=3453)
2026-01-18 18:03:53,401 - Knowledge - INFO - Fast-tracked /app/data/T0015/307413/b0002up/Hono/core/src/test/java/org/eclipse/hono/config/PemReaderTest.java (ext=.java, size=4651)
2026-01-18 18:03:53,557 - Knowledge - INFO - Fast-tracked /app/data/T0015/307413/b0002up/Hono/core/src/test/java/org/eclipse/hono/auth/SpringBasedHonoPasswordEncoderTest.java (ext=.java, size=7126)
2026-01-18 18:03:53,756 - Knowledge - INFO - Worker kw6 processing /app/data/T0015/307413/b0002up/Hono/core/src/test/java/org/eclipse/hono/util/TenantObjectTest.java
2026-01-18 18:03:53,903 - Knowledge - INFO - Worker kw17 processing /app/data/T0015/307413/b0002up/Hono/core/src/test/java/org/eclipse/hono/util/JsonBackedValueObjectTest.java
2026-01-18 18:03:53,958 - Knowledge - INFO - [LLM_CALL] Completed: MicrometerBasedMetrics.java:chunk1, Duration: 33206ms, PromptTokens: 7310, CompletionTokens: 1041, Cost: $0.00115
2026-01-18 18:03:54,130 - Knowledge - INFO - Worker kw2 processing /app/data/T0015/307413/b0002up/Hono/core/src/test/java/org/eclipse/hono/auth/AuthoritiesImplTest.java
2026-01-18 18:03:54,341 - Knowledge - INFO - Fast-tracked /app/data/T0015/307413/b0002up/Hono/core/src/test/java/org/eclipse/hono/util/TenantObjectTest.java (ext=.java, size=13317)
2026-01-18 18:03:54,392 - Knowledge - INFO - Fast-tracked /app/data/T0015/307413/b0002up/Hono/core/src/test/java/org/eclipse/hono/util/JsonBackedValueObjectTest.java (ext=.java, size=1931)
2026-01-18 18:03:54,501 - Knowledge - INFO - done ingest for /app/data/T0015/307413/b0002up/Hono/service-base/src/main/java/org/eclipse/hono/service/metric/MicrometerBasedMetrics.java
2026-01-18 18:03:54,633 - Knowledge - INFO - Fast-tracked /app/data/T0015/307413/b0002up/Hono/core/src/test/java/org/eclipse/hono/auth/AuthoritiesImplTest.java (ext=.java, size=2311)
2026-01-18 18:03:54,696 - Knowledge - INFO - [LLM_CALL] Completed: MetricsTags.java:chunk1, Duration: 22083ms, PromptTokens: 5162, CompletionTokens: 692, Cost: $0.00079
2026-01-18 18:03:54,740 - Knowledge - INFO - Worker kw6 processing /app/data/T0015/307413/b0002up/Hono/core/src/test/java/org/eclipse/hono/util/TriTupleTest.java
2026-01-18 18:03:54,874 - Knowledge - INFO - Worker kw17 processing /app/data/T0015/307413/b0002up/Hono/core/src/test/java/org/eclipse/hono/util/TimeUntilDisconnectNotificationTest.java
2026-01-18 18:03:55,163 - Knowledge - INFO - Async storage completed for 8 embeddings
2026-01-18 18:03:55,302 - Knowledge - INFO - done ingest for /app/data/T0015/307413/b0002up/Hono/service-base/src/main/java/org/eclipse/hono/service/metric/MetricsTags.java
2026-01-18 18:03:55,318 - Knowledge - INFO - [LLM_CALL] Completed: HttpContextTenantAndAuthIdProvider.java:chunk1, Duration: 45972ms, PromptTokens: 3930, CompletionTokens: 590, Cost: $0.00063
2026-01-18 18:03:55,447 - Knowledge - INFO - Fast-tracked /app/data/T0015/307413/b0002up/Hono/core/src/test/java/org/eclipse/hono/util/TriTupleTest.java (ext=.java, size=2836)
2026-01-18 18:03:55,578 - Knowledge - INFO - Fast-tracked /app/data/T0015/307413/b0002up/Hono/core/src/test/java/org/eclipse/hono/util/TimeUntilDisconnectNotificationTest.java (ext=.java, size=3118)
2026-01-18 18:03:56,030 - Knowledge - INFO - done ingest for /app/data/T0015/307413/b0002up/Hono/service-base/src/main/java/org/eclipse/hono/service/http/HttpContextTenantAndAuthIdProvider.java
2026-01-18 18:03:56,031 - Knowledge - INFO - Processing batch of 8 files
2026-01-18 18:03:56,032 - Knowledge - INFO - [LLM_CALL] Completed: Metrics.java:chunk1, Duration: 28685ms, PromptTokens: 3262, CompletionTokens: 510, Cost: $0.00053
2026-01-18 18:03:56,117 - Knowledge - INFO - Worker kw6 processing /app/data/T0015/307413/b0002up/Hono/core/src/test/java/org/eclipse/hono/util/JwtHelperTest.java
2026-01-18 18:03:56,193 - Knowledge - INFO - Worker kw17 processing /app/data/T0015/307413/b0002up/Hono/core/src/test/java/org/eclipse/hono/util/HostnamesTest.java
2026-01-18 18:03:56,411 - Knowledge - INFO - process ingested knowledge for /app/data/T0015/307413/b0002up/Hono/core/src/test/java/org/eclipse/hono/connection/impl/ConnectionFactoryImplTest.java
2026-01-18 18:03:56,516 - Knowledge - INFO - done ingest for /app/data/T0015/307413/b0002up/Hono/service-base/src/main/java/org/eclipse/hono/service/metric/Metrics.java
2026-01-18 18:03:56,530 - Knowledge - INFO - Processing batch of 8 files
2026-01-18 18:03:56,668 - Knowledge - INFO - Fast-tracked /app/data/T0015/307413/b0002up/Hono/core/src/test/java/org/eclipse/hono/util/JwtHelperTest.java (ext=.java, size=1700)
2026-01-18 18:03:56,783 - Knowledge - INFO - Fast-tracked /app/data/T0015/307413/b0002up/Hono/core/src/test/java/org/eclipse/hono/util/HostnamesTest.java (ext=.java, size=888)
2026-01-18 18:03:56,922 - Knowledge - INFO - process ingested knowledge for /app/data/T0015/307413/b0002up/Hono/core/src/test/java/org/eclipse/hono/tracing/TracingHelperTest.java
2026-01-18 18:03:57,158 - Knowledge - INFO - process ingested knowledge for /app/data/T0015/307413/b0002up/Hono/service-base/src/main/java/org/eclipse/hono/service/deviceconnection/DeviceConnectionMessageFilter.java
2026-01-18 18:03:57,352 - Knowledge - INFO - Worker kw6 processing /app/data/T0015/307413/b0002up/Hono/core/src/test/java/org/eclipse/hono/util/CredentialsObjectTest.java
2026-01-18 18:03:57,538 - Knowledge - INFO - Async storage completed for 8 embeddings
2026-01-18 18:03:57,646 - Knowledge - INFO - process ingested knowledge for /app/data/T0015/307413/b0002up/Hono/core/src/test/java/org/eclipse/hono/tracing/MessageAnnotationsInjectExtractAdapterTest.java
2026-01-18 18:03:57,773 - Knowledge - INFO - process ingested knowledge for /app/data/T0015/307413/b0002up/Hono/service-base/src/main/java/org/eclipse/hono/service/Lifecycle.java
2026-01-18 18:03:58,118 - Knowledge - INFO - Fast-tracked /app/data/T0015/307413/b0002up/Hono/core/src/test/java/org/eclipse/hono/util/CredentialsObjectTest.java (ext=.java, size=5753)
2026-01-18 18:03:58,127 - Knowledge - INFO - [LLM_CALL] Completed: AuthHandlerTools.java:chunk1, Duration: 27277ms, PromptTokens: 2116, CompletionTokens: 373, Cost: $0.00036
2026-01-18 18:03:58,417 - Knowledge - INFO - process ingested knowledge for /app/data/T0015/307413/b0002up/Hono/core/src/test/java/org/eclipse/hono/tracing/MultiMapInjectExtractAdapterTest.java
2026-01-18 18:03:58,499 - Knowledge - INFO - process ingested knowledge for /app/data/T0015/307413/b0002up/Hono/service-base/src/main/java/org/eclipse/hono/service/AbstractServiceBase.java
2026-01-18 18:03:58,592 - Knowledge - INFO - Worker kw6 processing /app/data/T0015/307413/b0002up/Hono/core/src/test/java/org/eclipse/hono/util/MessageHelperTest.java
2026-01-18 18:03:58,717 - Knowledge - INFO - done ingest for /app/data/T0015/307413/b0002up/Hono/service-base/src/main/java/org/eclipse/hono/service/http/AuthHandlerTools.java
2026-01-18 18:03:58,719 - Knowledge - INFO - Processing batch of 8 files
2026-01-18 18:03:58,719 - Knowledge - INFO - [LLM_CALL] Completed: DefaultFailureHandler.java:chunk1, Duration: 37966ms, PromptTokens: 2356, CompletionTokens: 339, Cost: $0.00037
2026-01-18 18:03:58,801 - Knowledge - INFO - process ingested knowledge for /app/data/T0015/307413/b0002up/Hono/core/src/test/java/org/eclipse/hono/tracing/JsonObjectInjectExtractAdapterTest.java
2026-01-18 18:03:58,887 - Knowledge - INFO - process ingested knowledge for /app/data/T0015/307413/b0002up/Hono/service-base/src/main/java/org/eclipse/hono/service/AbstractApplication.java
2026-01-18 18:03:58,986 - Knowledge - INFO - Fast-tracked /app/data/T0015/307413/b0002up/Hono/core/src/test/java/org/eclipse/hono/util/MessageHelperTest.java (ext=.java, size=11661)
2026-01-18 18:03:59,302 - Knowledge - INFO - process ingested knowledge for /app/data/T0015/307413/b0002up/Hono/core/src/test/java/org/eclipse/hono/config/KeyLoaderTest.java
2026-01-18 18:03:59,418 - Knowledge - INFO - done ingest for /app/data/T0015/307413/b0002up/Hono/service-base/src/main/java/org/eclipse/hono/service/http/DefaultFailureHandler.java
2026-01-18 18:03:59,574 - Knowledge - INFO - process ingested knowledge for /app/data/T0015/307413/b0002up/Hono/core/src/test/java/org/eclipse/hono/auth/BCryptHelperTest.java
2026-01-18 18:03:59,724 - Knowledge - INFO - process ingested knowledge for /app/data/T0015/307413/b0002up/Hono/service-base/src/main/java/org/eclipse/hono/service/cache/SpringCacheProvider.java
2026-01-18 18:03:59,921 - Knowledge - INFO - Async storage completed for 8 embeddings
2026-01-18 18:03:59,985 - Knowledge - INFO - process ingested knowledge for /app/data/T0015/307413/b0002up/Hono/core/src/test/java/org/eclipse/hono/config/ClientConfigPropertiesTest.java
2026-01-18 18:03:59,991 - Knowledge - INFO - [LLM_CALL] Completed: X509AuthHandler.java:chunk1, Duration: 39237ms, PromptTokens: 2388, CompletionTokens: 588, Cost: $0.00047
2026-01-18 18:04:00,179 - Knowledge - INFO - process ingested knowledge for /app/data/T0015/307413/b0002up/Hono/core/src/test/java/org/eclipse/hono/auth/SpringBasedHonoPasswordEncoderTest.java
2026-01-18 18:04:00,289 - Knowledge - INFO - process ingested knowledge for /app/data/T0015/307413/b0002up/Hono/service-base/src/main/java/org/eclipse/hono/service/cache/SpringBasedExpiringValueCache.java
2026-01-18 18:04:00,521 - Knowledge - INFO - process ingested knowledge for /app/data/T0015/307413/b0002up/Hono/core/src/test/java/org/eclipse/hono/config/AbstractConfigTest.java
2026-01-18 18:04:00,608 - Knowledge - INFO - done ingest for /app/data/T0015/307413/b0002up/Hono/service-base/src/main/java/org/eclipse/hono/service/http/X509AuthHandler.java
2026-01-18 18:04:00,609 - Knowledge - INFO - Processing batch of 8 files
2026-01-18 18:04:00,730 - Knowledge - INFO - process ingested knowledge for /app/data/T0015/307413/b0002up/Hono/core/src/test/java/org/eclipse/hono/auth/AuthoritiesImplTest.java
2026-01-18 18:04:00,812 - Knowledge - INFO - process ingested knowledge for /app/data/T0015/307413/b0002up/Hono/service-base/src/main/java/org/eclipse/hono/service/metric/NoopBasedMetrics.java
2026-01-18 18:04:00,926 - Knowledge - INFO - process ingested knowledge for /app/data/T0015/307413/b0002up/Hono/core/src/test/java/org/eclipse/hono/config/FileFormatTest.java
2026-01-18 18:04:01,142 - Knowledge - INFO - process ingested knowledge for /app/data/T0015/307413/b0002up/Hono/core/src/test/java/org/eclipse/hono/util/StringsTest.java
2026-01-18 18:04:01,750 - Knowledge - INFO - Fast-tracked /app/data/T0015/307413/b0002up/Hono/service-base/src/main/java/org/eclipse/hono/service/management/credentials/CredentialTypeResolver.java (small file (2874 bytes))
2026-01-18 18:04:01,768 - Knowledge - INFO - process ingested knowledge for /app/data/T0015/307413/b0002up/Hono/service-base/src/main/java/org/eclipse/hono/service/metric/MetricsTags.java
2026-01-18 18:04:01,781 - Knowledge - INFO - process ingested knowledge for /app/data/T0015/307413/b0002up/Hono/core/src/test/java/org/eclipse/hono/config/PemReaderTest.java
2026-01-18 18:04:01,821 - Knowledge - INFO - process ingested knowledge for /app/data/T0015/307413/b0002up/Hono/core/src/test/java/org/eclipse/hono/util/MessageTapTest.java
2026-01-18 18:04:02,472 - Knowledge - INFO - process ingested knowledge for /app/data/T0015/307413/b0002up/Hono/core/src/test/java/org/eclipse/hono/util/JsonBackedValueObjectTest.java
2026-01-18 18:04:02,495 - Knowledge - INFO - process ingested knowledge for /app/data/T0015/307413/b0002up/Hono/core/src/test/java/org/eclipse/hono/util/EventBusMessageTest.java
2026-01-18 18:04:02,917 - Knowledge - INFO - Fast-tracked /app/data/T0015/307413/b0002up/Hono/service-base/src/main/java/org/eclipse/hono/service/management/credentials/X509CertificateCredential.java (small file (2194 bytes))
2026-01-18 18:04:03,069 - Knowledge - INFO - process ingested knowledge for /app/data/T0015/307413/b0002up/Hono/core/src/test/java/org/eclipse/hono/util/TimeUntilDisconnectNotificationTest.java
2026-01-18 18:04:03,069 - Knowledge - INFO - process ingested knowledge for /app/data/T0015/307413/b0002up/Hono/core/src/test/java/org/eclipse/hono/util/TenantObjectTest.java
2026-01-18 18:04:03,771 - Knowledge - INFO - process ingested knowledge for /app/data/T0015/307413/b0002up/Hono/core/src/test/java/org/eclipse/hono/util/HostnamesTest.java
2026-01-18 18:04:03,784 - Knowledge - INFO - process ingested knowledge for /app/data/T0015/307413/b0002up/Hono/core/src/test/java/org/eclipse/hono/util/TriTupleTest.java
2026-01-18 18:04:03,869 - Knowledge - INFO - [LLM_CALL] Completed: HttpUtils.java:chunk1, Duration: 29069ms, PromptTokens: 8020, CompletionTokens: 876, Cost: $0.00115
2026-01-18 18:04:04,413 - Knowledge - INFO - done ingest for /app/data/T0015/307413/b0002up/Hono/service-base/src/main/java/org/eclipse/hono/service/http/HttpUtils.java
2026-01-18 18:04:04,426 - Knowledge - INFO - process ingested knowledge for /app/data/T0015/307413/b0002up/Hono/core/src/test/java/org/eclipse/hono/util/JwtHelperTest.java
2026-01-18 18:04:06,240 - Knowledge - INFO - process ingested knowledge for /app/data/T0015/307413/b0002up/Hono/core/src/test/java/org/eclipse/hono/util/CredentialsObjectTest.java
2026-01-18 18:04:06,408 - Knowledge - INFO - [LLM_CALL] Completed: HonoBasicAuthHandler.java:chunk1, Duration: 39448ms, PromptTokens: 2312, CompletionTokens: 503, Cost: $0.00043
2026-01-18 18:04:06,617 - Knowledge - INFO - done ingest for /app/data/T0015/307413/b0002up/Hono/service-base/src/main/java/org/eclipse/hono/service/http/HonoBasicAuthHandler.java
2026-01-18 18:04:06,755 - Knowledge - INFO - [LLM_CALL] Completed: UsernamePasswordAuthProvider.java:chunk1, Duration: 28567ms, PromptTokens: 2844, CompletionTokens: 528, Cost: $0.00050
2026-01-18 18:04:06,973 - Knowledge - INFO - done ingest for /app/data/T0015/307413/b0002up/Hono/service-base/src/main/java/org/eclipse/hono/service/auth/device/UsernamePasswordAuthProvider.java
2026-01-18 18:04:07,048 - Knowledge - INFO - process ingested knowledge for /app/data/T0015/307413/b0002up/Hono/core/src/test/java/org/eclipse/hono/util/MessageHelperTest.java
2026-01-18 18:04:08,389 - Knowledge - INFO - [WEBSOCKET] Sent: Type=progress_update, Size: 292, Duration: 0ms
2026-01-18 18:04:08,644 - Knowledge - INFO - [WEBSOCKET] Sent: Type=unknown, Size: ?, Duration: 256ms
2026-01-18 18:04:08,865 - Knowledge - INFO - Progress: 29.7% | Files: 300/1010 | Rate: 1.45 files/sec | Queue: 582
2026-01-18 18:04:09,592 - Knowledge - INFO - Fast-tracked /app/data/T0015/307413/b0002up/Hono/service-base/src/main/java/org/eclipse/hono/service/auth/AuthorizationService.java (small file (2664 bytes))
2026-01-18 18:04:09,826 - Knowledge - INFO - [kw2] Queue=582, InProgress=0, PendingWorkers=20/20, Completed=300/1010 (29.7%)
2026-01-18 18:04:09,827 - Knowledge - INFO - [kw16] Queue=582, InProgress=0, PendingWorkers=20/20, Completed=300/1010 (29.7%)
2026-01-18 18:04:09,945 - Knowledge - INFO - [LLM_CALL] Completed: TenantServiceBasedX509Authentication.java:chunk1, Duration: 38552ms, PromptTokens: 4896, CompletionTokens: 603, Cost: $0.00073
2026-01-18 18:04:10,077 - Knowledge - INFO - Batch sizing: calculated=8, max_allowed=10, queue=582, active_workers=20/20
2026-01-18 18:04:10,181 - Knowledge - INFO - Batch sizing: calculated=8, max_allowed=10, queue=582, active_workers=20/20
2026-01-18 18:04:10,375 - Knowledge - INFO - done ingest for /app/data/T0015/307413/b0002up/Hono/service-base/src/main/java/org/eclipse/hono/service/auth/device/TenantServiceBasedX509Authentication.java
2026-01-18 18:04:10,900 - Knowledge - INFO - Async storing batch of 8 embeddings
2026-01-18 18:04:11,201 - Knowledge - INFO - Worker kw2 processing /app/data/T0015/307413/b0002up/Hono/core/src/test/java/org/eclipse/hono/util/PortConfigurationHelperTest.java
2026-01-18 18:04:11,309 - Knowledge - INFO - Async storing batch of 8 embeddings
2026-01-18 18:04:11,516 - Knowledge - INFO - Fast-tracked /app/data/T0015/307413/b0002up/Hono/core/src/test/java/org/eclipse/hono/util/PortConfigurationHelperTest.java (ext=.java, size=1377)
2026-01-18 18:04:11,593 - Knowledge - INFO - Worker kw16 processing /app/data/T0015/307413/b0002up/Hono/core/src/main/java/org/eclipse/hono/tracing/TracingHelper.java
2026-01-18 18:04:11,825 - Knowledge - INFO - Worker kw2 processing /app/data/T0015/307413/b0002up/Hono/core/src/test/java/org/eclipse/hono/util/ResourceIdentifierTest.java
2026-01-18 18:04:12,124 - Knowledge - INFO - Worker kw16 processing /app/data/T0015/307413/b0002up/Hono/core/src/main/java/org/eclipse/hono/tracing/MessageAnnotationsInjectAdapter.java
2026-01-18 18:04:12,177 - Knowledge - INFO - [LLM_CALL] Completed: AbstractHttpEndpoint.java:chunk1, Duration: 57829ms, PromptTokens: 7658, CompletionTokens: 877, Cost: $0.00112
2026-01-18 18:04:12,253 - Knowledge - INFO - Fast-tracked /app/data/T0015/307413/b0002up/Hono/core/src/test/java/org/eclipse/hono/util/ResourceIdentifierTest.java (ext=.java, size=9689)
2026-01-18 18:04:12,404 - Knowledge - INFO - [kw17] Queue=566, InProgress=0, PendingWorkers=20/20, Completed=303/1010 (30.0%)
2026-01-18 18:04:12,459 - Knowledge - INFO - Worker kw16 processing /app/data/T0015/307413/b0002up/Hono/core/src/main/java/org/eclipse/hono/tracing/MultiMapExtractAdapter.java
2026-01-18 18:04:12,586 - Knowledge - INFO - done ingest for /app/data/T0015/307413/b0002up/Hono/service-base/src/main/java/org/eclipse/hono/service/http/AbstractHttpEndpoint.java
2026-01-18 18:04:12,593 - Knowledge - INFO - Processing batch of 8 files
2026-01-18 18:04:12,644 - Knowledge - INFO - [LLM_CALL] Completed: ExecutionContextAuthHandler.java:chunk1, Duration: 45683ms, PromptTokens: 2066, CompletionTokens: 458, Cost: $0.00039
2026-01-18 18:04:12,658 - Knowledge - INFO - Worker kw2 processing /app/data/T0015/307413/b0002up/Hono/core/src/test/java/org/eclipse/hono/util/RequestResponseApiConstantsTest.java
2026-01-18 18:04:12,886 - Knowledge - INFO - Batch sizing: calculated=8, max_allowed=10, queue=566, active_workers=20/20
2026-01-18 18:04:13,043 - Knowledge - INFO - Fast-tracked /app/data/T0015/307413/b0002up/Hono/core/src/main/java/org/eclipse/hono/tracing/MultiMapExtractAdapter.java (ext=.java, size=1448)
2026-01-18 18:04:13,170 - Knowledge - INFO - process ingested knowledge for /app/data/T0015/307413/b0002up/Hono/service-base/src/main/java/org/eclipse/hono/service/metric/MicrometerBasedMetrics.java
2026-01-18 18:04:13,303 - Knowledge - INFO - done ingest for /app/data/T0015/307413/b0002up/Hono/service-base/src/main/java/org/eclipse/hono/service/auth/device/ExecutionContextAuthHandler.java
2026-01-18 18:04:13,413 - Knowledge - INFO - Fast-tracked /app/data/T0015/307413/b0002up/Hono/core/src/test/java/org/eclipse/hono/util/RequestResponseApiConstantsTest.java (ext=.java, size=1875)
2026-01-18 18:04:13,650 - Knowledge - INFO - Worker kw16 processing /app/data/T0015/307413/b0002up/Hono/core/src/main/java/org/eclipse/hono/tracing/JsonObjectExtractAdapter.java
2026-01-18 18:04:13,753 - Knowledge - INFO - Async storing batch of 8 embeddings
2026-01-18 18:04:14,176 - Knowledge - INFO - Worker kw2 processing /app/data/T0015/307413/b0002up/Hono/core/src/test/resources/testpem/README.md
2026-01-18 18:04:14,196 - Knowledge - INFO - process ingested knowledge for /app/data/T0015/307413/b0002up/Hono/service-base/src/main/java/org/eclipse/hono/service/metric/PrometheusScrapingResource.java
2026-01-18 18:04:14,354 - Knowledge - INFO - [kw6] Queue=558, InProgress=0, PendingWorkers=20/20, Completed=308/1010 (30.5%)
2026-01-18 18:04:14,396 - Knowledge - INFO - Worker kw16 processing /app/data/T0015/307413/b0002up/Hono/core/src/main/java/org/eclipse/hono/tracing/MultiMapInjectAdapter.java
2026-01-18 18:04:14,538 - Knowledge - INFO - Worker kw17 processing /app/data/T0015/307413/b0002up/Hono/core/src/main/java/org/eclipse/hono/cache/ExpiringValue.java
2026-01-18 18:04:14,663 - Knowledge - INFO - Fast-tracked /app/data/T0015/307413/b0002up/Hono/core/src/test/resources/testpem/README.md (ext=.md, size=143)
2026-01-18 18:04:14,753 - Knowledge - INFO - process ingested knowledge for /app/data/T0015/307413/b0002up/Hono/service-base/src/main/java/org/eclipse/hono/service/metric/Metrics.java
2026-01-18 18:04:14,852 - Knowledge - INFO - Batch sizing: calculated=8, max_allowed=10, queue=558, active_workers=20/20
2026-01-18 18:04:15,019 - Knowledge - INFO - Fast-tracked /app/data/T0015/307413/b0002up/Hono/core/src/main/java/org/eclipse/hono/tracing/MultiMapInjectAdapter.java (ext=.java, size=1567)
2026-01-18 18:04:15,147 - Knowledge - INFO - Fast-tracked /app/data/T0015/307413/b0002up/Hono/core/src/main/java/org/eclipse/hono/cache/ExpiringValue.java (ext=.java, size=1477)
2026-01-18 18:04:15,234 - Knowledge - INFO - Worker kw2 processing /app/data/T0015/307413/b0002up/Hono/core/src/test/resources/logback-test.xml
2026-01-18 18:04:15,469 - Knowledge - INFO - process ingested knowledge for /app/data/T0015/307413/b0002up/Hono/service-base/src/main/java/org/eclipse/hono/service/auth/device/AuthHandler.java
2026-01-18 18:04:15,518 - Knowledge - INFO - Async storing batch of 8 embeddings
2026-01-18 18:04:15,688 - Knowledge - INFO - Worker kw16 processing /app/data/T0015/307413/b0002up/Hono/core/src/main/java/org/eclipse/hono/tracing/MessageAnnotationsExtractAdapter.java
2026-01-18 18:04:15,774 - Knowledge - INFO - [LLM_CALL] Completed: UsernamePasswordCredentials.java:chunk1, Duration: 55020ms, PromptTokens: 2420, CompletionTokens: 434, Cost: $0.00042
2026-01-18 18:04:15,830 - Knowledge - INFO - Worker kw17 processing /app/data/T0015/307413/b0002up/Hono/core/src/main/java/org/eclipse/hono/cache/ExpiringValueCache.java
2026-01-18 18:04:15,966 - Knowledge - INFO - Fast-tracked /app/data/T0015/307413/b0002up/Hono/core/src/test/resources/logback-test.xml (ext=.xml, size=1163)
2026-01-18 18:04:16,071 - Knowledge - INFO - process ingested knowledge for /app/data/T0015/307413/b0002up/Hono/service-base/src/main/java/org/eclipse/hono/service/auth/device/TenantServiceBasedX509Authentication.java
2026-01-18 18:04:16,209 - Knowledge - INFO - Worker kw6 processing /app/data/T0015/307413/b0002up/Hono/core/src/main/java/org/eclipse/hono/auth/SpringBasedHonoPasswordEncoder.java
2026-01-18 18:04:16,315 - Knowledge - INFO - Worker kw16 processing /app/data/T0015/307413/b0002up/Hono/core/src/main/java/org/eclipse/hono/tracing/JsonObjectInjectAdapter.java
2026-01-18 18:04:16,399 - Knowledge - INFO - done ingest for /app/data/T0015/307413/b0002up/Hono/service-base/src/main/java/org/eclipse/hono/service/auth/device/UsernamePasswordCredentials.java
2026-01-18 18:04:16,399 - Knowledge - INFO - [LLM_CALL] Completed: HttpServiceBase.java:chunk1, Duration: 62039ms, PromptTokens: 7836, CompletionTokens: 1653, Cost: $0.00144
2026-01-18 18:04:16,491 - Knowledge - INFO - Worker kw17 processing /app/data/T0015/307413/b0002up/Hono/core/src/main/java/org/eclipse/hono/cache/CacheProvider.java
2026-01-18 18:04:16,582 - Knowledge - INFO - Worker kw2 processing /app/data/T0015/307413/b0002up/Hono/core/src/main/java/org/eclipse/hono/connection/ConnectTimeoutException.java
2026-01-18 18:04:16,658 - Knowledge - INFO - process ingested knowledge for /app/data/T0015/307413/b0002up/Hono/service-base/src/main/java/org/eclipse/hono/service/auth/device/SubjectDnCredentials.java
2026-01-18 18:04:16,734 - Knowledge - INFO - Worker kw6 processing /app/data/T0015/307413/b0002up/Hono/core/src/main/java/org/eclipse/hono/auth/EncodedPassword.java
2026-01-18 18:04:16,846 - Knowledge - INFO - Fast-tracked /app/data/T0015/307413/b0002up/Hono/core/src/main/java/org/eclipse/hono/tracing/JsonObjectInjectAdapter.java (ext=.java, size=1433)
2026-01-18 18:04:17,209 - Knowledge - INFO - done ingest for /app/data/T0015/307413/b0002up/Hono/service-base/src/main/java/org/eclipse/hono/service/http/HttpServiceBase.java
2026-01-18 18:04:17,220 - Knowledge - INFO - [LLM_CALL] Completed: DeviceConnectionAmqpEndpoint.java:chunk1, Duration: 46630ms, PromptTokens: 2234, CompletionTokens: 576, Cost: $0.00045
2026-01-18 18:04:17,356 - Knowledge - INFO - Fast-tracked /app/data/T0015/307413/b0002up/Hono/core/src/main/java/org/eclipse/hono/cache/CacheProvider.java (ext=.java, size=1336)
2026-01-18 18:04:17,459 - Knowledge - INFO - Fast-tracked /app/data/T0015/307413/b0002up/Hono/core/src/main/java/org/eclipse/hono/connection/ConnectTimeoutException.java (ext=.java, size=1224)
2026-01-18 18:04:17,539 - Knowledge - INFO - process ingested knowledge for /app/data/T0015/307413/b0002up/Hono/service-base/src/main/java/org/eclipse/hono/service/auth/device/UsernamePasswordAuthProvider.java
2026-01-18 18:04:17,630 - Knowledge - INFO - Worker kw6 processing /app/data/T0015/307413/b0002up/Hono/core/src/main/java/org/eclipse/hono/auth/Activity.java
2026-01-18 18:04:17,721 - Knowledge - INFO - Worker kw16 processing /app/data/T0015/307413/b0002up/Hono/core/src/main/java/org/eclipse/hono/cache/BasicExpiringValue.java
2026-01-18 18:04:17,937 - Knowledge - INFO - done ingest for /app/data/T0015/307413/b0002up/Hono/service-base/src/main/java/org/eclipse/hono/service/deviceconnection/DeviceConnectionAmqpEndpoint.java
2026-01-18 18:04:17,939 - Knowledge - INFO - [LLM_CALL] Completed: DeviceCertificateValidator.java:chunk1, Duration: 47633ms, PromptTokens: 2108, CompletionTokens: 408, Cost: $0.00037
2026-01-18 18:04:18,056 - Knowledge - INFO - Worker kw17 processing /app/data/T0015/307413/b0002up/Hono/core/src/main/java/org/eclipse/hono/auth/Device.java
2026-01-18 18:04:18,140 - Knowledge - INFO - Worker kw2 processing /app/data/T0015/307413/b0002up/Hono/core/src/main/java/org/eclipse/hono/connection/ConnectionFactory.java
2026-01-18 18:04:18,235 - Knowledge - INFO - process ingested knowledge for /app/data/T0015/307413/b0002up/Hono/service-base/src/main/java/org/eclipse/hono/service/auth/device/AbstractDeviceCredentials.java
2026-01-18 18:04:18,349 - Knowledge - INFO - Fast-tracked /app/data/T0015/307413/b0002up/Hono/core/src/main/java/org/eclipse/hono/auth/Activity.java (ext=.java, size=1197)
2026-01-18 18:04:18,434 - Knowledge - INFO - Fast-tracked /app/data/T0015/307413/b0002up/Hono/core/src/main/java/org/eclipse/hono/cache/BasicExpiringValue.java (ext=.java, size=1615)
2026-01-18 18:04:18,703 - Knowledge - INFO - done ingest for /app/data/T0015/307413/b0002up/Hono/service-base/src/main/java/org/eclipse/hono/service/auth/device/DeviceCertificateValidator.java
2026-01-18 18:04:18,721 - Knowledge - INFO - Processing batch of 8 files
2026-01-18 18:04:18,755 - Knowledge - INFO - [LLM_CALL] Completed: ComponentMetaDataDecorator.java:chunk1, Duration: 51795ms, PromptTokens: 2192, CompletionTokens: 496, Cost: $0.00042
2026-01-18 18:04:18,825 - Knowledge - INFO - Worker kw17 processing /app/data/T0015/307413/b0002up/Hono/core/src/main/java/org/eclipse/hono/auth/MessageDigestPasswordEncoder.java
2026-01-18 18:04:18,916 - Knowledge - INFO - Worker kw2 processing /app/data/T0015/307413/b0002up/Hono/core/src/main/java/org/eclipse/hono/connection/impl/ConnectionFactoryImpl.java
2026-01-18 18:04:19,087 - Knowledge - INFO - Worker kw6 processing /app/data/T0015/307413/b0002up/Hono/core/src/main/java/org/eclipse/hono/auth/HonoUser.java
2026-01-18 18:04:19,421 - Knowledge - INFO - process ingested knowledge for /app/data/T0015/307413/b0002up/Hono/service-base/src/main/java/org/eclipse/hono/service/http/HttpContextTenantAndAuthIdProvider.java
2026-01-18 18:04:19,533 - Knowledge - INFO - done ingest for /app/data/T0015/307413/b0002up/Hono/service-base/src/main/java/org/eclipse/hono/service/http/ComponentMetaDataDecorator.java
2026-01-18 18:04:19,657 - Knowledge - INFO - Worker kw17 processing /app/data/T0015/307413/b0002up/Hono/core/src/main/java/org/eclipse/hono/auth/HonoUserAdapter.java
2026-01-18 18:04:19,859 - Knowledge - INFO - Fast-tracked /app/data/T0015/307413/b0002up/Hono/core/src/main/java/org/eclipse/hono/auth/HonoUser.java (ext=.java, size=1543)
2026-01-18 18:04:20,090 - Knowledge - INFO - process ingested knowledge for /app/data/T0015/307413/b0002up/Hono/service-base/src/main/java/org/eclipse/hono/service/http/HttpServiceBase.java
2026-01-18 18:04:20,201 - Knowledge - INFO - Async storage completed for 8 embeddings
2026-01-18 18:04:20,247 - Knowledge - INFO - Fast-tracked /app/data/T0015/307413/b0002up/Hono/core/src/main/java/org/eclipse/hono/auth/HonoUserAdapter.java (ext=.java, size=1503)
2026-01-18 18:04:20,343 - Knowledge - INFO - Worker kw6 processing /app/data/T0015/307413/b0002up/Hono/core/src/main/java/org/eclipse/hono/auth/AuthoritiesImpl.java
2026-01-18 18:04:20,946 - Knowledge - INFO - process ingested knowledge for /app/data/T0015/307413/b0002up/Hono/service-base/src/main/java/org/eclipse/hono/service/http/TenantTraceSamplingHandler.java
2026-01-18 18:04:20,964 - Knowledge - INFO - Worker kw17 processing /app/data/T0015/307413/b0002up/Hono/core/src/main/java/org/eclipse/hono/auth/BCryptHelper.java
2026-01-18 18:04:21,117 - Knowledge - INFO - Worker kw6 processing /app/data/T0015/307413/b0002up/Hono/core/src/main/java/org/eclipse/hono/auth/HonoPasswordEncoder.java
2026-01-18 18:04:21,418 - Knowledge - INFO - Fast-tracked /app/data/T0015/307413/b0002up/Hono/core/src/main/java/org/eclipse/hono/auth/BCryptHelper.java (ext=.java, size=1773)
2026-01-18 18:04:21,432 - Knowledge - INFO - process ingested knowledge for /app/data/T0015/307413/b0002up/Hono/service-base/src/main/java/org/eclipse/hono/service/http/X509AuthHandler.java
2026-01-18 18:04:21,492 - Knowledge - INFO - [LLM_CALL] Completed: CredentialsApiAuthProvider.java:chunk1, Duration: 48097ms, PromptTokens: 4934, CompletionTokens: 794, Cost: $0.00081
2026-01-18 18:04:21,501 - Knowledge - INFO - Fast-tracked /app/data/T0015/307413/b0002up/Hono/core/src/main/java/org/eclipse/hono/auth/HonoPasswordEncoder.java (ext=.java, size=1632)
2026-01-18 18:04:21,605 - Knowledge - INFO - Worker kw17 processing /app/data/T0015/307413/b0002up/Hono/core/src/main/java/org/eclipse/hono/auth/Authorities.java
2026-01-18 18:04:21,751 - Knowledge - INFO - process ingested knowledge for /app/data/T0015/307413/b0002up/Hono/service-base/src/main/java/org/eclipse/hono/service/http/HonoBasicAuthHandler.java
2026-01-18 18:04:21,783 - Knowledge - INFO - done ingest for /app/data/T0015/307413/b0002up/Hono/service-base/src/main/java/org/eclipse/hono/service/auth/device/CredentialsApiAuthProvider.java
2026-01-18 18:04:21,797 - Knowledge - INFO - [kw15] Queue=550, InProgress=0, PendingWorkers=20/20, Completed=316/1010 (31.3%)
2026-01-18 18:04:21,926 - Knowledge - INFO - Worker kw6 processing /app/data/T0015/307413/b0002up/Hono/core/src/main/java/org/eclipse/hono/config/KeyLoader.java
2026-01-18 18:04:22,004 - Knowledge - INFO - Fast-tracked /app/data/T0015/307413/b0002up/Hono/core/src/main/java/org/eclipse/hono/auth/Authorities.java (ext=.java, size=1614)
2026-01-18 18:04:22,086 - Knowledge - INFO - process ingested knowledge for /app/data/T0015/307413/b0002up/Hono/service-base/src/main/java/org/eclipse/hono/service/http/AuthHandlerTools.java
2026-01-18 18:04:22,328 - Knowledge - INFO - [LLM_CALL] Completed: X509AuthProvider.java:chunk1, Duration: 43050ms, PromptTokens: 2340, CompletionTokens: 441, Cost: $0.00041
2026-01-18 18:04:22,331 - Knowledge - INFO - Batch sizing: calculated=8, max_allowed=10, queue=550, active_workers=20/20
2026-01-18 18:04:22,430 - Knowledge - INFO - Worker kw6 processing /app/data/T0015/307413/b0002up/Hono/core/src/main/java/org/eclipse/hono/config/ProtocolAdapterProperties.java
2026-01-18 18:04:22,517 - Knowledge - INFO - Fast-tracked /app/data/T0015/307413/b0002up/Hono/core/src/main/java/org/eclipse/hono/cache/ExpiringValueCache.java (small file (2297 bytes))
2026-01-18 18:04:22,609 - Knowledge - INFO - process ingested knowledge for /app/data/T0015/307413/b0002up/Hono/service-base/src/main/java/org/eclipse/hono/service/http/HttpEndpoint.java
2026-01-18 18:04:22,911 - Knowledge - INFO - done ingest for /app/data/T0015/307413/b0002up/Hono/service-base/src/main/java/org/eclipse/hono/service/auth/device/X509AuthProvider.java
2026-01-18 18:04:23,066 - Knowledge - INFO - Async storing batch of 8 embeddings
2026-01-18 18:04:23,531 - Knowledge - INFO - process ingested knowledge for /app/data/T0015/307413/b0002up/Hono/service-base/src/main/java/org/eclipse/hono/service/http/HttpUtils.java
2026-01-18 18:04:23,661 - Knowledge - INFO - Processing batch of 8 files
2026-01-18 18:04:23,717 - Knowledge - INFO - Worker kw15 processing /app/data/T0015/307413/b0002up/Hono/core/src/main/java/org/eclipse/hono/config/SignatureSupportingConfigProperties.java
2026-01-18 18:04:23,876 - Knowledge - INFO - process ingested knowledge for /app/data/T0015/307413/b0002up/Hono/service-base/src/main/java/org/eclipse/hono/service/auth/device/X509Authentication.java
2026-01-18 18:04:23,961 - Knowledge - INFO - Worker kw15 processing /app/data/T0015/307413/b0002up/Hono/core/src/main/java/org/eclipse/hono/config/ServiceConfigProperties.java
2026-01-18 18:04:24,111 - Knowledge - INFO - process ingested knowledge for /app/data/T0015/307413/b0002up/Hono/service-base/src/main/java/org/eclipse/hono/service/auth/device/DeviceCredentials.java
2026-01-18 18:04:24,142 - Knowledge - INFO - Worker kw15 processing /app/data/T0015/307413/b0002up/Hono/core/src/main/java/org/eclipse/hono/config/ClientConfigProperties.java
2026-01-18 18:04:24,344 - Knowledge - INFO - process ingested knowledge for /app/data/T0015/307413/b0002up/Hono/service-base/src/main/java/org/eclipse/hono/service/auth/device/UsernamePasswordCredentials.java
2026-01-18 18:04:24,379 - Knowledge - INFO - Worker kw15 processing /app/data/T0015/307413/b0002up/Hono/core/src/main/java/org/eclipse/hono/config/AbstractConfig.java
2026-01-18 18:04:24,547 - Knowledge - INFO - process ingested knowledge for /app/data/T0015/307413/b0002up/Hono/service-base/src/main/java/org/eclipse/hono/service/auth/device/ExecutionContextAuthHandler.java
2026-01-18 18:04:24,982 - Knowledge - INFO - Worker kw15 processing /app/data/T0015/307413/b0002up/Hono/core/src/main/java/org/eclipse/hono/config/VertxProperties.java
2026-01-18 18:04:25,073 - Knowledge - INFO - process ingested knowledge for /app/data/T0015/307413/b0002up/Hono/service-base/src/main/java/org/eclipse/hono/service/auth/device/DeviceCertificateValidator.java
2026-01-18 18:04:25,280 - Knowledge - INFO - Worker kw15 processing /app/data/T0015/307413/b0002up/Hono/core/src/main/java/org/eclipse/hono/config/FileFormat.java
2026-01-18 18:04:25,576 - Knowledge - INFO - Worker kw15 processing /app/data/T0015/307413/b0002up/Hono/core/src/main/java/org/eclipse/hono/config/PemReader.java
2026-01-18 18:04:25,995 - Knowledge - INFO - process ingested knowledge for /app/data/T0015/307413/b0002up/Hono/service-base/src/main/java/org/eclipse/hono/service/auth/device/CredentialsApiAuthProvider.java
2026-01-18 18:04:26,035 - Knowledge - INFO - Worker kw15 processing /app/data/T0015/307413/b0002up/Hono/core/src/main/java/org/eclipse/hono/config/ServerConfig.java
2026-01-18 18:04:26,092 - Knowledge - INFO - [WEBSOCKET] Sent: Type=progress_update, Size: 292, Duration: 0ms
2026-01-18 18:04:26,209 - Knowledge - INFO - process ingested knowledge for /app/data/T0015/307413/b0002up/Hono/service-base/src/main/java/org/eclipse/hono/service/auth/device/ChainAuthHandler.java
2026-01-18 18:04:26,230 - Knowledge - INFO - Fast-tracked /app/data/T0015/307413/b0002up/Hono/service-base/src/main/java/org/eclipse/hono/service/auth/X509CertificateChainValidator.java (small file (2344 bytes))
2026-01-18 18:04:26,450 - Knowledge - INFO - [LLM_CALL] Completed: EventBusDeviceConnectionAdapter.java:chunk1, Duration: 46660ms, PromptTokens: 4322, CompletionTokens: 667, Cost: $0.00070
2026-01-18 18:04:26,547 - Knowledge - INFO - process ingested knowledge for /app/data/T0015/307413/b0002up/Hono/service-base/src/main/java/org/eclipse/hono/service/auth/device/X509AuthProvider.java
2026-01-18 18:04:26,674 - Knowledge - INFO - Async storage completed for 8 embeddings
2026-01-18 18:04:26,802 - Knowledge - INFO - done ingest for /app/data/T0015/307413/b0002up/Hono/service-base/src/main/java/org/eclipse/hono/service/deviceconnection/EventBusDeviceConnectionAdapter.java
2026-01-18 18:04:26,805 - Knowledge - INFO - [WEBSOCKET] Sent: Type=unknown, Size: ?, Duration: 713ms
2026-01-18 18:04:27,348 - Knowledge - INFO - Progress: 32.1% | Files: 324/1010 | Rate: 1.44 files/sec | Queue: 542
2026-01-18 18:04:27,348 - Knowledge - INFO - [LLM_CALL] Completed: DeviceConnectionService.java:chunk1, Duration: 52888ms, PromptTokens: 2500, CompletionTokens: 323, Cost: $0.00038
2026-01-18 18:04:27,575 - Knowledge - INFO - [kw20] Queue=542, InProgress=0, PendingWorkers=20/20, Completed=324/1010 (32.1%)
2026-01-18 18:04:27,639 - Knowledge - INFO - done ingest for /app/data/T0015/307413/b0002up/Hono/service-base/src/main/java/org/eclipse/hono/service/deviceconnection/DeviceConnectionService.java
2026-01-18 18:04:27,786 - Knowledge - INFO - Batch sizing: calculated=8, max_allowed=10, queue=542, active_workers=20/20
2026-01-18 18:04:27,936 - Knowledge - INFO - Processing batch of 8 files
2026-01-18 18:04:28,062 - Knowledge - INFO - Async storing batch of 8 embeddings
2026-01-18 18:04:28,106 - Knowledge - INFO - process ingested knowledge for /app/data/T0015/307413/b0002up/Hono/service-base/src/main/java/org/eclipse/hono/service/http/AbstractHttpEndpoint.java
2026-01-18 18:04:28,109 - Knowledge - INFO - [kw5] Queue=534, InProgress=0, PendingWorkers=20/20, Completed=332/1010 (32.9%)
2026-01-18 18:04:28,249 - Knowledge - INFO - Worker kw20 processing /app/data/T0015/307413/b0002up/Hono/core/src/main/java/org/eclipse/hono/config/ApplicationConfigProperties.java
2026-01-18 18:04:28,343 - Knowledge - INFO - process ingested knowledge for /app/data/T0015/307413/b0002up/Hono/service-base/src/main/java/org/eclipse/hono/service/http/HttpContext.java
2026-01-18 18:04:28,424 - Knowledge - INFO - Batch sizing: calculated=8, max_allowed=10, queue=534, active_workers=20/20
2026-01-18 18:04:28,514 - Knowledge - INFO - Worker kw20 processing /app/data/T0015/307413/b0002up/Hono/core/src/main/java/org/eclipse/hono/util/TenantTracingConfig.java
2026-01-18 18:04:28,593 - Knowledge - INFO - process ingested knowledge for /app/data/T0015/307413/b0002up/Hono/service-base/src/main/java/org/eclipse/hono/service/http/DefaultFailureHandler.java
2026-01-18 18:04:28,686 - Knowledge - INFO - Async storing batch of 8 embeddings
2026-01-18 18:04:28,813 - Knowledge - INFO - Worker kw20 processing /app/data/T0015/307413/b0002up/Hono/core/src/main/java/org/eclipse/hono/util/AmqpErrorException.java
2026-01-18 18:04:28,889 - Knowledge - INFO - process ingested knowledge for /app/data/T0015/307413/b0002up/Hono/service-base/src/main/java/org/eclipse/hono/service/http/ComponentMetaDataDecorator.java
2026-01-18 18:04:29,029 - Knowledge - INFO - Worker kw5 processing /app/data/T0015/307413/b0002up/Hono/core/src/main/java/org/eclipse/hono/util/TimeUntilDisconnectNotification.java
2026-01-18 18:04:29,138 - Knowledge - INFO - Worker kw20 processing /app/data/T0015/307413/b0002up/Hono/core/src/main/java/org/eclipse/hono/util/JsonBackedValueObject.java
2026-01-18 18:04:29,247 - Knowledge - INFO - process ingested knowledge for /app/data/T0015/307413/b0002up/Hono/service-base/src/main/java/org/eclipse/hono/service/http/HonoChainAuthHandler.java
2026-01-18 18:04:29,507 - Knowledge - INFO - Worker kw5 processing /app/data/T0015/307413/b0002up/Hono/core/src/main/java/org/eclipse/hono/util/Hostnames.java
2026-01-18 18:04:29,742 - Knowledge - INFO - Worker kw20 processing /app/data/T0015/307413/b0002up/Hono/core/src/main/java/org/eclipse/hono/util/TelemetryConstants.java
2026-01-18 18:04:29,748 - Knowledge - INFO - process ingested knowledge for /app/data/T0015/307413/b0002up/Hono/service-base/src/main/java/org/eclipse/hono/service/deviceconnection/DeviceConnectionAmqpEndpoint.java
2026-01-18 18:04:29,880 - Knowledge - INFO - Fast-tracked /app/data/T0015/307413/b0002up/Hono/core/src/main/java/org/eclipse/hono/util/Hostnames.java (ext=.java, size=1681)
2026-01-18 18:04:30,027 - Knowledge - INFO - Fast-tracked /app/data/T0015/307413/b0002up/Hono/core/src/main/java/org/eclipse/hono/util/TelemetryConstants.java (ext=.java, size=1027)
2026-01-18 18:04:30,122 - Knowledge - INFO - process ingested knowledge for /app/data/T0015/307413/b0002up/Hono/service-base/src/main/java/org/eclipse/hono/service/deviceconnection/DeviceConnectionService.java
2026-01-18 18:04:30,251 - Knowledge - INFO - Worker kw5 processing /app/data/T0015/307413/b0002up/Hono/core/src/main/java/org/eclipse/hono/util/DataVolume.java
2026-01-18 18:04:30,361 - Knowledge - INFO - Worker kw20 processing /app/data/T0015/307413/b0002up/Hono/core/src/main/java/org/eclipse/hono/util/RegistrationConstants.java
2026-01-18 18:04:30,504 - Knowledge - INFO - process ingested knowledge for /app/data/T0015/307413/b0002up/Hono/service-base/src/main/java/org/eclipse/hono/service/deviceconnection/EventBusDeviceConnectionAdapter.java
2026-01-18 18:04:30,614 - Knowledge - INFO - Worker kw5 processing /app/data/T0015/307413/b0002up/Hono/core/src/main/java/org/eclipse/hono/util/JsonHelper.java
2026-01-18 18:04:30,847 - Knowledge - INFO - Worker kw20 processing /app/data/T0015/307413/b0002up/Hono/core/src/main/java/org/eclipse/hono/util/TracingSamplingMode.java
2026-01-18 18:04:31,023 - Knowledge - INFO - Worker kw5 processing /app/data/T0015/307413/b0002up/Hono/core/src/main/java/org/eclipse/hono/util/MessageTap.java
2026-01-18 18:04:31,138 - Knowledge - INFO - Fast-tracked /app/data/T0015/307413/b0002up/Hono/core/src/main/java/org/eclipse/hono/util/TracingSamplingMode.java (ext=.java, size=1716)
2026-01-18 18:04:31,188 - Knowledge - INFO - [LLM_CALL] Completed: EventBusAuthenticationService.java:chunk1, Duration: 52640ms, PromptTokens: 3390, CompletionTokens: 800, Cost: $0.00066
2026-01-18 18:04:31,231 - Knowledge - INFO - Worker kw5 processing /app/data/T0015/307413/b0002up/Hono/core/src/main/java/org/eclipse/hono/util/ResourceLimits.java
2026-01-18 18:04:31,415 - Knowledge - INFO - Worker kw20 processing /app/data/T0015/307413/b0002up/Hono/core/src/main/java/org/eclipse/hono/util/CommandConstants.java
2026-01-18 18:04:31,535 - Knowledge - INFO - done ingest for /app/data/T0015/307413/b0002up/Hono/service-base/src/main/java/org/eclipse/hono/service/auth/EventBusAuthenticationService.java
2026-01-18 18:04:31,678 - Knowledge - INFO - Worker kw5 processing /app/data/T0015/307413/b0002up/Hono/core/src/main/java/org/eclipse/hono/util/RegistrationResult.java
2026-01-18 18:04:31,811 - Knowledge - INFO - Fast-tracked /app/data/T0015/307413/b0002up/Hono/core/src/main/java/org/eclipse/hono/config/ApplicationConfigProperties.java (small file (2759 bytes))
2026-01-18 18:04:31,985 - Knowledge - INFO - Worker kw5 processing /app/data/T0015/307413/b0002up/Hono/core/src/main/java/org/eclipse/hono/util/Strings.java
2026-01-18 18:04:32,208 - Knowledge - INFO - Fast-tracked /app/data/T0015/307413/b0002up/Hono/core/src/main/java/org/eclipse/hono/util/Strings.java (ext=.java, size=1347)
2026-01-18 18:04:33,913 - Knowledge - INFO - [kw12] Queue=526, InProgress=0, PendingWorkers=20/20, Completed=332/1010 (32.9%)
2026-01-18 18:04:33,920 - Knowledge - INFO - Async storage completed for 8 embeddings
2026-01-18 18:04:34,203 - Knowledge - INFO - Batch sizing: calculated=8, max_allowed=10, queue=526, active_workers=20/20
2026-01-18 18:04:34,596 - Knowledge - INFO - Async storing batch of 8 embeddings
2026-01-18 18:04:34,801 - Knowledge - INFO - Worker kw12 processing /app/data/T0015/307413/b0002up/Hono/core/src/main/java/org/eclipse/hono/util/MapBasedExecutionContext.java
2026-01-18 18:04:35,052 - Knowledge - INFO - Worker kw12 processing /app/data/T0015/307413/b0002up/Hono/core/src/main/java/org/eclipse/hono/util/HonoProtonHelper.java
2026-01-18 18:04:35,139 - Knowledge - INFO - [LLM_CALL] Completed: TenantTraceSamplingHelper.java:chunk1, Duration: 28120ms, PromptTokens: 2746, CompletionTokens: 485, Cost: $0.00047
2026-01-18 18:04:35,225 - Knowledge - INFO - Worker kw12 processing /app/data/T0015/307413/b0002up/Hono/core/src/main/java/org/eclipse/hono/util/BaseMessageFilter.java
2026-01-18 18:04:35,312 - Knowledge - INFO - done ingest for /app/data/T0015/307413/b0002up/Hono/service-base/src/main/java/org/eclipse/hono/service/tenant/TenantTraceSamplingHelper.java
2026-01-18 18:04:35,413 - Knowledge - INFO - Worker kw12 processing /app/data/T0015/307413/b0002up/Hono/core/src/main/java/org/eclipse/hono/util/TenantObject.java
2026-01-18 18:04:35,455 - Knowledge - INFO - Fast-tracked /app/data/T0015/307413/b0002up/Hono/service-base/src/main/java/org/eclipse/hono/service/credentials/CredentialsMessageFilter.java (small file (2396 bytes))
2026-01-18 18:04:35,741 - Knowledge - INFO - Worker kw12 processing /app/data/T0015/307413/b0002up/Hono/core/src/main/java/org/eclipse/hono/util/EventBusMessage.java
2026-01-18 18:04:36,076 - Knowledge - INFO - Worker kw12 processing /app/data/T0015/307413/b0002up/Hono/core/src/main/java/org/eclipse/hono/util/ConfigurationSupportingVerticle.java
2026-01-18 18:04:36,703 - Knowledge - INFO - Worker kw12 processing /app/data/T0015/307413/b0002up/Hono/core/src/main/java/org/eclipse/hono/util/ExecutionContext.java
2026-01-18 18:04:36,898 - Knowledge - INFO - [LLM_CALL] Completed: AbstractProtocolAdapterBase.java:chunk1, Duration: 46382ms, PromptTokens: 13524, CompletionTokens: 1593, Cost: $0.00199
2026-01-18 18:04:36,903 - Knowledge - INFO - Fast-tracked /app/data/T0015/307413/b0002up/Hono/core/src/main/java/org/eclipse/hono/util/ExecutionContext.java (ext=.java, size=1731)
2026-01-18 18:04:37,303 - Knowledge - INFO - Worker kw12 processing /app/data/T0015/307413/b0002up/Hono/core/src/main/java/org/eclipse/hono/util/TenantResult.java
2026-01-18 18:04:37,656 - Knowledge - INFO - Fast-tracked /app/data/T0015/307413/b0002up/Hono/core/src/main/java/org/eclipse/hono/util/MapBasedExecutionContext.java (small file (2709 bytes))
2026-01-18 18:04:38,151 - Knowledge - INFO - Fast-tracked /app/data/T0015/307413/b0002up/Hono/core/src/main/java/org/eclipse/hono/tracing/MessageAnnotationsInjectAdapter.java (small file (2935 bytes))
2026-01-18 18:04:38,252 - Knowledge - INFO - [LLM_CALL] Completed: DelegatingAuthenticationServiceConfig.java:chunk1, Duration: 58350ms, PromptTokens: 2050, CompletionTokens: 399, Cost: $0.00036
2026-01-18 18:04:38,445 - Knowledge - INFO - Fast-tracked /app/data/T0015/307413/b0002up/Hono/core/src/main/java/org/eclipse/hono/tracing/JsonObjectExtractAdapter.java (small file (2018 bytes))
2026-01-18 18:04:38,554 - Knowledge - INFO - done ingest for /app/data/T0015/307413/b0002up/Hono/service-base/src/main/java/org/eclipse/hono/service/auth/delegating/DelegatingAuthenticationServiceConfig.java
2026-01-18 18:04:38,678 - Knowledge - INFO - Fast-tracked /app/data/T0015/307413/b0002up/Hono/service-base/src/main/java/org/eclipse/hono/service/management/credentials/PasswordCredential.java (small file (2058 bytes))
2026-01-18 18:04:40,916 - Knowledge - INFO - [LLM_CALL] Completed: HonoSaslAuthenticator.java:chunk1, Duration: 30992ms, PromptTokens: 3960, CompletionTokens: 574, Cost: $0.00063
2026-01-18 18:04:41,039 - Knowledge - INFO - Async storage completed for 8 embeddings
2026-01-18 18:04:41,097 - Knowledge - INFO - done ingest for /app/data/T0015/307413/b0002up/Hono/service-base/src/main/java/org/eclipse/hono/service/auth/HonoSaslAuthenticator.java
2026-01-18 18:04:42,016 - Knowledge - INFO - [LLM_CALL] Completed: DelegatingAuthenticationService.java:chunk1, Duration: 66706ms, PromptTokens: 3270, CompletionTokens: 677, Cost: $0.00060
2026-01-18 18:04:42,311 - Knowledge - INFO - done ingest for /app/data/T0015/307413/b0002up/Hono/service-base/src/main/java/org/eclipse/hono/service/auth/delegating/DelegatingAuthenticationService.java
2026-01-18 18:04:42,857 - Knowledge - INFO - [LLM_CALL] Completed: BaseAuthenticationService.java:chunk1, Duration: 51089ms, PromptTokens: 2480, CompletionTokens: 515, Cost: $0.00045
2026-01-18 18:04:43,040 - Knowledge - INFO - done ingest for /app/data/T0015/307413/b0002up/Hono/service-base/src/main/java/org/eclipse/hono/service/auth/BaseAuthenticationService.java
2026-01-18 18:04:43,239 - Knowledge - INFO - Processing batch of 8 files
2026-01-18 18:04:43,454 - Knowledge - INFO - process ingested knowledge for /app/data/T0015/307413/b0002up/Hono/service-base/src/main/java/org/eclipse/hono/service/auth/device/HonoClientBasedAuthProvider.java
2026-01-18 18:04:43,642 - Knowledge - INFO - process ingested knowledge for /app/data/T0015/307413/b0002up/Hono/service-base/src/main/java/org/eclipse/hono/service/auth/delegating/AuthenticationServerClientConfigProperties.java
2026-01-18 18:04:43,932 - Knowledge - INFO - process ingested knowledge for /app/data/T0015/307413/b0002up/Hono/service-base/src/main/java/org/eclipse/hono/service/auth/delegating/DelegatingAuthenticationService.java
2026-01-18 18:04:44,165 - Knowledge - INFO - process ingested knowledge for /app/data/T0015/307413/b0002up/Hono/service-base/src/main/java/org/eclipse/hono/service/auth/delegating/DelegatingAuthenticationServiceConfig.java
2026-01-18 18:04:44,488 - Knowledge - INFO - process ingested knowledge for /app/data/T0015/307413/b0002up/Hono/service-base/src/main/java/org/eclipse/hono/service/auth/BaseAuthenticationService.java
2026-01-18 18:04:44,862 - Knowledge - INFO - process ingested knowledge for /app/data/T0015/307413/b0002up/Hono/service-base/src/main/java/org/eclipse/hono/service/auth/AuthorizationService.java
2026-01-18 18:04:45,031 - Knowledge - INFO - process ingested knowledge for /app/data/T0015/307413/b0002up/Hono/service-base/src/main/java/org/eclipse/hono/service/auth/HonoSaslAuthenticator.java
2026-01-18 18:04:45,242 - Knowledge - INFO - process ingested knowledge for /app/data/T0015/307413/b0002up/Hono/service-base/src/main/java/org/eclipse/hono/service/auth/X509CertificateChainValidator.java
2026-01-18 18:04:46,065 - Knowledge - INFO - Fast-tracked /app/data/T0015/307413/b0002up/Hono/core/src/main/java/org/eclipse/hono/util/AmqpErrorException.java (small file (2342 bytes))
2026-01-18 18:04:46,684 - Knowledge - INFO - [kw1] Queue=518, InProgress=0, PendingWorkers=20/20, Completed=340/1010 (33.7%)
2026-01-18 18:04:46,934 - Knowledge - INFO - Batch sizing: calculated=8, max_allowed=10, queue=518, active_workers=20/20
2026-01-18 18:04:47,500 - Knowledge - INFO - Async storing batch of 8 embeddings
2026-01-18 18:04:47,711 - Knowledge - INFO - Worker kw1 processing /app/data/T0015/307413/b0002up/Hono/core/src/main/java/org/eclipse/hono/util/TriTuple.java
2026-01-18 18:04:47,904 - Knowledge - INFO - Worker kw1 processing /app/data/T0015/307413/b0002up/Hono/core/src/main/java/org/eclipse/hono/util/BufferResult.java
2026-01-18 18:04:48,117 - Knowledge - INFO - Worker kw1 processing /app/data/T0015/307413/b0002up/Hono/core/src/main/java/org/eclipse/hono/util/MessageHelper.java
2026-01-18 18:04:48,307 - Knowledge - INFO - Worker kw1 processing /app/data/T0015/307413/b0002up/Hono/core/src/main/java/org/eclipse/hono/util/DataVolumePeriod.java
2026-01-18 18:04:48,489 - Knowledge - INFO - Worker kw1 processing /app/data/T0015/307413/b0002up/Hono/core/src/main/java/org/eclipse/hono/util/CredentialsObject.java
2026-01-18 18:04:48,702 - Knowledge - INFO - Worker kw1 processing /app/data/T0015/307413/b0002up/Hono/core/src/main/java/org/eclipse/hono/util/JwtHelper.java
2026-01-18 18:04:49,174 - Knowledge - INFO - Worker kw1 processing /app/data/T0015/307413/b0002up/Hono/core/src/main/java/org/eclipse/hono/util/CredentialsResult.java
2026-01-18 18:04:49,470 - Knowledge - INFO - Worker kw1 processing /app/data/T0015/307413/b0002up/Hono/core/src/main/java/org/eclipse/hono/util/PortConfigurationHelper.java
2026-01-18 18:04:49,705 - Knowledge - INFO - [LLM_CALL] Completed: AddressAuthzHelper.java:chunk1, Duration: 75665ms, PromptTokens: 3866, CompletionTokens: 629, Cost: $0.00064
2026-01-18 18:04:49,836 - Knowledge - INFO - Fast-tracked /app/data/T0015/307413/b0002up/Hono/core/src/main/java/org/eclipse/hono/util/PortConfigurationHelper.java (ext=.java, size=1173)
2026-01-18 18:04:50,154 - Knowledge - INFO - done ingest for /app/data/T0015/307413/b0002up/Hono/service-base/src/main/java/org/eclipse/hono/service/auth/AddressAuthzHelper.java
2026-01-18 18:04:51,026 - Knowledge - INFO - [LLM_CALL] Completed: AbstractAmqpEndpoint.java:chunk1, Duration: 57644ms, PromptTokens: 2544, CompletionTokens: 470, Cost: $0.00044
2026-01-18 18:04:51,207 - Knowledge - INFO - done ingest for /app/data/T0015/307413/b0002up/Hono/service-base/src/main/java/org/eclipse/hono/service/amqp/AbstractAmqpEndpoint.java
2026-01-18 18:04:51,209 - Knowledge - INFO - [LLM_CALL] Completed: AbstractHonoAuthenticationService.java:chunk1, Duration: 56696ms, PromptTokens: 3292, CompletionTokens: 382, Cost: $0.00048
2026-01-18 18:04:51,517 - Knowledge - INFO - done ingest for /app/data/T0015/307413/b0002up/Hono/service-base/src/main/java/org/eclipse/hono/service/auth/AbstractHonoAuthenticationService.java
2026-01-18 18:04:52,135 - Knowledge - INFO - [LLM_CALL] Completed: AuthenticationService.java:chunk1, Duration: 69426ms, PromptTokens: 2098, CompletionTokens: 237, Cost: $0.00030
2026-01-18 18:04:52,399 - Knowledge - INFO - done ingest for /app/data/T0015/307413/b0002up/Hono/service-base/src/main/java/org/eclipse/hono/service/auth/AuthenticationService.java
2026-01-18 18:04:54,119 - Knowledge - INFO - Async storage completed for 8 embeddings
2026-01-18 18:04:56,358 - Knowledge - INFO - [LLM_CALL] Completed: RequestResponseEndpoint.java:chunk1, Duration: 48340ms, PromptTokens: 9504, CompletionTokens: 1200, Cost: $0.00143
2026-01-18 18:04:56,519 - Knowledge - INFO - Async storage completed for 8 embeddings
2026-01-18 18:04:56,577 - Knowledge - INFO - done ingest for /app/data/T0015/307413/b0002up/Hono/service-base/src/main/java/org/eclipse/hono/service/amqp/RequestResponseEndpoint.java
2026-01-18 18:04:56,582 - Knowledge - INFO - [LLM_CALL] Completed: ValidityOnlyTrustManagerFactory.java:chunk1, Duration: 32555ms, PromptTokens: 2326, CompletionTokens: 512, Cost: $0.00044
2026-01-18 18:04:57,095 - Knowledge - INFO - done ingest for /app/data/T0015/307413/b0002up/Hono/service-base/src/main/java/org/eclipse/hono/service/auth/ValidityOnlyTrustManagerFactory.java
2026-01-18 18:04:57,914 - Knowledge - INFO - [LLM_CALL] Completed: AuthTokenHelperImpl.java:chunk1, Duration: 47077ms, PromptTokens: 2400, CompletionTokens: 488, Cost: $0.00044
2026-01-18 18:04:58,124 - Knowledge - INFO - done ingest for /app/data/T0015/307413/b0002up/Hono/service-base/src/main/java/org/eclipse/hono/service/auth/AuthTokenHelperImpl.java
2026-01-18 18:04:58,430 - Knowledge - INFO - Processing batch of 8 files
2026-01-18 18:04:58,441 - Knowledge - INFO - Async storage completed for 8 embeddings
2026-01-18 18:04:58,697 - Knowledge - INFO - process ingested knowledge for /app/data/T0015/307413/b0002up/Hono/service-base/src/main/java/org/eclipse/hono/service/auth/AddressAuthzHelper.java
2026-01-18 18:04:58,972 - Knowledge - INFO - process ingested knowledge for /app/data/T0015/307413/b0002up/Hono/service-base/src/main/java/org/eclipse/hono/service/auth/HonoSaslAuthenticatorFactory.java
2026-01-18 18:04:59,219 - Knowledge - INFO - process ingested knowledge for /app/data/T0015/307413/b0002up/Hono/service-base/src/main/java/org/eclipse/hono/service/auth/ClaimsBasedAuthorizationService.java
2026-01-18 18:04:59,267 - Knowledge - WARNING - Timeout processing /app/data/T0015/307413/b0002up/Hono/service-base/src/main/java/org/eclipse/hono/service/tenant/TenantAmqpEndpoint.java after 90s - using fallback metadata
2026-01-18 18:04:59,540 - Knowledge - INFO - process ingested knowledge for /app/data/T0015/307413/b0002up/Hono/service-base/src/main/java/org/eclipse/hono/service/auth/AuthorizationConstants.java
2026-01-18 18:04:59,675 - Knowledge - INFO - Fast-tracked /app/data/T0015/307413/b0002up/Hono/service-base/src/main/java/org/eclipse/hono/service/management/credentials/PskCredential.java (small file (2027 bytes))
2026-01-18 18:04:59,791 - Knowledge - INFO - process ingested knowledge for /app/data/T0015/307413/b0002up/Hono/service-base/src/main/java/org/eclipse/hono/service/auth/AuthenticationService.java
2026-01-18 18:04:59,976 - Knowledge - INFO - Async storage completed for 8 embeddings
2026-01-18 18:05:00,058 - Knowledge - INFO - process ingested knowledge for /app/data/T0015/307413/b0002up/Hono/service-base/src/main/java/org/eclipse/hono/service/auth/AbstractHonoAuthenticationService.java
2026-01-18 18:05:00,274 - Knowledge - WARNING - Timeout processing /app/data/T0015/307413/b0002up/Hono/service-base/src/main/java/org/eclipse/hono/service/tenant/BaseExecutionContextTenantAndAuthIdProvider.java after 90s - using fallback metadata
2026-01-18 18:05:00,442 - Knowledge - INFO - process ingested knowledge for /app/data/T0015/307413/b0002up/Hono/service-base/src/main/java/org/eclipse/hono/service/auth/AuthTokenHelperImpl.java
2026-01-18 18:05:00,686 - Knowledge - INFO - [LLM_CALL] Completed: AmqpServiceBase.java:chunk1, Duration: 37775ms, PromptTokens: 13334, CompletionTokens: 1602, Cost: $0.00197
2026-01-18 18:05:00,707 - Knowledge - INFO - process ingested knowledge for /app/data/T0015/307413/b0002up/Hono/service-base/src/main/java/org/eclipse/hono/service/auth/ValidityOnlyTrustManagerFactory.java
2026-01-18 18:05:00,758 - Knowledge - INFO - Async storage completed for 8 embeddings
2026-01-18 18:05:00,858 - Knowledge - INFO - done ingest for /app/data/T0015/307413/b0002up/Hono/service-base/src/main/java/org/eclipse/hono/service/amqp/AmqpServiceBase.java
2026-01-18 18:05:01,862 - Knowledge - INFO - Processing batch of 8 files
2026-01-18 18:05:02,094 - Knowledge - INFO - Async storage completed for 8 embeddings
2026-01-18 18:05:02,116 - Knowledge - INFO - process ingested knowledge for /app/data/T0015/307413/b0002up/Hono/service-base/src/main/java/org/eclipse/hono/service/NoopHealthCheckServer.java
2026-01-18 18:05:02,561 - Knowledge - INFO - process ingested knowledge for /app/data/T0015/307413/b0002up/Hono/service-base/src/main/java/org/eclipse/hono/service/amqp/AmqpEndpoint.java
2026-01-18 18:05:02,944 - Knowledge - INFO - Async storage completed for 8 embeddings
2026-01-18 18:05:02,999 - Knowledge - INFO - process ingested knowledge for /app/data/T0015/307413/b0002up/Hono/service-base/src/main/java/org/eclipse/hono/service/amqp/AbstractAmqpEndpoint.java
2026-01-18 18:05:03,624 - Knowledge - INFO - process ingested knowledge for /app/data/T0015/307413/b0002up/Hono/service-base/src/main/java/org/eclipse/hono/service/amqp/RequestResponseEndpoint.java
2026-01-18 18:05:03,885 - Knowledge - INFO - Fast-tracked /app/data/T0015/307413/b0002up/Hono/service-base/src/main/java/org/eclipse/hono/service/registration/RegistrationMessageFilter.java (small file (2344 bytes))
2026-01-18 18:05:04,220 - Knowledge - INFO - process ingested knowledge for /app/data/T0015/307413/b0002up/Hono/service-base/src/main/java/org/eclipse/hono/service/amqp/AmqpServiceBase.java
2026-01-18 18:05:04,530 - Knowledge - INFO - process ingested knowledge for /app/data/T0015/307413/b0002up/Hono/service-base/src/main/java/org/eclipse/hono/service/HealthCheckProvider.java
2026-01-18 18:05:04,588 - Knowledge - INFO - [LLM_CALL] Completed: AbstractProtocolAdapterBase.java:chunk2, Duration: 27498ms, PromptTokens: 16494, CompletionTokens: 1382, Cost: $0.00220
2026-01-18 18:05:05,041 - Knowledge - INFO - process ingested knowledge for /app/data/T0015/307413/b0002up/Hono/service-base/src/main/resources/config/application-prometheus.yml
2026-01-18 18:05:05,247 - Knowledge - INFO - process ingested knowledge for /app/data/T0015/307413/b0002up/Hono/service-base/pom.xml
2026-01-18 18:05:05,262 - Knowledge - INFO - [WEBSOCKET] Sent: Type=progress_update, Size: 293, Duration: 0ms
2026-01-18 18:05:05,577 - Knowledge - INFO - [LLM_CALL] Completed: CredentialsService.java:chunk1, Duration: 77543ms, PromptTokens: 3856, CompletionTokens: 415, Cost: $0.00055
2026-01-18 18:05:05,845 - Knowledge - INFO - done ingest for /app/data/T0015/307413/b0002up/Hono/service-base/src/main/java/org/eclipse/hono/service/credentials/CredentialsService.java
2026-01-18 18:05:05,851 - Knowledge - INFO - [WEBSOCKET] Sent: Type=unknown, Size: ?, Duration: 590ms
2026-01-18 18:05:06,724 - Knowledge - INFO - Progress: 35.2% | Files: 356/1010 | Rate: 1.35 files/sec | Queue: 510
2026-01-18 18:05:07,109 - Knowledge - INFO - [kw9] Queue=510, InProgress=0, PendingWorkers=20/20, Completed=356/1010 (35.2%)
2026-01-18 18:05:07,414 - Knowledge - INFO - Batch sizing: calculated=8, max_allowed=10, queue=510, active_workers=20/20
2026-01-18 18:05:07,992 - Knowledge - INFO - Async storing batch of 8 embeddings
2026-01-18 18:05:08,241 - Knowledge - INFO - Worker kw9 processing /app/data/T0015/307413/b0002up/Hono/core/src/main/java/org/eclipse/hono/util/AuthenticationConstants.java
2026-01-18 18:05:08,455 - Knowledge - INFO - Async storage completed for 8 embeddings
2026-01-18 18:05:08,563 - Knowledge - INFO - Worker kw9 processing /app/data/T0015/307413/b0002up/Hono/core/src/main/java/org/eclipse/hono/util/Constants.java
2026-01-18 18:05:08,928 - Knowledge - INFO - Worker kw9 processing /app/data/T0015/307413/b0002up/Hono/core/src/main/java/org/eclipse/hono/util/DeviceConnectionConstants.java
2026-01-18 18:05:09,206 - Knowledge - INFO - Worker kw9 processing /app/data/T0015/307413/b0002up/Hono/core/src/main/java/org/eclipse/hono/util/CacheDirective.java
2026-01-18 18:05:09,480 - Knowledge - INFO - Worker kw9 processing /app/data/T0015/307413/b0002up/Hono/core/src/main/java/org/eclipse/hono/util/RegistryManagementConstants.java
2026-01-18 18:05:09,716 - Knowledge - INFO - Worker kw9 processing /app/data/T0015/307413/b0002up/Hono/core/src/main/java/org/eclipse/hono/util/ResourceIdentifier.java
2026-01-18 18:05:09,950 - Knowledge - INFO - Worker kw9 processing /app/data/T0015/307413/b0002up/Hono/core/src/main/java/org/eclipse/hono/util/CredentialsConstants.java
2026-01-18 18:05:10,199 - Knowledge - INFO - Worker kw9 processing /app/data/T0015/307413/b0002up/Hono/core/src/main/java/org/eclipse/hono/util/RequestResponseResult.java
2026-01-18 18:05:10,872 - Knowledge - INFO - [kw8] Queue=502, InProgress=0, PendingWorkers=20/20, Completed=356/1010 (35.2%)
2026-01-18 18:05:11,204 - Knowledge - INFO - [LLM_CALL] Completed: ConnectionFactory.java:chunk1, Duration: 51319ms, PromptTokens: 2668, CompletionTokens: 427, Cost: $0.00044
2026-01-18 18:05:11,247 - Knowledge - INFO - Batch sizing: calculated=8, max_allowed=10, queue=502, active_workers=20/20
2026-01-18 18:05:11,598 - Knowledge - INFO - done ingest for /app/data/T0015/307413/b0002up/Hono/core/src/main/java/org/eclipse/hono/connection/ConnectionFactory.java
2026-01-18 18:05:11,743 - Knowledge - INFO - Async storing batch of 8 embeddings
2026-01-18 18:05:12,103 - Knowledge - INFO - Worker kw8 processing /app/data/T0015/307413/b0002up/Hono/core/src/main/java/org/eclipse/hono/util/TenantConstants.java
2026-01-18 18:05:12,365 - Knowledge - INFO - Worker kw8 processing /app/data/T0015/307413/b0002up/Hono/core/src/main/java/org/eclipse/hono/util/EventConstants.java
2026-01-18 18:05:12,647 - Knowledge - INFO - [LLM_CALL] Completed: CredentialsManagementService.java:chunk1, Duration: 69352ms, PromptTokens: 2496, CompletionTokens: 377, Cost: $0.00040
2026-01-18 18:05:12,831 - Knowledge - INFO - Fast-tracked /app/data/T0015/307413/b0002up/Hono/core/src/main/java/org/eclipse/hono/util/EventConstants.java (ext=.java, size=1791)
2026-01-18 18:05:12,928 - Knowledge - INFO - done ingest for /app/data/T0015/307413/b0002up/Hono/service-base/src/main/java/org/eclipse/hono/service/management/credentials/CredentialsManagementService.java
2026-01-18 18:05:13,076 - Knowledge - INFO - Worker kw8 processing /app/data/T0015/307413/b0002up/Hono/core/src/main/java/org/eclipse/hono/util/DeviceConnectionResult.java
2026-01-18 18:05:13,565 - Knowledge - INFO - Worker kw8 processing /app/data/T0015/307413/b0002up/Hono/core/src/main/java/org/eclipse/hono/util/RequestResponseApiConstants.java
2026-01-18 18:05:13,998 - Knowledge - INFO - [LLM_CALL] Completed: MessageAnnotationsExtractAdapter.java:chunk1, Duration: 35300ms, PromptTokens: 2152, CompletionTokens: 457, Cost: $0.00040
2026-01-18 18:05:14,019 - Knowledge - INFO - Worker kw8 processing /app/data/T0015/307413/b0002up/Hono/core/src/main/java/org/eclipse/hono/annotation/HonoTimestamp.java
2026-01-18 18:05:14,284 - Knowledge - INFO - done ingest for /app/data/T0015/307413/b0002up/Hono/core/src/main/java/org/eclipse/hono/tracing/MessageAnnotationsExtractAdapter.java
2026-01-18 18:05:14,467 - Knowledge - INFO - Worker kw8 processing /app/data/T0015/307413/b0002up/Hono/core/pom.xml
2026-01-18 18:05:14,812 - Knowledge - INFO - Fast-tracked /app/data/T0015/307413/b0002up/Hono/core/pom.xml (ext=.xml, size=7412)
2026-01-18 18:05:14,852 - Knowledge - INFO - Fast-tracked /app/data/T0015/307413/b0002up/Hono/core/src/main/java/org/eclipse/hono/util/JsonHelper.java (small file (2165 bytes))
2026-01-18 18:05:15,027 - Knowledge - INFO - [LLM_CALL] Completed: Result.java:chunk1, Duration: 72955ms, PromptTokens: 2580, CompletionTokens: 510, Cost: $0.00046
2026-01-18 18:05:15,028 - Knowledge - INFO - Worker kw8 processing /app/data/T0015/307413/b0002up/Hono/site/diagrams/sequenceDiagrams/updateDeviceRegistration_Success.txt
2026-01-18 18:05:15,287 - Knowledge - INFO - Fast-tracked /app/data/T0015/307413/b0002up/Hono/core/src/main/java/org/eclipse/hono/util/MessageTap.java (small file (2649 bytes))
2026-01-18 18:05:15,351 - Knowledge - INFO - done ingest for /app/data/T0015/307413/b0002up/Hono/service-base/src/main/java/org/eclipse/hono/service/management/Result.java
2026-01-18 18:05:15,519 - Knowledge - INFO - Fast-tracked /app/data/T0015/307413/b0002up/Hono/site/diagrams/sequenceDiagrams/updateDeviceRegistration_Success.txt (ext=.txt, size=378)
2026-01-18 18:05:15,894 - Knowledge - INFO - Worker kw8 processing /app/data/T0015/307413/b0002up/Hono/site/diagrams/sequenceDiagrams/tenant_updateTenant_Success.txt
2026-01-18 18:05:16,215 - Knowledge - INFO - Fast-tracked /app/data/T0015/307413/b0002up/Hono/site/diagrams/sequenceDiagrams/tenant_updateTenant_Success.txt (ext=.txt, size=243)
2026-01-18 18:05:20,344 - Knowledge - INFO - [LLM_CALL] Completed: AbstractMessageSenderConnectionEventProducer.java:chunk1, Duration: 92036ms, PromptTokens: 2194, CompletionTokens: 475, Cost: $0.00041
2026-01-18 18:05:20,710 - Knowledge - INFO - done ingest for /app/data/T0015/307413/b0002up/Hono/service-base/src/main/java/org/eclipse/hono/service/monitoring/AbstractMessageSenderConnectionEventProducer.java
2026-01-18 18:05:22,634 - Knowledge - INFO - [LLM_CALL] Completed: AbstractEndpoint.java:chunk1, Duration: 79275ms, PromptTokens: 2832, CompletionTokens: 659, Cost: $0.00055
2026-01-18 18:05:23,088 - Knowledge - INFO - done ingest for /app/data/T0015/307413/b0002up/Hono/service-base/src/main/java/org/eclipse/hono/service/AbstractEndpoint.java
2026-01-18 18:05:23,717 - Knowledge - INFO - [LLM_CALL] Completed: ConnectionEventProducer.java:chunk1, Duration: 79292ms, PromptTokens: 2580, CompletionTokens: 382, Cost: $0.00041
2026-01-18 18:05:23,992 - Knowledge - INFO - done ingest for /app/data/T0015/307413/b0002up/Hono/service-base/src/main/java/org/eclipse/hono/service/monitoring/ConnectionEventProducer.java
2026-01-18 18:05:24,327 - Knowledge - INFO - [LLM_CALL] Completed: ConnectionFactoryImpl.java:chunk1, Duration: 46496ms, PromptTokens: 7150, CompletionTokens: 910, Cost: $0.00108
2026-01-18 18:05:24,587 - Knowledge - INFO - done ingest for /app/data/T0015/307413/b0002up/Hono/core/src/main/java/org/eclipse/hono/connection/impl/ConnectionFactoryImpl.java
2026-01-18 18:05:25,070 - Knowledge - INFO - Processing batch of 8 files
2026-01-18 18:05:25,147 - Knowledge - INFO - [LLM_CALL] Completed: MemoryBasedConnectionLimitStrategy.java:chunk1, Duration: 66419ms, PromptTokens: 2102, CompletionTokens: 307, Cost: $0.00033
2026-01-18 18:05:25,269 - Knowledge - INFO - process ingested knowledge for /app/data/T0015/307413/b0002up/Hono/core/src/test/java/org/eclipse/hono/util/PortConfigurationHelperTest.java
2026-01-18 18:05:25,300 - Knowledge - WARNING - Timeout processing /app/data/T0015/307413/b0002up/Hono/service-base/src/main/java/org/eclipse/hono/service/tenant/TenantService.java after 90s - using fallback metadata
2026-01-18 18:05:25,507 - Knowledge - INFO - done ingest for /app/data/T0015/307413/b0002up/Hono/service-base/src/main/java/org/eclipse/hono/service/limiting/MemoryBasedConnectionLimitStrategy.java
2026-01-18 18:05:25,656 - Knowledge - INFO - process ingested knowledge for /app/data/T0015/307413/b0002up/Hono/core/src/test/java/org/eclipse/hono/util/ResourceIdentifierTest.java
2026-01-18 18:05:25,781 - Knowledge - WARNING - Timeout processing /app/data/T0015/307413/b0002up/Hono/service-base/src/main/java/org/eclipse/hono/service/tenant/EventBusTenantAdapter.java after 90s - using fallback metadata
2026-01-18 18:05:25,977 - Knowledge - INFO - [LLM_CALL] Completed: TracingHelper.java:chunk1, Duration: 66434ms, PromptTokens: 8328, CompletionTokens: 856, Cost: $0.00118
2026-01-18 18:05:26,038 - Knowledge - INFO - process ingested knowledge for /app/data/T0015/307413/b0002up/Hono/core/src/test/java/org/eclipse/hono/util/RequestResponseApiConstantsTest.java
2026-01-18 18:05:26,153 - Knowledge - WARNING - Timeout processing /app/data/T0015/307413/b0002up/Hono/service-base/src/main/java/org/eclipse/hono/service/resourcelimits/PrometheusBasedResourceLimitChecksConfig.java after 90s - using fallback metadata
2026-01-18 18:05:26,261 - Knowledge - INFO - done ingest for /app/data/T0015/307413/b0002up/Hono/core/src/main/java/org/eclipse/hono/tracing/TracingHelper.java
2026-01-18 18:05:26,269 - Knowledge - INFO - [LLM_CALL] Completed: Device.java:chunk1, Duration: 62716ms, PromptTokens: 3140, CompletionTokens: 610, Cost: $0.00056
2026-01-18 18:05:26,459 - Knowledge - INFO - process ingested knowledge for /app/data/T0015/307413/b0002up/Hono/core/src/test/resources/testpem/README.md
2026-01-18 18:05:27,092 - Knowledge - INFO - done ingest for /app/data/T0015/307413/b0002up/Hono/core/src/main/java/org/eclipse/hono/auth/Device.java
2026-01-18 18:05:27,099 - Knowledge - INFO - Processing batch of 8 files
2026-01-18 18:05:27,218 - Knowledge - INFO - Processing batch of 8 files
2026-01-18 18:05:27,224 - Knowledge - INFO - [LLM_CALL] Completed: DefaultConnectionLimitManager.java:chunk1, Duration: 55071ms, PromptTokens: 2324, CompletionTokens: 497, Cost: $0.00043
2026-01-18 18:05:27,255 - Knowledge - INFO - process ingested knowledge for /app/data/T0015/307413/b0002up/Hono/core/src/test/resources/logback-test.xml
2026-01-18 18:05:27,583 - Knowledge - INFO - process ingested knowledge for /app/data/T0015/307413/b0002up/Hono/service-base/src/main/java/org/eclipse/hono/service/tenant/TenantAmqpEndpoint.java
2026-01-18 18:05:27,654 - Knowledge - WARNING - Timeout processing /app/data/T0015/307413/b0002up/Hono/service-base/src/main/java/org/eclipse/hono/service/AbstractProtocolAdapterBase.java after 90s - using fallback metadata
2026-01-18 18:05:27,843 - Knowledge - INFO - process ingested knowledge for /app/data/T0015/307413/b0002up/Hono/core/src/main/java/org/eclipse/hono/tracing/TracingHelper.java
2026-01-18 18:05:27,959 - Knowledge - INFO - done ingest for /app/data/T0015/307413/b0002up/Hono/service-base/src/main/java/org/eclipse/hono/service/limiting/DefaultConnectionLimitManager.java
2026-01-18 18:05:28,069 - Knowledge - INFO - process ingested knowledge for /app/data/T0015/307413/b0002up/Hono/core/src/main/java/org/eclipse/hono/connection/ConnectTimeoutException.java
2026-01-18 18:05:28,211 - Knowledge - INFO - process ingested knowledge for /app/data/T0015/307413/b0002up/Hono/service-base/src/main/java/org/eclipse/hono/service/tenant/TenantMessageFilter.java
2026-01-18 18:05:28,320 - Knowledge - INFO - Processing batch of 8 files
2026-01-18 18:05:28,447 - Knowledge - INFO - process ingested knowledge for /app/data/T0015/307413/b0002up/Hono/core/src/main/java/org/eclipse/hono/tracing/MessageAnnotationsInjectAdapter.java
2026-01-18 18:05:28,661 - Knowledge - INFO - Processing batch of 8 files
2026-01-18 18:05:28,730 - Knowledge - INFO - process ingested knowledge for /app/data/T0015/307413/b0002up/Hono/core/src/main/java/org/eclipse/hono/connection/ConnectionFactory.java
2026-01-18 18:05:28,872 - Knowledge - INFO - process ingested knowledge for /app/data/T0015/307413/b0002up/Hono/service-base/src/main/java/org/eclipse/hono/service/tenant/BaseExecutionContextTenantAndAuthIdProvider.java
2026-01-18 18:05:29,013 - Knowledge - INFO - process ingested knowledge for /app/data/T0015/307413/b0002up/Hono/service-base/src/main/java/org/eclipse/hono/service/auth/EventBusAuthenticationService.java
2026-01-18 18:05:29,131 - Knowledge - INFO - process ingested knowledge for /app/data/T0015/307413/b0002up/Hono/core/src/main/java/org/eclipse/hono/tracing/MultiMapExtractAdapter.java
2026-01-18 18:05:29,249 - Knowledge - INFO - process ingested knowledge for /app/data/T0015/307413/b0002up/Hono/service-base/src/main/java/org/eclipse/hono/service/credentials/CredentialsService.java
2026-01-18 18:05:29,401 - Knowledge - INFO - process ingested knowledge for /app/data/T0015/307413/b0002up/Hono/core/src/main/java/org/eclipse/hono/connection/impl/ConnectionFactoryImpl.java
2026-01-18 18:05:29,412 - Knowledge - INFO - [LLM_CALL] Completed: MessageDigestPasswordEncoder.java:chunk1, Duration: 41113ms, PromptTokens: 3258, CompletionTokens: 450, Cost: $0.00051
2026-01-18 18:05:29,562 - Knowledge - INFO - process ingested knowledge for /app/data/T0015/307413/b0002up/Hono/service-base/src/main/java/org/eclipse/hono/service/tenant/TenantService.java
2026-01-18 18:05:29,682 - Knowledge - INFO - process ingested knowledge for /app/data/T0015/307413/b0002up/Hono/service-base/src/main/java/org/eclipse/hono/service/auth/ValidityBasedTrustOptions.java
2026-01-18 18:05:29,779 - Knowledge - INFO - process ingested knowledge for /app/data/T0015/307413/b0002up/Hono/core/src/main/java/org/eclipse/hono/tracing/JsonObjectExtractAdapter.java
2026-01-18 18:05:29,940 - Knowledge - INFO - process ingested knowledge for /app/data/T0015/307413/b0002up/Hono/service-base/src/main/java/org/eclipse/hono/service/Endpoint.java
2026-01-18 18:05:30,512 - Knowledge - INFO - done ingest for /app/data/T0015/307413/b0002up/Hono/core/src/main/java/org/eclipse/hono/auth/MessageDigestPasswordEncoder.java
2026-01-18 18:05:30,765 - Knowledge - INFO - process ingested knowledge for /app/data/T0015/307413/b0002up/Hono/service-base/src/main/java/org/eclipse/hono/service/tenant/EventBusTenantAdapter.java
2026-01-18 18:05:30,791 - Knowledge - INFO - process ingested knowledge for /app/data/T0015/307413/b0002up/Hono/service-base/src/main/java/org/eclipse/hono/service/auth/AuthTokenHelper.java
2026-01-18 18:05:30,902 - Knowledge - INFO - process ingested knowledge for /app/data/T0015/307413/b0002up/Hono/core/src/main/java/org/eclipse/hono/tracing/MultiMapInjectAdapter.java
2026-01-18 18:05:31,348 - Knowledge - INFO - process ingested knowledge for /app/data/T0015/307413/b0002up/Hono/service-base/src/main/java/org/eclipse/hono/service/AbstractEndpoint.java
2026-01-18 18:05:31,351 - Knowledge - INFO - Processing batch of 8 files
2026-01-18 18:05:31,361 - Knowledge - INFO - process ingested knowledge for /app/data/T0015/307413/b0002up/Hono/service-base/src/main/java/org/eclipse/hono/service/resourcelimits/ResourceLimitChecks.java
2026-01-18 18:05:31,417 - Knowledge - INFO - process ingested knowledge for /app/data/T0015/307413/b0002up/Hono/service-base/src/main/java/org/eclipse/hono/service/auth/DeviceUser.java
2026-01-18 18:05:31,948 - Knowledge - INFO - process ingested knowledge for /app/data/T0015/307413/b0002up/Hono/core/src/main/java/org/eclipse/hono/tracing/MessageAnnotationsExtractAdapter.java
2026-01-18 18:05:31,972 - Knowledge - INFO - process ingested knowledge for /app/data/T0015/307413/b0002up/Hono/service-base/src/main/java/org/eclipse/hono/service/limiting/ConnectionLimitStrategy.java
2026-01-18 18:05:32,060 - Knowledge - INFO - process ingested knowledge for /app/data/T0015/307413/b0002up/Hono/core/src/main/java/org/eclipse/hono/cache/ExpiringValue.java
2026-01-18 18:05:32,481 - Knowledge - INFO - [LLM_CALL] Completed: CredentialsAmqpEndpoint.java:chunk1, Duration: 73742ms, PromptTokens: 2156, CompletionTokens: 583, Cost: $0.00045
2026-01-18 18:05:32,726 - Knowledge - INFO - process ingested knowledge for /app/data/T0015/307413/b0002up/Hono/service-base/src/main/java/org/eclipse/hono/service/resourcelimits/NoopResourceLimitChecks.java
2026-01-18 18:05:32,733 - Knowledge - INFO - process ingested knowledge for /app/data/T0015/307413/b0002up/Hono/service-base/src/main/java/org/eclipse/hono/service/AbstractProtocolAdapterBase.java
2026-01-18 18:05:32,751 - Knowledge - INFO - process ingested knowledge for /app/data/T0015/307413/b0002up/Hono/service-base/src/main/java/org/eclipse/hono/service/limiting/MemoryBasedConnectionLimitStrategy.java
2026-01-18 18:05:32,764 - Knowledge - INFO - process ingested knowledge for /app/data/T0015/307413/b0002up/Hono/core/src/main/java/org/eclipse/hono/tracing/JsonObjectInjectAdapter.java
2026-01-18 18:05:32,843 - Knowledge - INFO - process ingested knowledge for /app/data/T0015/307413/b0002up/Hono/core/src/main/java/org/eclipse/hono/cache/ExpiringValueCache.java
2026-01-18 18:05:32,993 - Knowledge - INFO - done ingest for /app/data/T0015/307413/b0002up/Hono/service-base/src/main/java/org/eclipse/hono/service/credentials/CredentialsAmqpEndpoint.java
2026-01-18 18:05:32,995 - Knowledge - INFO - [LLM_CALL] Completed: CredentialsManagementHttpEndpoint.java:chunk1, Duration: 74274ms, PromptTokens: 3678, CompletionTokens: 735, Cost: $0.00066
2026-01-18 18:05:33,205 - Knowledge - INFO - process ingested knowledge for /app/data/T0015/307413/b0002up/Hono/service-base/src/main/java/org/eclipse/hono/service/resourcelimits/PrometheusBasedResourceLimitChecksConfig.java
2026-01-18 18:05:33,223 - Knowledge - INFO - process ingested knowledge for /app/data/T0015/307413/b0002up/Hono/service-base/src/main/java/org/eclipse/hono/service/tenant/ExecutionContextTenantAndAuthIdProvider.java
2026-01-18 18:05:33,724 - Knowledge - INFO - process ingested knowledge for /app/data/T0015/307413/b0002up/Hono/service-base/src/main/java/org/eclipse/hono/service/limiting/ConnectionLimitManager.java
2026-01-18 18:05:33,724 - Knowledge - INFO - process ingested knowledge for /app/data/T0015/307413/b0002up/Hono/core/src/main/java/org/eclipse/hono/cache/CacheProvider.java
2026-01-18 18:05:33,755 - Knowledge - INFO - process ingested knowledge for /app/data/T0015/307413/b0002up/Hono/core/src/main/java/org/eclipse/hono/cache/BasicExpiringValue.java
2026-01-18 18:05:33,968 - Knowledge - INFO - done ingest for /app/data/T0015/307413/b0002up/Hono/service-base/src/main/java/org/eclipse/hono/service/management/credentials/CredentialsManagementHttpEndpoint.java
2026-01-18 18:05:34,299 - Knowledge - INFO - process ingested knowledge for /app/data/T0015/307413/b0002up/Hono/service-base/src/main/java/org/eclipse/hono/service/tenant/TenantTraceSamplingHelper.java
2026-01-18 18:05:34,636 - Knowledge - INFO - [LLM_CALL] Completed: EventBusService.java:chunk1, Duration: 74117ms, PromptTokens: 5790, CompletionTokens: 1141, Cost: $0.00104
2026-01-18 18:05:34,712 - Knowledge - INFO - process ingested knowledge for /app/data/T0015/307413/b0002up/Hono/service-base/src/main/java/org/eclipse/hono/service/limiting/ConnectionLimitAutoConfigException.java
2026-01-18 18:05:34,733 - Knowledge - WARNING - Timeout processing /app/data/T0015/307413/b0002up/Hono/service-base/src/main/java/org/eclipse/hono/service/resourcelimits/PrometheusBasedResourceLimitChecks.java after 90s - using fallback metadata
2026-01-18 18:05:35,073 - Knowledge - INFO - done ingest for /app/data/T0015/307413/b0002up/Hono/service-base/src/main/java/org/eclipse/hono/service/EventBusService.java
2026-01-18 18:05:35,129 - Knowledge - INFO - [LLM_CALL] Completed: PasswordSecret.java:chunk1, Duration: 56001ms, PromptTokens: 3018, CompletionTokens: 574, Cost: $0.00053
2026-01-18 18:05:35,228 - Knowledge - INFO - process ingested knowledge for /app/data/T0015/307413/b0002up/Hono/core/src/main/java/org/eclipse/hono/auth/Device.java
2026-01-18 18:05:35,230 - Knowledge - INFO - process ingested knowledge for /app/data/T0015/307413/b0002up/Hono/service-base/src/main/java/org/eclipse/hono/service/tenant/TenantObjectWithAuthId.java
2026-01-18 18:05:35,231 - Knowledge - INFO - process ingested knowledge for /app/data/T0015/307413/b0002up/Hono/service-base/src/main/java/org/eclipse/hono/service/limiting/DefaultConnectionLimitManager.java
2026-01-18 18:05:35,237 - Knowledge - WARNING - Timeout processing /app/data/T0015/307413/b0002up/Hono/service-base/src/main/java/org/eclipse/hono/service/credentials/EventBusCredentialsAdapter.java after 90s - using fallback metadata
2026-01-18 18:05:35,477 - Knowledge - INFO - done ingest for /app/data/T0015/307413/b0002up/Hono/service-base/src/main/java/org/eclipse/hono/service/management/credentials/PasswordSecret.java
2026-01-18 18:05:35,480 - Knowledge - INFO - [WEBSOCKET] Sent: Type=progress_update, Size: 290, Duration: 0ms
2026-01-18 18:05:35,753 - Knowledge - WARNING - Timeout processing /app/data/T0015/307413/b0002up/Hono/service-base/src/main/java/org/eclipse/hono/service/management/credentials/CommonSecret.java after 90s - using fallback metadata
2026-01-18 18:05:35,784 - Knowledge - INFO - process ingested knowledge for /app/data/T0015/307413/b0002up/Hono/core/src/main/java/org/eclipse/hono/auth/MessageDigestPasswordEncoder.java
2026-01-18 18:05:36,042 - Knowledge - WARNING - Timeout processing /app/data/T0015/307413/b0002up/Hono/service-base/src/main/java/org/eclipse/hono/service/management/credentials/CommonCredential.java after 90s - using fallback metadata
2026-01-18 18:05:36,124 - Knowledge - INFO - [WEBSOCKET] Sent: Type=unknown, Size: ?, Duration: 644ms
2026-01-18 18:05:36,244 - Knowledge - WARNING - Timeout processing /app/data/T0015/307413/b0002up/Hono/service-base/src/main/java/org/eclipse/hono/service/VertxBasedHealthCheckServer.java after 90s - using fallback metadata
2026-01-18 18:05:36,417 - Knowledge - INFO - Async storage completed for 8 embeddings
2026-01-18 18:05:36,536 - Knowledge - INFO - Progress: 40.0% | Files: 406/1010 | Rate: 1.38 files/sec | Queue: 494
2026-01-18 18:05:36,664 - Knowledge - INFO - process ingested knowledge for /app/data/T0015/307413/b0002up/Hono/core/src/main/java/org/eclipse/hono/auth/HonoUserAdapter.java
2026-01-18 18:05:36,757 - Knowledge - WARNING - Timeout processing /app/data/T0015/307413/b0002up/Hono/service-base/src/main/java/org/eclipse/hono/service/management/tenant/TenantManagementService.java after 90s - using fallback metadata
2026-01-18 18:05:36,991 - Knowledge - WARNING - Timeout processing /app/data/T0015/307413/b0002up/Hono/service-base/src/main/java/org/eclipse/hono/service/management/OperationResult.java after 90s - using fallback metadata
2026-01-18 18:05:37,125 - Knowledge - INFO - [kw2] Queue=494, InProgress=0, PendingWorkers=20/20, Completed=416/1010 (41.2%)
2026-01-18 18:05:37,126 - Knowledge - INFO - process ingested knowledge for /app/data/T0015/307413/b0002up/Hono/core/src/main/java/org/eclipse/hono/auth/BCryptHelper.java
2026-01-18 18:05:37,126 - Knowledge - INFO - Processing batch of 8 files
2026-01-18 18:05:37,169 - Knowledge - WARNING - Timeout processing /app/data/T0015/307413/b0002up/Hono/service-base/src/main/java/org/eclipse/hono/service/management/device/Device.java after 90s - using fallback metadata
2026-01-18 18:05:37,329 - Knowledge - INFO - Batch sizing: calculated=6, max_allowed=10, queue=494, active_workers=20/20
2026-01-18 18:05:37,499 - Knowledge - INFO - [kw7] Queue=494, InProgress=0, PendingWorkers=20/20, Completed=421/1010 (41.7%)
2026-01-18 18:05:37,500 - Knowledge - INFO - process ingested knowledge for /app/data/T0015/307413/b0002up/Hono/core/src/main/java/org/eclipse/hono/auth/Authorities.java
2026-01-18 18:05:37,505 - Knowledge - INFO - process ingested knowledge for /app/data/T0015/307413/b0002up/Hono/service-base/src/main/java/org/eclipse/hono/service/resourcelimits/PrometheusBasedResourceLimitChecks.java
2026-01-18 18:05:37,565 - Knowledge - INFO - Async storage completed for 8 embeddings
2026-01-18 18:05:37,621 - Knowledge - WARNING - Timeout processing /app/data/T0015/307413/b0002up/Hono/service-base/src/main/java/org/eclipse/hono/service/management/device/EventBusDeviceManagementAdapter.java after 90s - using fallback metadata
2026-01-18 18:05:37,652 - Knowledge - INFO - Processing batch of 8 files
2026-01-18 18:05:37,653 - Knowledge - INFO - [kw16] Queue=494, InProgress=0, PendingWorkers=20/20, Completed=426/1010 (42.2%)
2026-01-18 18:05:37,745 - Knowledge - INFO - Processing batch of 8 files
2026-01-18 18:05:37,840 - Knowledge - INFO - Async storing batch of 8 embeddings
2026-01-18 18:05:37,882 - Knowledge - INFO - Batch sizing: calculated=6, max_allowed=10, queue=494, active_workers=20/20
2026-01-18 18:05:38,165 - Knowledge - WARNING - Timeout processing /app/data/T0015/307413/b0002up/Hono/service-base/src/main/java/org/eclipse/hono/service/AbstractAdapterConfig.java after 90s - using fallback metadata
2026-01-18 18:05:38,222 - Knowledge - INFO - process ingested knowledge for /app/data/T0015/307413/b0002up/Hono/service-base/src/main/java/org/eclipse/hono/service/monitoring/AbstractMessageSenderConnectionEventProducer.java
2026-01-18 18:05:38,252 - Knowledge - WARNING - Timeout processing /app/data/T0015/307413/b0002up/Hono/service-base/src/main/java/org/eclipse/hono/service/management/device/DeviceManagementService.java after 90s - using fallback metadata
2026-01-18 18:05:38,332 - Knowledge - INFO - [WEBSOCKET] Sent: Type=progress_update, Size: 293, Duration: 0ms
2026-01-18 18:05:38,333 - Knowledge - INFO - [kw19] Queue=488, InProgress=0, PendingWorkers=20/20, Completed=428/1010 (42.4%)
2026-01-18 18:05:38,359 - Knowledge - INFO - process ingested knowledge for /app/data/T0015/307413/b0002up/Hono/service-base/src/main/java/org/eclipse/hono/service/management/credentials/CommonCredential.java
2026-01-18 18:05:38,440 - Knowledge - INFO - Batch sizing: calculated=6, max_allowed=10, queue=494, active_workers=20/20
2026-01-18 18:05:38,551 - Knowledge - INFO - process ingested knowledge for /app/data/T0015/307413/b0002up/Hono/service-base/src/main/java/org/eclipse/hono/service/management/credentials/GenericSecret.java
2026-01-18 18:05:38,677 - Knowledge - INFO - Worker kw2 processing /app/data/T0015/307413/b0002up/Hono/site/diagrams/sequenceDiagrams/tenant_addNewTenant_Success.txt
2026-01-18 18:05:38,839 - Knowledge - WARNING - Timeout processing /app/data/T0015/307413/b0002up/Hono/service-base/src/main/java/org/eclipse/hono/service/AbstractBaseApplication.java after 90s - using fallback metadata
2026-01-18 18:05:38,983 - Knowledge - INFO - process ingested knowledge for /app/data/T0015/307413/b0002up/Hono/service-base/src/main/java/org/eclipse/hono/service/monitoring/HonoEventConnectionEventProducer.java
2026-01-18 18:05:39,029 - Knowledge - WARNING - Timeout processing /app/data/T0015/307413/b0002up/Hono/service-base/src/main/java/org/eclipse/hono/service/management/device/DeviceManagementHttpEndpoint.java after 90s - using fallback metadata
2026-01-18 18:05:39,116 - Knowledge - INFO - Async storing batch of 8 embeddings
2026-01-18 18:05:39,117 - Knowledge - INFO - [WEBSOCKET] Sent: Type=unknown, Size: ?, Duration: 785ms
2026-01-18 18:05:39,193 - Knowledge - INFO - Batch sizing: calculated=6, max_allowed=10, queue=488, active_workers=20/20
2026-01-18 18:05:39,285 - Knowledge - INFO - Async storage completed for 8 embeddings
2026-01-18 18:05:39,332 - Knowledge - INFO - process ingested knowledge for /app/data/T0015/307413/b0002up/Hono/service-base/src/main/java/org/eclipse/hono/service/management/credentials/PskSecret.java
2026-01-18 18:05:39,523 - Knowledge - INFO - process ingested knowledge for /app/data/T0015/307413/b0002up/Hono/service-base/src/main/java/org/eclipse/hono/service/management/credentials/CommonSecret.java
2026-01-18 18:05:39,603 - Knowledge - INFO - Fast-tracked /app/data/T0015/307413/b0002up/Hono/site/diagrams/sequenceDiagrams/tenant_addNewTenant_Success.txt (ext=.txt, size=221)
2026-01-18 18:05:39,679 - Knowledge - INFO - Fast-tracked /app/data/T0015/307413/b0002up/Hono/core/src/main/java/org/eclipse/hono/util/DataVolumePeriod.java (small file (2434 bytes))
2026-01-18 18:05:39,683 - Knowledge - WARNING - Timeout processing /app/data/T0015/307413/b0002up/Hono/service-base/src/main/java/org/eclipse/hono/service/registration/AbstractRegistrationService.java after 90s - using fallback metadata
2026-01-18 18:05:39,781 - Knowledge - INFO - process ingested knowledge for /app/data/T0015/307413/b0002up/Hono/service-base/src/main/java/org/eclipse/hono/service/monitoring/ConnectionEventProducer.java
2026-01-18 18:05:39,898 - Knowledge - WARNING - Timeout processing /app/data/T0015/307413/b0002up/Hono/service-base/src/main/java/org/eclipse/hono/service/management/tenant/TenantManagementHttpEndpoint.java after 90s - using fallback metadata
2026-01-18 18:05:40,002 - Knowledge - INFO - Worker kw7 processing /app/data/T0015/307413/b0002up/Hono/site/diagrams/sequenceDiagrams/getRegistrationInformation_Success.txt
2026-01-18 18:05:40,090 - Knowledge - INFO - Progress: 42.4% | Files: 428/1010 | Rate: 1.44 files/sec | Queue: 476
2026-01-18 18:05:40,092 - Knowledge - INFO - [kw17] Queue=476, InProgress=0, PendingWorkers=20/20, Completed=428/1010 (42.4%)
2026-01-18 18:05:40,093 - Knowledge - INFO - Async storing batch of 8 embeddings
2026-01-18 18:05:40,187 - Knowledge - INFO - Async storing batch of 8 embeddings
2026-01-18 18:05:40,432 - Knowledge - INFO - process ingested knowledge for /app/data/T0015/307413/b0002up/Hono/service-base/src/main/java/org/eclipse/hono/service/management/credentials/X509CertificateCredential.java
2026-01-18 18:05:40,522 - Knowledge - INFO - process ingested knowledge for /app/data/T0015/307413/b0002up/Hono/service-base/src/main/java/org/eclipse/hono/service/management/credentials/CredentialTypeResolver.java
2026-01-18 18:05:40,622 - Knowledge - INFO - Worker kw2 processing /app/data/T0015/307413/b0002up/Hono/site/diagrams/sequenceDiagrams/removeCredentials_Success.txt
2026-01-18 18:05:40,645 - Knowledge - INFO - Async storage completed for 8 embeddings
2026-01-18 18:05:40,815 - Knowledge - WARNING - Timeout processing /app/data/T0015/307413/b0002up/Hono/service-base/src/main/java/org/eclipse/hono/service/registration/EventBusRegistrationAdapter.java after 90s - using fallback metadata
2026-01-18 18:05:40,906 - Knowledge - INFO - process ingested knowledge for /app/data/T0015/307413/b0002up/Hono/service-base/src/main/java/org/eclipse/hono/service/monitoring/LoggingConnectionEventProducer.java
2026-01-18 18:05:40,978 - Knowledge - INFO - Processing batch of 8 files
2026-01-18 18:05:41,064 - Knowledge - INFO - Fast-tracked /app/data/T0015/307413/b0002up/Hono/site/diagrams/sequenceDiagrams/getRegistrationInformation_Success.txt (ext=.txt, size=403)
2026-01-18 18:05:41,141 - Knowledge - INFO - [kw4] Queue=470, InProgress=0, PendingWorkers=20/20, Completed=436/1010 (43.2%)
2026-01-18 18:05:41,278 - Knowledge - INFO - Batch sizing: calculated=6, max_allowed=10, queue=476, active_workers=20/20
2026-01-18 18:05:41,415 - Knowledge - INFO - Worker kw16 processing /app/data/T0015/307413/b0002up/Hono/site/documentation/static/css/hono.css
2026-01-18 18:05:41,502 - Knowledge - INFO - Worker kw19 processing /app/data/T0015/307413/b0002up/Hono/site/documentation/layouts/partials/custom-header.html
2026-01-18 18:05:41,574 - Knowledge - INFO - process ingested knowledge for /app/data/T0015/307413/b0002up/Hono/service-base/src/main/java/org/eclipse/hono/service/management/credentials/CredentialsManagementService.java
2026-01-18 18:05:41,650 - Knowledge - INFO - process ingested knowledge for /app/data/T0015/307413/b0002up/Hono/service-base/src/main/java/org/eclipse/hono/service/management/credentials/X509CertificateSecret.java
2026-01-18 18:05:41,771 - Knowledge - INFO - Fast-tracked /app/data/T0015/307413/b0002up/Hono/site/diagrams/sequenceDiagrams/removeCredentials_Success.txt (ext=.txt, size=332)
2026-01-18 18:05:41,960 - Knowledge - WARNING - Timeout processing /app/data/T0015/307413/b0002up/Hono/service-base/src/main/java/org/eclipse/hono/service/registration/RegistrationService.java after 90s - using fallback metadata
2026-01-18 18:05:42,125 - Knowledge - INFO - process ingested knowledge for /app/data/T0015/307413/b0002up/Hono/service-base/src/main/java/org/eclipse/hono/service/credentials/CredentialsAmqpEndpoint.java
2026-01-18 18:05:42,227 - Knowledge - INFO - process ingested knowledge for /app/data/T0015/307413/b0002up/Hono/service-base/src/main/java/org/eclipse/hono/service/management/OperationResult.java
2026-01-18 18:05:42,331 - Knowledge - INFO - Worker kw7 processing /app/data/T0015/307413/b0002up/Hono/site/diagrams/sequenceDiagrams/tenant_RemoveTenant_Success.txt
2026-01-18 18:05:42,453 - Knowledge - INFO - Batch sizing: calculated=6, max_allowed=10, queue=470, active_workers=20/20
2026-01-18 18:05:42,546 - Knowledge - INFO - Async storing batch of 8 embeddings
2026-01-18 18:05:42,575 - Knowledge - INFO - Fast-tracked /app/data/T0015/307413/b0002up/Hono/core/src/main/java/org/eclipse/hono/util/ConfigurationSupportingVerticle.java (small file (2083 bytes))
2026-01-18 18:05:42,631 - Knowledge - INFO - Fast-tracked /app/data/T0015/307413/b0002up/Hono/site/documentation/static/css/hono.css (ext=.css, size=1676)
2026-01-18 18:05:42,676 - Knowledge - INFO - Async storage completed for 8 embeddings
2026-01-18 18:05:42,723 - Knowledge - INFO - Fast-tracked /app/data/T0015/307413/b0002up/Hono/site/documentation/layouts/partials/custom-header.html (ext=.html, size=1387)
2026-01-18 18:05:42,817 - Knowledge - INFO - process ingested knowledge for /app/data/T0015/307413/b0002up/Hono/service-base/src/main/java/org/eclipse/hono/service/management/credentials/CredentialsManagementHttpEndpoint.java
2026-01-18 18:05:42,963 - Knowledge - INFO - process ingested knowledge for /app/data/T0015/307413/b0002up/Hono/service-base/src/main/java/org/eclipse/hono/service/management/Id.java
2026-01-18 18:05:43,168 - Knowledge - INFO - Worker kw2 processing /app/data/T0015/307413/b0002up/Hono/site/diagrams/sequenceDiagrams/deregisterDeviceInformation_Success.txt
2026-01-18 18:05:43,324 - Knowledge - WARNING - Timeout processing /app/data/T0015/307413/b0002up/Hono/service-base/src/main/java/org/eclipse/hono/service/registration/RegistrationAmqpEndpoint.java after 90s - using fallback metadata
2026-01-18 18:05:43,427 - Knowledge - INFO - process ingested knowledge for /app/data/T0015/307413/b0002up/Hono/service-base/src/main/java/org/eclipse/hono/service/credentials/CredentialsMessageFilter.java
2026-01-18 18:05:43,516 - Knowledge - INFO - process ingested knowledge for /app/data/T0015/307413/b0002up/Hono/service-base/src/main/java/org/eclipse/hono/service/management/device/Device.java
2026-01-18 18:05:43,588 - Knowledge - INFO - Fast-tracked /app/data/T0015/307413/b0002up/Hono/site/diagrams/sequenceDiagrams/tenant_RemoveTenant_Success.txt (ext=.txt, size=220)
2026-01-18 18:05:43,740 - Knowledge - INFO - Async storing batch of 8 embeddings
2026-01-18 18:05:43,980 - Knowledge - INFO - Worker kw17 processing /app/data/T0015/307413/b0002up/Hono/site/documentation/layouts/shortcodes/homelink.html
2026-01-18 18:05:44,194 - Knowledge - INFO - [LLM_CALL] Completed: JsonBackedValueObject.java:chunk1, Duration: 57956ms, PromptTokens: 2484, CompletionTokens: 303, Cost: $0.00037
2026-01-18 18:05:44,309 - Knowledge - INFO - Worker kw16 processing /app/data/T0015/307413/b0002up/Hono/site/documentation/static/css/theme-hono.css
2026-01-18 18:05:44,552 - Knowledge - INFO - Worker kw19 processing /app/data/T0015/307413/b0002up/Hono/site/documentation/layouts/partials/menu-footer.html
2026-01-18 18:05:44,627 - Knowledge - INFO - Async storage completed for 8 embeddings
2026-01-18 18:05:44,632 - Knowledge - INFO - process ingested knowledge for /app/data/T0015/307413/b0002up/Hono/service-base/src/main/java/org/eclipse/hono/service/management/credentials/PasswordCredential.java
2026-01-18 18:05:44,715 - Knowledge - INFO - process ingested knowledge for /app/data/T0015/307413/b0002up/Hono/service-base/src/main/java/org/eclipse/hono/service/management/Result.java
2026-01-18 18:05:44,842 - Knowledge - INFO - Fast-tracked /app/data/T0015/307413/b0002up/Hono/site/diagrams/sequenceDiagrams/deregisterDeviceInformation_Success.txt (ext=.txt, size=295)
2026-01-18 18:05:45,160 - Knowledge - INFO - process ingested knowledge for /app/data/T0015/307413/b0002up/Hono/service-base/src/main/java/org/eclipse/hono/service/credentials/EventBusCredentialsAdapter.java
2026-01-18 18:05:45,296 - Knowledge - INFO - process ingested knowledge for /app/data/T0015/307413/b0002up/Hono/service-base/src/main/java/org/eclipse/hono/service/management/device/DeviceBackend.java
2026-01-18 18:05:45,403 - Knowledge - INFO - Worker kw7 processing /app/data/T0015/307413/b0002up/Hono/site/documentation/i18n/stable.toml
2026-01-18 18:05:45,492 - Knowledge - INFO - Worker kw4 processing /app/data/T0015/307413/b0002up/Hono/site/documentation/content/admin-guide/auth-server-config.md
2026-01-18 18:05:45,637 - Knowledge - INFO - Fast-tracked /app/data/T0015/307413/b0002up/Hono/site/documentation/layouts/shortcodes/homelink.html (ext=.html, size=49)
2026-01-18 18:05:45,710 - Knowledge - INFO - Fast-tracked /app/data/T0015/307413/b0002up/Hono/core/src/main/java/org/eclipse/hono/config/FileFormat.java (small file (2766 bytes))
2026-01-18 18:05:45,719 - Knowledge - INFO - done ingest for /app/data/T0015/307413/b0002up/Hono/core/src/main/java/org/eclipse/hono/util/JsonBackedValueObject.java
2026-01-18 18:05:45,720 - Knowledge - INFO - Processing batch of 8 files
2026-01-18 18:05:45,721 - Knowledge - INFO - [LLM_CALL] Completed: RegistrationResult.java:chunk1, Duration: 14479ms, PromptTokens: 2254, CompletionTokens: 273, Cost: $0.00033
2026-01-18 18:05:45,803 - Knowledge - INFO - Fast-tracked /app/data/T0015/307413/b0002up/Hono/site/documentation/static/css/theme-hono.css (ext=.css, size=5164)
2026-01-18 18:05:45,928 - Knowledge - INFO - Fast-tracked /app/data/T0015/307413/b0002up/Hono/site/documentation/layouts/partials/menu-footer.html (ext=.html, size=559)
2026-01-18 18:05:46,029 - Knowledge - WARNING - Timeout processing /app/data/T0015/307413/b0002up/Hono/service-base/src/main/java/org/eclipse/hono/service/management/credentials/GenericCredential.java after 90s - using fallback metadata
2026-01-18 18:05:46,134 - Knowledge - INFO - process ingested knowledge for /app/data/T0015/307413/b0002up/Hono/service-base/src/main/java/org/eclipse/hono/service/management/credentials/PasswordSecret.java
2026-01-18 18:05:46,301 - Knowledge - INFO - process ingested knowledge for /app/data/T0015/307413/b0002up/Hono/service-base/src/main/java/org/eclipse/hono/service/EventBusService.java
2026-01-18 18:05:46,375 - Knowledge - INFO - Worker kw2 processing /app/data/T0015/307413/b0002up/Hono/site/diagrams/sequenceDiagrams/registerDeviceInformation_Success.txt
2026-01-18 18:05:46,562 - Knowledge - INFO - process ingested knowledge for /app/data/T0015/307413/b0002up/Hono/service-base/src/main/java/org/eclipse/hono/service/management/device/EventBusDeviceManagementAdapter.java
2026-01-18 18:05:46,646 - Knowledge - INFO - Fast-tracked /app/data/T0015/307413/b0002up/Hono/site/documentation/i18n/stable.toml (ext=.toml, size=396)
2026-01-18 18:05:46,721 - Knowledge - INFO - Fast-tracked /app/data/T0015/307413/b0002up/Hono/site/documentation/content/admin-guide/auth-server-config.md (ext=.md, size=12548)
2026-01-18 18:05:46,863 - Knowledge - INFO - Worker kw17 processing /app/data/T0015/307413/b0002up/Hono/site/documentation/layouts/shortcodes/note.html
2026-01-18 18:05:47,285 - Knowledge - INFO - process ingested knowledge for /app/data/T0015/307413/b0002up/Hono/service-base/src/main/java/org/eclipse/hono/service/AbstractBaseApplication.java
2026-01-18 18:05:47,425 - Knowledge - INFO - done ingest for /app/data/T0015/307413/b0002up/Hono/core/src/main/java/org/eclipse/hono/util/RegistrationResult.java
2026-01-18 18:05:47,552 - Knowledge - INFO - Worker kw16 processing /app/data/T0015/307413/b0002up/Hono/site/documentation/static/js/swagger-ui-bundle-3.23.0.js
2026-01-18 18:05:47,691 - Knowledge - INFO - Worker kw19 processing /app/data/T0015/307413/b0002up/Hono/site/documentation/layouts/partials/header.html
2026-01-18 18:05:47,842 - Knowledge - WARNING - Timeout processing /app/data/T0015/307413/b0002up/Hono/service-base/src/main/java/org/eclipse/hono/service/management/tenant/EventBusTenantManagementAdapter.java after 90s - using fallback metadata
2026-01-18 18:05:47,942 - Knowledge - INFO - process ingested knowledge for /app/data/T0015/307413/b0002up/Hono/service-base/src/main/java/org/eclipse/hono/service/management/credentials/PskCredential.java
2026-01-18 18:05:48,032 - Knowledge - INFO - [LLM_CALL] Completed: TenantTracingConfig.java:chunk1, Duration: 75870ms, PromptTokens: 2356, CompletionTokens: 417, Cost: $0.00040
2026-01-18 18:05:48,117 - Knowledge - INFO - process ingested knowledge for /app/data/T0015/307413/b0002up/Hono/service-base/src/main/java/org/eclipse/hono/service/VertxBasedHealthCheckServer.java
2026-01-18 18:05:48,193 - Knowledge - INFO - Fast-tracked /app/data/T0015/307413/b0002up/Hono/site/diagrams/sequenceDiagrams/registerDeviceInformation_Success.txt (ext=.txt, size=353)
2026-01-18 18:05:48,337 - Knowledge - INFO - Async storage completed for 8 embeddings
2026-01-18 18:05:48,358 - Knowledge - INFO - process ingested knowledge for /app/data/T0015/307413/b0002up/Hono/service-base/src/main/java/org/eclipse/hono/service/management/device/DeviceManagementService.java
2026-01-18 18:05:48,394 - Knowledge - INFO - Worker kw7 processing /app/data/T0015/307413/b0002up/Hono/site/documentation/config.toml
2026-01-18 18:05:48,560 - Knowledge - INFO - Worker kw4 processing /app/data/T0015/307413/b0002up/Hono/site/documentation/content/admin-guide/device-registry-config.md
2026-01-18 18:05:48,785 - Knowledge - INFO - Fast-tracked /app/data/T0015/307413/b0002up/Hono/site/documentation/layouts/shortcodes/note.html (ext=.html, size=188)
2026-01-18 18:05:48,928 - Knowledge - INFO - process ingested knowledge for /app/data/T0015/307413/b0002up/Hono/service-base/src/main/java/org/eclipse/hono/service/HealthCheckServer.java
2026-01-18 18:05:49,361 - Knowledge - INFO - Fast-tracked /app/data/T0015/307413/b0002up/Hono/site/documentation/static/js/swagger-ui-bundle-3.23.0.js (ext=.js, size=962278)
2026-01-18 18:05:49,505 - Knowledge - INFO - Worker kw19 processing /app/data/T0015/307413/b0002up/Hono/site/documentation/layouts/partials/custom-footer.html
2026-01-18 18:05:49,661 - Knowledge - WARNING - Timeout processing /app/data/T0015/307413/b0002up/Hono/service-base/src/main/java/org/eclipse/hono/service/management/tenant/Tenant.java after 90s - using fallback metadata
2026-01-18 18:05:49,897 - Knowledge - INFO - done ingest for /app/data/T0015/307413/b0002up/Hono/core/src/main/java/org/eclipse/hono/util/TenantTracingConfig.java
2026-01-18 18:05:50,237 - Knowledge - INFO - [kw18] Queue=458, InProgress=0, PendingWorkers=20/20, Completed=444/1010 (44.0%)
2026-01-18 18:05:50,237 - Knowledge - INFO - Worker kw2 processing /app/data/T0015/307413/b0002up/Hono/site/diagrams/sequenceDiagrams/addCredentials_Success.txt
2026-01-18 18:05:50,631 - Knowledge - INFO - Fast-tracked /app/data/T0015/307413/b0002up/Hono/site/documentation/config.toml (ext=.toml, size=2702)
2026-01-18 18:05:50,805 - Knowledge - INFO - Fast-tracked /app/data/T0015/307413/b0002up/Hono/site/documentation/content/admin-guide/device-registry-config.md (ext=.md, size=24934)
2026-01-18 18:05:50,869 - Knowledge - INFO - process ingested knowledge for /app/data/T0015/307413/b0002up/Hono/service-base/src/main/java/org/eclipse/hono/service/management/device/DeviceManagementHttpEndpoint.java
2026-01-18 18:05:50,880 - Knowledge - INFO - Worker kw17 processing /app/data/T0015/307413/b0002up/Hono/site/documentation/layouts/shortcodes/warning.html
2026-01-18 18:05:51,392 - Knowledge - INFO - Worker kw16 processing /app/data/T0015/307413/b0002up/Hono/site/documentation/static/js/swagger-ui-standalone-preset-3.23.0.js
2026-01-18 18:05:51,512 - Knowledge - INFO - Fast-tracked /app/data/T0015/307413/b0002up/Hono/site/documentation/layouts/partials/custom-footer.html (ext=.html, size=800)
2026-01-18 18:05:51,524 - Knowledge - INFO - process ingested knowledge for /app/data/T0015/307413/b0002up/Hono/service-base/src/main/java/org/eclipse/hono/service/registration/AbstractRegistrationService.java
2026-01-18 18:05:51,601 - Knowledge - INFO - [LLM_CALL] Completed: TimeUntilDisconnectNotification.java:chunk1, Duration: 78937ms, PromptTokens: 3778, CompletionTokens: 412, Cost: $0.00054
2026-01-18 18:05:51,601 - Knowledge - WARNING - Timeout processing /app/data/T0015/307413/b0002up/Hono/service-base/src/main/java/org/eclipse/hono/service/management/tenant/Adapter.java after 90s - using fallback metadata
2026-01-18 18:05:51,909 - Knowledge - INFO - Batch sizing: calculated=6, max_allowed=10, queue=458, active_workers=20/20
2026-01-18 18:05:52,085 - Knowledge - INFO - Fast-tracked /app/data/T0015/307413/b0002up/Hono/site/diagrams/sequenceDiagrams/addCredentials_Success.txt (ext=.txt, size=228)
2026-01-18 18:05:52,158 - Knowledge - INFO - Worker kw7 processing /app/data/T0015/307413/b0002up/Hono/site/documentation/static/favicon/browserconfig.xml
2026-01-18 18:05:52,320 - Knowledge - INFO - Worker kw4 processing /app/data/T0015/307413/b0002up/Hono/site/documentation/content/admin-guide/amqp-network-config.md
2026-01-18 18:05:52,631 - Knowledge - INFO - Fast-tracked /app/data/T0015/307413/b0002up/Hono/site/documentation/layouts/shortcodes/warning.html (ext=.html, size=201)
2026-01-18 18:05:52,808 - Knowledge - INFO - Fast-tracked /app/data/T0015/307413/b0002up/Hono/site/documentation/static/js/swagger-ui-standalone-preset-3.23.0.js (ext=.js, size=329622)
2026-01-18 18:05:52,900 - Knowledge - INFO - Worker kw19 processing /app/data/T0015/307413/b0002up/Hono/site/documentation/layouts/partials/favicon.html
2026-01-18 18:05:52,999 - Knowledge - INFO - process ingested knowledge for /app/data/T0015/307413/b0002up/Hono/service-base/src/main/java/org/eclipse/hono/service/management/tenant/TenantManagementHttpEndpoint.java
2026-01-18 18:05:53,221 - Knowledge - INFO - done ingest for /app/data/T0015/307413/b0002up/Hono/core/src/main/java/org/eclipse/hono/util/TimeUntilDisconnectNotification.java
2026-01-18 18:05:53,223 - Knowledge - INFO - [LLM_CALL] Completed: AuthoritiesImpl.java:chunk1, Duration: 57274ms, PromptTokens: 4314, CompletionTokens: 522, Cost: $0.00064
2026-01-18 18:05:53,435 - Knowledge - WARNING - Timeout processing /app/data/T0015/307413/b0002up/Hono/service-base/src/main/java/org/eclipse/hono/service/management/tenant/TrustedCertificateAuthority.java after 90s - using fallback metadata
2026-01-18 18:05:53,465 - Knowledge - INFO - process ingested knowledge for /app/data/T0015/307413/b0002up/Hono/service-base/src/main/java/org/eclipse/hono/service/registration/EventBusRegistrationAdapter.java
2026-01-18 18:05:53,704 - Knowledge - INFO - Worker kw2 processing /app/data/T0015/307413/b0002up/Hono/site/diagrams/sequenceDiagrams/updateCredentials_Success.txt
2026-01-18 18:05:53,876 - Knowledge - INFO - Fast-tracked /app/data/T0015/307413/b0002up/Hono/site/documentation/static/favicon/browserconfig.xml (ext=.xml, size=246)
2026-01-18 18:05:53,986 - Knowledge - INFO - Fast-tracked /app/data/T0015/307413/b0002up/Hono/site/documentation/content/admin-guide/amqp-network-config.md (ext=.md, size=2054)
2026-01-18 18:05:54,037 - Knowledge - INFO - Worker kw17 processing /app/data/T0015/307413/b0002up/Hono/site/documentation/layouts/shortcodes/swagger.html
2026-01-18 18:05:54,148 - Knowledge - INFO - Worker kw16 processing /app/data/T0015/307413/b0002up/Hono/site/documentation/layouts/partials/menu.html
2026-01-18 18:05:54,256 - Knowledge - INFO - Async storage completed for 8 embeddings
2026-01-18 18:05:54,313 - Knowledge - INFO - Fast-tracked /app/data/T0015/307413/b0002up/Hono/site/documentation/layouts/partials/favicon.html (ext=.html, size=827)
2026-01-18 18:05:54,654 - Knowledge - INFO - done ingest for /app/data/T0015/307413/b0002up/Hono/core/src/main/java/org/eclipse/hono/auth/AuthoritiesImpl.java
2026-01-18 18:05:54,686 - Knowledge - INFO - Async storing batch of 8 embeddings
2026-01-18 18:05:54,694 - Knowledge - INFO - [LLM_CALL] Completed: CommandConstants.java:chunk1, Duration: 26265ms, PromptTokens: 2566, CompletionTokens: 807, Cost: $0.00058
2026-01-18 18:05:54,795 - Knowledge - WARNING - Timeout processing /app/data/T0015/307413/b0002up/Hono/service-base/src/main/java/org/eclipse/hono/service/management/Util.java after 90s - using fallback metadata
2026-01-18 18:05:54,818 - Knowledge - INFO - process ingested knowledge for /app/data/T0015/307413/b0002up/Hono/service-base/src/main/java/org/eclipse/hono/service/management/tenant/TenantManagementService.java
2026-01-18 18:05:55,035 - Knowledge - INFO - Fast-tracked /app/data/T0015/307413/b0002up/Hono/site/diagrams/sequenceDiagrams/updateCredentials_Success.txt (ext=.txt, size=237)
2026-01-18 18:05:55,135 - Knowledge - INFO - process ingested knowledge for /app/data/T0015/307413/b0002up/Hono/service-base/src/main/java/org/eclipse/hono/service/registration/RegistrationService.java
2026-01-18 18:05:55,216 - Knowledge - INFO - Worker kw7 processing /app/data/T0015/307413/b0002up/Hono/site/documentation/static/css/swagger-ui-3.23.0.css
2026-01-18 18:05:55,374 - Knowledge - INFO - Worker kw4 processing /app/data/T0015/307413/b0002up/Hono/site/documentation/content/admin-guide/hono-client-configuration.md
2026-01-18 18:05:55,500 - Knowledge - INFO - Fast-tracked /app/data/T0015/307413/b0002up/Hono/site/documentation/layouts/shortcodes/swagger.html (ext=.html, size=816)
2026-01-18 18:05:55,627 - Knowledge - INFO - Worker kw16 processing /app/data/T0015/307413/b0002up/Hono/site/documentation/layouts/partials/logo.html
2026-01-18 18:05:55,967 - Knowledge - INFO - Worker kw19 processing /app/data/T0015/307413/b0002up/Hono/site/documentation/layouts/partials/old-version-hint.html
2026-01-18 18:05:56,170 - Knowledge - INFO - Worker kw18 processing /app/data/T0015/307413/b0002up/Hono/site/documentation/content/admin-guide/monitoring-tracing-config.md
2026-01-18 18:05:56,372 - Knowledge - INFO - done ingest for /app/data/T0015/307413/b0002up/Hono/core/src/main/java/org/eclipse/hono/util/CommandConstants.java
2026-01-18 18:05:56,379 - Knowledge - INFO - [LLM_CALL] Completed: BaseMessageFilter.java:chunk1, Duration: 55718ms, PromptTokens: 2628, CompletionTokens: 462, Cost: $0.00045
2026-01-18 18:05:56,521 - Knowledge - WARNING - Timeout processing /app/data/T0015/307413/b0002up/Hono/service-base/src/main/java/org/eclipse/hono/service/management/credentials/EventBusCredentialsManagementAdapter.java after 90s - using fallback metadata
2026-01-18 18:05:56,798 - Knowledge - INFO - Async storage completed for 8 embeddings
2026-01-18 18:05:56,997 - Knowledge - INFO - process ingested knowledge for /app/data/T0015/307413/b0002up/Hono/service-base/src/main/java/org/eclipse/hono/service/registration/RegistrationMessageFilter.java
2026-01-18 18:05:57,077 - Knowledge - INFO - Fast-tracked /app/data/T0015/307413/b0002up/Hono/site/documentation/static/css/swagger-ui-3.23.0.css (ext=.css, size=154240)
2026-01-18 18:05:57,158 - Knowledge - INFO - Fast-tracked /app/data/T0015/307413/b0002up/Hono/site/documentation/content/admin-guide/hono-client-configuration.md (ext=.md, size=14855)
2026-01-18 18:05:57,239 - Knowledge - INFO - Worker kw17 processing /app/data/T0015/307413/b0002up/Hono/site/documentation/config_version.toml
2026-01-18 18:05:57,344 - Knowledge - INFO - Fast-tracked /app/data/T0015/307413/b0002up/Hono/site/documentation/layouts/partials/logo.html (ext=.html, size=162)
2026-01-18 18:05:57,420 - Knowledge - INFO - Fast-tracked /app/data/T0015/307413/b0002up/Hono/site/documentation/layouts/partials/old-version-hint.html (ext=.html, size=305)
2026-01-18 18:05:57,596 - Knowledge - INFO - Fast-tracked /app/data/T0015/307413/b0002up/Hono/site/documentation/content/admin-guide/monitoring-tracing-config.md (ext=.md, size=15200)
2026-01-18 18:05:57,846 - Knowledge - INFO - done ingest for /app/data/T0015/307413/b0002up/Hono/core/src/main/java/org/eclipse/hono/util/BaseMessageFilter.java
2026-01-18 18:05:57,878 - Knowledge - INFO - [LLM_CALL] Completed: ResourceLimits.java:chunk1, Duration: 42220ms, PromptTokens: 2874, CompletionTokens: 501, Cost: $0.00049
2026-01-18 18:05:58,313 - Knowledge - INFO - Async storage completed for 8 embeddings
2026-01-18 18:05:58,327 - Knowledge - INFO - process ingested knowledge for /app/data/T0015/307413/b0002up/Hono/service-base/src/main/java/org/eclipse/hono/service/registration/RegistrationAmqpEndpoint.java
2026-01-18 18:05:58,355 - Knowledge - INFO - Async storage completed for 8 embeddings
2026-01-18 18:05:58,437 - Knowledge - INFO - Worker kw4 processing /app/data/T0015/307413/b0002up/Hono/site/documentation/content/admin-guide/mqtt-adapter-config.md
2026-01-18 18:05:58,494 - Knowledge - INFO - Async storage completed for 8 embeddings
2026-01-18 18:05:58,547 - Knowledge - INFO - Fast-tracked /app/data/T0015/307413/b0002up/Hono/site/documentation/config_version.toml (ext=.toml, size=493)
2026-01-18 18:05:58,879 - Knowledge - INFO - Worker kw18 processing /app/data/T0015/307413/b0002up/Hono/site/documentation/content/admin-guide/kura-adapter-config.md
2026-01-18 18:05:59,341 - Knowledge - INFO - done ingest for /app/data/T0015/307413/b0002up/Hono/core/src/main/java/org/eclipse/hono/util/ResourceLimits.java
2026-01-18 18:05:59,364 - Knowledge - INFO - Processing batch of 8 files
2026-01-18 18:05:59,370 - Knowledge - INFO - Processing batch of 6 files
2026-01-18 18:05:59,376 - Knowledge - INFO - [LLM_CALL] Completed: TenantConstants.java:chunk1, Duration: 42712ms, PromptTokens: 3946, CompletionTokens: 237, Cost: $0.00049
2026-01-18 18:05:59,580 - Knowledge - INFO - process ingested knowledge for /app/data/T0015/307413/b0002up/Hono/service-base/src/main/java/org/eclipse/hono/service/AbstractAdapterConfig.java
2026-01-18 18:05:59,974 - Knowledge - INFO - Fast-tracked /app/data/T0015/307413/b0002up/Hono/site/documentation/content/admin-guide/mqtt-adapter-config.md (ext=.md, size=15976)
2026-01-18 18:06:00,117 - Knowledge - WARNING - Timeout processing /app/data/T0015/307413/b0002up/Hono/core/src/main/java/org/eclipse/hono/config/ServerConfig.java after 90s - using fallback metadata
2026-01-18 18:06:00,203 - Knowledge - INFO - Worker kw17 processing /app/data/T0015/307413/b0002up/Hono/site/documentation/content/admin-guide/http-adapter-config.md
2026-01-18 18:06:00,342 - Knowledge - INFO - Fast-tracked /app/data/T0015/307413/b0002up/Hono/site/documentation/content/admin-guide/kura-adapter-config.md (ext=.md, size=16026)
2026-01-18 18:06:00,519 - Knowledge - INFO - Fast-tracked /app/data/T0015/307413/b0002up/Hono/site/documentation/content/admin-guide/http-adapter-config.md (ext=.md, size=15449)
2026-01-18 18:06:00,586 - Knowledge - INFO - process ingested knowledge for /app/data/T0015/307413/b0002up/Hono/service-base/src/main/java/org/eclipse/hono/service/management/tenant/EventBusTenantManagementAdapter.java
2026-01-18 18:06:00,665 - Knowledge - INFO - process ingested knowledge for /app/data/T0015/307413/b0002up/Hono/site/diagrams/sequenceDiagrams/tenant_addNewTenant_Success.txt
2026-01-18 18:06:00,815 - Knowledge - INFO - done ingest for /app/data/T0015/307413/b0002up/Hono/core/src/main/java/org/eclipse/hono/util/TenantConstants.java
2026-01-18 18:06:00,839 - Knowledge - INFO - [LLM_CALL] Completed: RegistrationConstants.java:chunk1, Duration: 53748ms, PromptTokens: 2136, CompletionTokens: 273, Cost: $0.00032
2026-01-18 18:06:01,041 - Knowledge - INFO - Worker kw4 processing /app/data/T0015/307413/b0002up/Hono/site/documentation/content/admin-guide/_index.md
2026-01-18 18:06:01,178 - Knowledge - WARNING - Timeout processing /app/data/T0015/307413/b0002up/Hono/core/src/main/java/org/eclipse/hono/config/SignatureSupportingConfigProperties.java after 90s - using fallback metadata
2026-01-18 18:06:01,469 - Knowledge - INFO - Worker kw18 processing /app/data/T0015/307413/b0002up/Hono/site/documentation/content/admin-guide/common-config.md
2026-01-18 18:06:01,612 - Knowledge - INFO - Async storage completed for 8 embeddings
2026-01-18 18:06:01,908 - Knowledge - INFO - process ingested knowledge for /app/data/T0015/307413/b0002up/Hono/service-base/src/main/java/org/eclipse/hono/service/management/tenant/TenantBackend.java
2026-01-18 18:06:01,912 - Knowledge - INFO - process ingested knowledge for /app/data/T0015/307413/b0002up/Hono/site/diagrams/sequenceDiagrams/removeCredentials_Success.txt
2026-01-18 18:06:02,137 - Knowledge - INFO - done ingest for /app/data/T0015/307413/b0002up/Hono/core/src/main/java/org/eclipse/hono/util/RegistrationConstants.java
2026-01-18 18:06:02,161 - Knowledge - INFO - [LLM_CALL] Completed: ProtocolAdapterProperties.java:chunk1, Duration: 28178ms, PromptTokens: 4936, CompletionTokens: 635, Cost: $0.00075
2026-01-18 18:06:02,291 - Knowledge - INFO - Fast-tracked /app/data/T0015/307413/b0002up/Hono/site/documentation/content/admin-guide/_index.md (ext=.md, size=212)
2026-01-18 18:06:02,445 - Knowledge - INFO - [kw13] Queue=452, InProgress=0, PendingWorkers=20/20, Completed=464/1010 (45.9%)
2026-01-18 18:06:02,478 - Knowledge - WARNING - Timeout processing /app/data/T0015/307413/b0002up/Hono/core/src/main/java/org/eclipse/hono/config/ServiceConfigProperties.java after 90s - using fallback metadata
2026-01-18 18:06:02,690 - Knowledge - INFO - Fast-tracked /app/data/T0015/307413/b0002up/Hono/site/documentation/content/admin-guide/common-config.md (ext=.md, size=2827)
2026-01-18 18:06:03,024 - Knowledge - INFO - process ingested knowledge for /app/data/T0015/307413/b0002up/Hono/service-base/src/main/java/org/eclipse/hono/service/management/tenant/Tenant.java
2026-01-18 18:06:03,105 - Knowledge - INFO - process ingested knowledge for /app/data/T0015/307413/b0002up/Hono/site/diagrams/sequenceDiagrams/deregisterDeviceInformation_Success.txt
2026-01-18 18:06:03,421 - Knowledge - INFO - done ingest for /app/data/T0015/307413/b0002up/Hono/core/src/main/java/org/eclipse/hono/config/ProtocolAdapterProperties.java
2026-01-18 18:06:03,449 - Knowledge - INFO - [WEBSOCKET] Sent: Type=progress_update, Size: 291, Duration: 4101ms
2026-01-18 18:06:03,657 - Knowledge - INFO - Async storage completed for 8 embeddings
2026-01-18 18:06:03,759 - Knowledge - INFO - Batch sizing: calculated=6, max_allowed=10, queue=452, active_workers=20/20
2026-01-18 18:06:03,968 - Knowledge - WARNING - Timeout processing /app/data/T0015/307413/b0002up/Hono/core/src/main/java/org/eclipse/hono/config/ClientConfigProperties.java after 90s - using fallback metadata
2026-01-18 18:06:04,019 - Knowledge - INFO - Worker kw18 processing /app/data/T0015/307413/b0002up/Hono/site/documentation/content/admin-guide/secure_communication.md
2026-01-18 18:06:04,162 - Knowledge - INFO - process ingested knowledge for /app/data/T0015/307413/b0002up/Hono/service-base/src/main/java/org/eclipse/hono/service/management/tenant/Adapter.java
2026-01-18 18:06:04,183 - Knowledge - INFO - Async storage completed for 8 embeddings
2026-01-18 18:06:04,266 - Knowledge - INFO - process ingested knowledge for /app/data/T0015/307413/b0002up/Hono/site/diagrams/sequenceDiagrams/registerDeviceInformation_Success.txt
2026-01-18 18:06:04,403 - Knowledge - INFO - Async storage completed for 8 embeddings
2026-01-18 18:06:04,537 - Knowledge - INFO - Processing batch of 6 files
2026-01-18 18:06:04,538 - Knowledge - INFO - [LLM_CALL] Completed: HonoProtonHelper.java:chunk1, Duration: 86592ms, PromptTokens: 5378, CompletionTokens: 671, Cost: $0.00081
2026-01-18 18:06:04,738 - Knowledge - WARNING - Timeout processing /app/data/T0015/307413/b0002up/Hono/core/src/main/java/org/eclipse/hono/auth/SpringBasedHonoPasswordEncoder.java after 90s - using fallback metadata
2026-01-18 18:06:04,850 - Knowledge - WARNING - Timeout processing /app/data/T0015/307413/b0002up/Hono/core/src/main/java/org/eclipse/hono/config/AbstractConfig.java after 90s - using fallback metadata
2026-01-18 18:06:04,970 - Knowledge - INFO - Fast-tracked /app/data/T0015/307413/b0002up/Hono/site/documentation/content/admin-guide/secure_communication.md (ext=.md, size=14459)
2026-01-18 18:06:05,086 - Knowledge - INFO - process ingested knowledge for /app/data/T0015/307413/b0002up/Hono/service-base/src/main/java/org/eclipse/hono/service/management/tenant/TrustedCertificateAuthority.java
2026-01-18 18:06:05,287 - Knowledge - INFO - process ingested knowledge for /app/data/T0015/307413/b0002up/Hono/site/diagrams/sequenceDiagrams/addCredentials_Success.txt
2026-01-18 18:06:05,449 - Knowledge - INFO - process ingested knowledge for /app/data/T0015/307413/b0002up/Hono/site/diagrams/sequenceDiagrams/getRegistrationInformation_Success.txt
2026-01-18 18:06:05,534 - Knowledge - INFO - done ingest for /app/data/T0015/307413/b0002up/Hono/core/src/main/java/org/eclipse/hono/util/HonoProtonHelper.java
2026-01-18 18:06:05,535 - Knowledge - INFO - [LLM_CALL] Completed: BufferResult.java:chunk1, Duration: 53928ms, PromptTokens: 2102, CompletionTokens: 286, Cost: $0.00032
2026-01-18 18:06:05,615 - Knowledge - WARNING - Timeout processing /app/data/T0015/307413/b0002up/Hono/core/src/main/java/org/eclipse/hono/auth/EncodedPassword.java after 90s - using fallback metadata
2026-01-18 18:06:05,693 - Knowledge - WARNING - Timeout processing /app/data/T0015/307413/b0002up/Hono/core/src/main/java/org/eclipse/hono/config/VertxProperties.java after 90s - using fallback metadata
2026-01-18 18:06:05,772 - Knowledge - INFO - Worker kw18 processing /app/data/T0015/307413/b0002up/Hono/site/documentation/content/admin-guide/device-connection-config.md
2026-01-18 18:06:05,865 - Knowledge - INFO - process ingested knowledge for /app/data/T0015/307413/b0002up/Hono/service-base/src/main/java/org/eclipse/hono/service/management/Util.java
2026-01-18 18:06:05,951 - Knowledge - INFO - process ingested knowledge for /app/data/T0015/307413/b0002up/Hono/site/diagrams/sequenceDiagrams/updateCredentials_Success.txt
2026-01-18 18:06:06,054 - Knowledge - INFO - process ingested knowledge for /app/data/T0015/307413/b0002up/Hono/site/diagrams/sequenceDiagrams/tenant_RemoveTenant_Success.txt
2026-01-18 18:06:06,269 - Knowledge - INFO - done ingest for /app/data/T0015/307413/b0002up/Hono/core/src/main/java/org/eclipse/hono/util/BufferResult.java
2026-01-18 18:06:06,278 - Knowledge - INFO - [LLM_CALL] Completed: DataVolume.java:chunk1, Duration: 70459ms, PromptTokens: 2360, CompletionTokens: 441, Cost: $0.00041
2026-01-18 18:06:06,592 - Knowledge - WARNING - Timeout processing /app/data/T0015/307413/b0002up/Hono/core/src/main/java/org/eclipse/hono/config/PemReader.java after 90s - using fallback metadata
2026-01-18 18:06:06,682 - Knowledge - INFO - Fast-tracked /app/data/T0015/307413/b0002up/Hono/site/documentation/content/admin-guide/device-connection-config.md (ext=.md, size=14007)
2026-01-18 18:06:06,717 - Knowledge - WARNING - Timeout processing /app/data/T0015/307413/b0002up/Hono/core/src/main/java/org/eclipse/hono/config/KeyLoader.java after 90s - using fallback metadata
2026-01-18 18:06:06,812 - Knowledge - INFO - process ingested knowledge for /app/data/T0015/307413/b0002up/Hono/service-base/src/main/java/org/eclipse/hono/service/management/credentials/EventBusCredentialsManagementAdapter.java
2026-01-18 18:06:07,907 - Knowledge - INFO - process ingested knowledge for /app/data/T0015/307413/b0002up/Hono/site/documentation/i18n/stable.toml
2026-01-18 18:06:07,947 - Knowledge - INFO - done ingest for /app/data/T0015/307413/b0002up/Hono/core/src/main/java/org/eclipse/hono/util/DataVolume.java
2026-01-18 18:06:07,955 - Knowledge - INFO - [LLM_CALL] Completed: DeviceConnectionResult.java:chunk1, Duration: 31832ms, PromptTokens: 2276, CompletionTokens: 297, Cost: $0.00035
2026-01-18 18:06:08,302 - Knowledge - INFO - Worker kw18 processing /app/data/T0015/307413/b0002up/Hono/site/documentation/content/admin-guide/amqp-adapter-config.md
2026-01-18 18:06:08,663 - Knowledge - INFO - process ingested knowledge for /app/data/T0015/307413/b0002up/Hono/service-base/src/main/java/org/eclipse/hono/service/management/credentials/GenericCredential.java
2026-01-18 18:06:08,677 - Knowledge - INFO - process ingested knowledge for /app/data/T0015/307413/b0002up/Hono/site/documentation/config.toml
2026-01-18 18:06:08,937 - Knowledge - INFO - done ingest for /app/data/T0015/307413/b0002up/Hono/core/src/main/java/org/eclipse/hono/util/DeviceConnectionResult.java
2026-01-18 18:06:08,953 - Knowledge - INFO - [WEBSOCKET] Sent: Type=unknown, Size: ?, Duration: 3419ms
2026-01-18 18:06:09,065 - Knowledge - INFO - Fast-tracked /app/data/T0015/307413/b0002up/Hono/site/documentation/content/admin-guide/amqp-adapter-config.md (ext=.md, size=16526)
2026-01-18 18:06:09,525 - Knowledge - INFO - process ingested knowledge for /app/data/T0015/307413/b0002up/Hono/site/documentation/static/favicon/browserconfig.xml
2026-01-18 18:06:09,577 - Knowledge - INFO - Progress: 45.3% | Files: 503/1010 | Rate: 1.58 files/sec | Queue: 446
2026-01-18 18:06:09,612 - Knowledge - INFO - Processing batch of 6 files
2026-01-18 18:06:09,617 - Knowledge - INFO - Async storing batch of 8 embeddings
2026-01-18 18:06:09,640 - Knowledge - INFO - Processing batch of 8 files
2026-01-18 18:06:09,647 - Knowledge - INFO - Processing batch of 6 files
2026-01-18 18:06:09,663 - Knowledge - INFO - [WEBSOCKET] Sent: Type=progress_update, Size: 293, Duration: 4129ms
2026-01-18 18:06:09,739 - Knowledge - INFO - Async storage completed for 8 embeddings
2026-01-18 18:06:10,222 - Knowledge - INFO - process ingested knowledge for /app/data/T0015/307413/b0002up/Hono/site/documentation/content/admin-guide/auth-server-config.md
2026-01-18 18:06:10,417 - Knowledge - INFO - Worker kw13 processing /app/data/T0015/307413/b0002up/Hono/site/documentation/content/dev-guide/building_hono.md
2026-01-18 18:06:10,489 - Knowledge - INFO - process ingested knowledge for /app/data/T0015/307413/b0002up/Hono/site/documentation/static/css/swagger-ui-3.23.0.css
2026-01-18 18:06:10,527 - Knowledge - INFO - [kw14] Queue=446, InProgress=0, PendingWorkers=20/20, Completed=505/1010 (50.0%)
2026-01-18 18:06:10,548 - Knowledge - INFO - process ingested knowledge for /app/data/T0015/307413/b0002up/Hono/core/src/main/java/org/eclipse/hono/config/ApplicationConfigProperties.java
2026-01-18 18:06:10,663 - Knowledge - INFO - process ingested knowledge for /app/data/T0015/307413/b0002up/Hono/site/documentation/layouts/shortcodes/homelink.html
2026-01-18 18:06:10,834 - Knowledge - INFO - [LLM_CALL] Completed: header.html:chunk1, Duration: 8678ms, PromptTokens: 3134, CompletionTokens: 210, Cost: $0.00040
2026-01-18 18:06:11,268 - Knowledge - INFO - Fast-tracked /app/data/T0015/307413/b0002up/Hono/site/documentation/content/dev-guide/building_hono.md (ext=.md, size=3326)
2026-01-18 18:06:11,617 - Knowledge - INFO - Batch sizing: calculated=6, max_allowed=10, queue=446, active_workers=20/20
2026-01-18 18:06:11,670 - Knowledge - INFO - process ingested knowledge for /app/data/T0015/307413/b0002up/Hono/site/documentation/content/admin-guide/device-registry-config.md
2026-01-18 18:06:12,033 - Knowledge - INFO - done ingest for /app/data/T0015/307413/b0002up/Hono/site/documentation/layouts/partials/header.html
2026-01-18 18:06:12,043 - Knowledge - INFO - [LLM_CALL] Completed: menu.html:chunk1, Duration: 9900ms, PromptTokens: 3660, CompletionTokens: 251, Cost: $0.00047
2026-01-18 18:06:12,068 - Knowledge - INFO - Async storage completed for 8 embeddings
2026-01-18 18:06:12,075 - Knowledge - INFO - process ingested knowledge for /app/data/T0015/307413/b0002up/Hono/site/documentation/layouts/shortcodes/note.html
2026-01-18 18:06:12,171 - Knowledge - INFO - Worker kw13 processing /app/data/T0015/307413/b0002up/Hono/site/documentation/content/dev-guide/java_client_consumer.md
2026-01-18 18:06:12,675 - Knowledge - INFO - done ingest for /app/data/T0015/307413/b0002up/Hono/site/documentation/layouts/partials/menu.html
2026-01-18 18:06:12,689 - Knowledge - INFO - Processing batch of 8 files
2026-01-18 18:06:12,725 - Knowledge - INFO - Processing batch of 8 files
2026-01-18 18:06:12,743 - Knowledge - INFO - Processing batch of 8 files
2026-01-18 18:06:12,767 - Knowledge - INFO - process ingested knowledge for /app/data/T0015/307413/b0002up/Hono/core/src/main/java/org/eclipse/hono/util/TenantTracingConfig.java
2026-01-18 18:06:12,767 - Knowledge - INFO - Progress: 47.9% | Files: 514/1010 | Rate: 1.59 files/sec | Queue: 446
2026-01-18 18:06:12,779 - Knowledge - INFO - Processing batch of 6 files
2026-01-18 18:06:12,848 - Knowledge - INFO - [LLM_CALL] Completed: TriTuple.java:chunk1, Duration: 82309ms, PromptTokens: 2552, CompletionTokens: 396, Cost: $0.00041
2026-01-18 18:06:13,063 - Knowledge - INFO - process ingested knowledge for /app/data/T0015/307413/b0002up/Hono/site/documentation/content/admin-guide/amqp-network-config.md
2026-01-18 18:06:13,077 - Knowledge - INFO - Fast-tracked /app/data/T0015/307413/b0002up/Hono/site/documentation/content/dev-guide/java_client_consumer.md (ext=.md, size=4186)
2026-01-18 18:06:13,274 - Knowledge - INFO - process ingested knowledge for /app/data/T0015/307413/b0002up/Hono/core/src/main/java/org/eclipse/hono/config/SignatureSupportingConfigProperties.java
2026-01-18 18:06:13,303 - Knowledge - INFO - process ingested knowledge for /app/data/T0015/307413/b0002up/Hono/site/documentation/layouts/shortcodes/warning.html
2026-01-18 18:06:13,364 - Knowledge - INFO - process ingested knowledge for /app/data/T0015/307413/b0002up/Hono/core/src/main/java/org/eclipse/hono/auth/SpringBasedHonoPasswordEncoder.java
2026-01-18 18:06:13,449 - Knowledge - INFO - process ingested knowledge for /app/data/T0015/307413/b0002up/Hono/core/src/main/java/org/eclipse/hono/util/TimeUntilDisconnectNotification.java
2026-01-18 18:06:13,643 - Knowledge - INFO - process ingested knowledge for /app/data/T0015/307413/b0002up/Hono/core/src/main/java/org/eclipse/hono/util/AmqpErrorException.java
2026-01-18 18:06:13,735 - Knowledge - INFO - [kw3] Queue=440, InProgress=0, PendingWorkers=20/20, Completed=523/1010 (51.8%)
2026-01-18 18:06:13,743 - Knowledge - INFO - process ingested knowledge for /app/data/T0015/307413/b0002up/Hono/site/documentation/content/admin-guide/monitoring-tracing-config.md
2026-01-18 18:06:13,827 - Knowledge - INFO - done ingest for /app/data/T0015/307413/b0002up/Hono/core/src/main/java/org/eclipse/hono/util/TriTuple.java
2026-01-18 18:06:13,832 - Knowledge - INFO - [LLM_CALL] Completed: EventBusMessage.java:chunk1, Duration: 38718ms, PromptTokens: 10596, CompletionTokens: 555, Cost: $0.00128
2026-01-18 18:06:14,054 - Knowledge - INFO - process ingested knowledge for /app/data/T0015/307413/b0002up/Hono/site/documentation/content/admin-guide/hono-client-configuration.md
2026-01-18 18:06:14,120 - Knowledge - INFO - Worker kw13 processing /app/data/T0015/307413/b0002up/Hono/site/documentation/content/dev-guide/_index.md
2026-01-18 18:06:14,750 - Knowledge - INFO - process ingested knowledge for /app/data/T0015/307413/b0002up/Hono/core/src/main/java/org/eclipse/hono/config/ServiceConfigProperties.java
2026-01-18 18:06:14,774 - Knowledge - INFO - process ingested knowledge for /app/data/T0015/307413/b0002up/Hono/site/documentation/layouts/shortcodes/swagger.html
2026-01-18 18:06:14,782 - Knowledge - INFO - process ingested knowledge for /app/data/T0015/307413/b0002up/Hono/core/src/main/java/org/eclipse/hono/util/Hostnames.java
2026-01-18 18:06:14,874 - Knowledge - INFO - process ingested knowledge for /app/data/T0015/307413/b0002up/Hono/core/src/main/java/org/eclipse/hono/auth/EncodedPassword.java
2026-01-18 18:06:14,876 - Knowledge - INFO - process ingested knowledge for /app/data/T0015/307413/b0002up/Hono/core/src/main/java/org/eclipse/hono/util/JsonBackedValueObject.java
2026-01-18 18:06:15,022 - Knowledge - INFO - Batch sizing: calculated=6, max_allowed=10, queue=440, active_workers=20/20
2026-01-18 18:06:15,183 - Knowledge - INFO - process ingested knowledge for /app/data/T0015/307413/b0002up/Hono/site/documentation/content/admin-guide/kura-adapter-config.md
2026-01-18 18:06:15,669 - Knowledge - INFO - done ingest for /app/data/T0015/307413/b0002up/Hono/core/src/main/java/org/eclipse/hono/util/EventBusMessage.java
2026-01-18 18:06:15,685 - Knowledge - INFO - [kw2] Queue=440, InProgress=0, PendingWorkers=20/20, Completed=523/1010 (51.8%)
2026-01-18 18:06:15,699 - Knowledge - INFO - Async storing batch of 8 embeddings
2026-01-18 18:06:15,727 - Knowledge - INFO - [LLM_CALL] Completed: RequestResponseApiConstants.java:chunk1, Duration: 30006ms, PromptTokens: 3224, CompletionTokens: 477, Cost: $0.00051
2026-01-18 18:06:15,875 - Knowledge - INFO - process ingested knowledge for /app/data/T0015/307413/b0002up/Hono/site/documentation/content/admin-guide/mqtt-adapter-config.md
2026-01-18 18:06:16,040 - Knowledge - INFO - Fast-tracked /app/data/T0015/307413/b0002up/Hono/site/documentation/content/dev-guide/_index.md (ext=.md, size=211)
2026-01-18 18:06:16,182 - Knowledge - INFO - process ingested knowledge for /app/data/T0015/307413/b0002up/Hono/core/src/main/java/org/eclipse/hono/config/ClientConfigProperties.java
2026-01-18 18:06:16,281 - Knowledge - INFO - process ingested knowledge for /app/data/T0015/307413/b0002up/Hono/site/documentation/config_version.toml
2026-01-18 18:06:16,530 - Knowledge - INFO - process ingested knowledge for /app/data/T0015/307413/b0002up/Hono/core/src/main/java/org/eclipse/hono/util/DataVolume.java
2026-01-18 18:06:16,983 - Knowledge - INFO - process ingested knowledge for /app/data/T0015/307413/b0002up/Hono/core/src/main/java/org/eclipse/hono/auth/Activity.java
2026-01-18 18:06:17,176 - Knowledge - INFO - process ingested knowledge for /app/data/T0015/307413/b0002up/Hono/core/src/main/java/org/eclipse/hono/util/TelemetryConstants.java
2026-01-18 18:06:17,658 - Knowledge - INFO - process ingested knowledge for /app/data/T0015/307413/b0002up/Hono/site/documentation/content/admin-guide/common-config.md
2026-01-18 18:06:18,105 - Knowledge - INFO - Batch sizing: calculated=6, max_allowed=10, queue=440, active_workers=20/20
2026-01-18 18:06:18,221 - Knowledge - INFO - Worker kw14 processing /app/data/T0015/307413/b0002up/Hono/site/documentation/content/user-guide/_index.md
2026-01-18 18:06:18,339 - Knowledge - INFO - done ingest for /app/data/T0015/307413/b0002up/Hono/core/src/main/java/org/eclipse/hono/util/RequestResponseApiConstants.java
2026-01-18 18:06:18,378 - Knowledge - INFO - [kw11] Queue=434, InProgress=0, PendingWorkers=20/20, Completed=523/1010 (51.8%)
2026-01-18 18:06:18,399 - Knowledge - INFO - Processing batch of 6 files
2026-01-18 18:06:18,411 - Knowledge - INFO - process ingested knowledge for /app/data/T0015/307413/b0002up/Hono/site/documentation/content/admin-guide/_index.md
2026-01-18 18:06:18,417 - Knowledge - INFO - [WEBSOCKET] Sent: Type=progress_update, Size: 291, Duration: 65ms
2026-01-18 18:06:18,428 - Knowledge - INFO - Async storing batch of 8 embeddings
2026-01-18 18:06:18,583 - Knowledge - INFO - Worker kw13 processing /app/data/T0015/307413/b0002up/Hono/site/documentation/content/dev-guide/custom_http_adapter.md
2026-01-18 18:06:19,112 - Knowledge - INFO - process ingested knowledge for /app/data/T0015/307413/b0002up/Hono/core/src/main/java/org/eclipse/hono/config/AbstractConfig.java
2026-01-18 18:06:19,273 - Knowledge - INFO - process ingested knowledge for /app/data/T0015/307413/b0002up/Hono/site/documentation/content/admin-guide/http-adapter-config.md
2026-01-18 18:06:19,355 - Knowledge - INFO - process ingested knowledge for /app/data/T0015/307413/b0002up/Hono/core/src/main/java/org/eclipse/hono/util/JsonHelper.java
2026-01-18 18:06:19,482 - Knowledge - INFO - process ingested knowledge for /app/data/T0015/307413/b0002up/Hono/core/src/main/java/org/eclipse/hono/auth/HonoUser.java
2026-01-18 18:06:19,582 - Knowledge - INFO - process ingested knowledge for /app/data/T0015/307413/b0002up/Hono/core/src/main/java/org/eclipse/hono/util/RegistrationConstants.java
2026-01-18 18:06:19,739 - Knowledge - INFO - process ingested knowledge for /app/data/T0015/307413/b0002up/Hono/site/documentation/content/admin-guide/secure_communication.md
2026-01-18 18:06:20,028 - Knowledge - INFO - Fast-tracked /app/data/T0015/307413/b0002up/Hono/site/documentation/content/user-guide/_index.md (ext=.md, size=231)
2026-01-18 18:06:20,301 - Knowledge - INFO - Batch sizing: calculated=6, max_allowed=10, queue=434, active_workers=20/20
2026-01-18 18:06:20,406 - Knowledge - INFO - process ingested knowledge for /app/data/T0015/307413/b0002up/Hono/site/documentation/layouts/partials/custom-header.html
2026-01-18 18:06:20,660 - Knowledge - INFO - [LLM_CALL] Completed: AuthenticationConstants.java:chunk1, Duration: 70038ms, PromptTokens: 3580, CompletionTokens: 546, Cost: $0.00058
2026-01-18 18:06:20,768 - Knowledge - INFO - Worker kw3 processing /app/data/T0015/307413/b0002up/Hono/site/documentation/content/api/authentication/index.md
2026-01-18 18:06:20,920 - Knowledge - INFO - Fast-tracked /app/data/T0015/307413/b0002up/Hono/site/documentation/content/dev-guide/custom_http_adapter.md (ext=.md, size=5024)
2026-01-18 18:06:21,337 - Knowledge - INFO - process ingested knowledge for /app/data/T0015/307413/b0002up/Hono/core/src/main/java/org/eclipse/hono/config/VertxProperties.java
2026-01-18 18:06:21,709 - Knowledge - INFO - process ingested knowledge for /app/data/T0015/307413/b0002up/Hono/core/src/main/java/org/eclipse/hono/util/MessageTap.java
2026-01-18 18:06:21,913 - Knowledge - INFO - Worker kw14 processing /app/data/T0015/307413/b0002up/Hono/site/documentation/content/user-guide/device-registry.md
2026-01-18 18:06:22,048 - Knowledge - INFO - process ingested knowledge for /app/data/T0015/307413/b0002up/Hono/core/src/main/java/org/eclipse/hono/util/TracingSamplingMode.java
2026-01-18 18:06:22,066 - Knowledge - INFO - process ingested knowledge for /app/data/T0015/307413/b0002up/Hono/core/src/main/java/org/eclipse/hono/auth/AuthoritiesImpl.java
2026-01-18 18:06:22,303 - Knowledge - INFO - done ingest for /app/data/T0015/307413/b0002up/Hono/core/src/main/java/org/eclipse/hono/util/AuthenticationConstants.java
2026-01-18 18:06:22,310 - Knowledge - INFO - Async storing batch of 6 embeddings
2026-01-18 18:06:22,322 - Knowledge - INFO - [WEBSOCKET] Sent: Type=unknown, Size: ?, Duration: 3971ms
2026-01-18 18:06:22,512 - Knowledge - INFO - Fast-tracked /app/data/T0015/307413/b0002up/Hono/site/documentation/content/api/authentication/index.md (ext=.md, size=6704)
2026-01-18 18:06:22,597 - Knowledge - INFO - Worker kw13 processing /app/data/T0015/307413/b0002up/Hono/site/documentation/content/user-guide/kura-adapter.md
2026-01-18 18:06:22,628 - Knowledge - INFO - process ingested knowledge for /app/data/T0015/307413/b0002up/Hono/site/documentation/content/admin-guide/device-connection-config.md
2026-01-18 18:06:22,640 - Knowledge - INFO - process ingested knowledge for /app/data/T0015/307413/b0002up/Hono/site/documentation/layouts/partials/menu-footer.html
2026-01-18 18:06:23,056 - Knowledge - INFO - process ingested knowledge for /app/data/T0015/307413/b0002up/Hono/core/src/main/java/org/eclipse/hono/config/FileFormat.java
2026-01-18 18:06:23,056 - Knowledge - INFO - Fast-tracked /app/data/T0015/307413/b0002up/Hono/site/documentation/content/user-guide/device-registry.md (ext=.md, size=14963)
2026-01-18 18:06:23,082 - Knowledge - INFO - [kw7] Queue=422, InProgress=0, PendingWorkers=20/20, Completed=524/1010 (51.9%)
2026-01-18 18:06:23,518 - Knowledge - INFO - process ingested knowledge for /app/data/T0015/307413/b0002up/Hono/core/src/main/java/org/eclipse/hono/util/ResourceLimits.java
2026-01-18 18:06:23,599 - Knowledge - INFO - Worker kw2 processing /app/data/T0015/307413/b0002up/Hono/site/documentation/content/api/credentials/index.md
2026-01-18 18:06:23,775 - Knowledge - INFO - Progress: 51.0% | Files: 524/1010 | Rate: 1.58 files/sec | Queue: 422
2026-01-18 18:06:23,795 - Knowledge - INFO - Async storing batch of 8 embeddings
2026-01-18 18:06:23,820 - Knowledge - INFO - [LLM_CALL] Completed: HonoTimestamp.java:chunk1, Duration: 33120ms, PromptTokens: 2296, CompletionTokens: 462, Cost: $0.00041
2026-01-18 18:06:23,954 - Knowledge - INFO - Worker kw3 processing /app/data/T0015/307413/b0002up/Hono/site/documentation/content/api/device-registration/index.md
2026-01-18 18:06:24,056 - Knowledge - INFO - Fast-tracked /app/data/T0015/307413/b0002up/Hono/site/documentation/content/user-guide/kura-adapter.md (ext=.md, size=5969)
2026-01-18 18:06:24,068 - Knowledge - INFO - process ingested knowledge for /app/data/T0015/307413/b0002up/Hono/core/src/main/java/org/eclipse/hono/auth/HonoPasswordEncoder.java
2026-01-18 18:06:24,083 - Knowledge - INFO - process ingested knowledge for /app/data/T0015/307413/b0002up/Hono/core/src/main/java/org/eclipse/hono/util/CommandConstants.java
2026-01-18 18:06:24,577 - Knowledge - INFO - Worker kw14 processing /app/data/T0015/307413/b0002up/Hono/site/documentation/content/user-guide/http-adapter.md
2026-01-18 18:06:24,592 - Knowledge - INFO - process ingested knowledge for /app/data/T0015/307413/b0002up/Hono/site/documentation/content/admin-guide/amqp-adapter-config.md
2026-01-18 18:06:24,593 - Knowledge - INFO - process ingested knowledge for /app/data/T0015/307413/b0002up/Hono/core/src/main/java/org/eclipse/hono/config/PemReader.java
2026-01-18 18:06:24,824 - Knowledge - INFO - Batch sizing: calculated=6, max_allowed=10, queue=422, active_workers=20/20
2026-01-18 18:06:24,889 - Knowledge - INFO - process ingested knowledge for /app/data/T0015/307413/b0002up/Hono/site/documentation/layouts/partials/header.html
2026-01-18 18:06:25,010 - Knowledge - INFO - process ingested knowledge for /app/data/T0015/307413/b0002up/Hono/core/src/main/java/org/eclipse/hono/util/RegistrationResult.java
2026-01-18 18:06:25,177 - Knowledge - INFO - Fast-tracked /app/data/T0015/307413/b0002up/Hono/site/documentation/content/api/credentials/index.md (ext=.md, size=20284)
2026-01-18 18:06:25,531 - Knowledge - INFO - Worker kw11 processing /app/data/T0015/307413/b0002up/Hono/site/documentation/content/_index.md
2026-01-18 18:06:25,627 - Knowledge - INFO - done ingest for /app/data/T0015/307413/b0002up/Hono/core/src/main/java/org/eclipse/hono/annotation/HonoTimestamp.java
2026-01-18 18:06:25,635 - Knowledge - INFO - [LLM_CALL] Completed: TenantObject.java:chunk1, Duration: 65903ms, PromptTokens: 8938, CompletionTokens: 1203, Cost: $0.00137
2026-01-18 18:06:25,728 - Knowledge - INFO - [kw10] Queue=422, InProgress=0, PendingWorkers=20/20, Completed=524/1010 (51.9%)
2026-01-18 18:06:25,795 - Knowledge - INFO - Fast-tracked /app/data/T0015/307413/b0002up/Hono/site/documentation/content/api/device-registration/index.md (ext=.md, size=8203)
2026-01-18 18:06:25,921 - Knowledge - INFO - Worker kw13 processing /app/data/T0015/307413/b0002up/Hono/site/documentation/content/user-guide/amqp-adapter.md
2026-01-18 18:06:26,053 - Knowledge - INFO - process ingested knowledge for /app/data/T0015/307413/b0002up/Hono/core/src/main/java/org/eclipse/hono/config/KeyLoader.java
2026-01-18 18:06:26,404 - Knowledge - INFO - Fast-tracked /app/data/T0015/307413/b0002up/Hono/site/documentation/content/user-guide/http-adapter.md (ext=.md, size=45997)
2026-01-18 18:06:27,362 - Knowledge - INFO - Worker kw2 processing /app/data/T0015/307413/b0002up/Hono/site/documentation/content/api/device-connection/index.md
2026-01-18 18:06:27,663 - Knowledge - INFO - Fast-tracked /app/data/T0015/307413/b0002up/Hono/site/documentation/content/_index.md (ext=.md, size=178)
2026-01-18 18:06:27,671 - Knowledge - INFO - process ingested knowledge for /app/data/T0015/307413/b0002up/Hono/core/src/main/java/org/eclipse/hono/config/ServerConfig.java
2026-01-18 18:06:27,673 - Knowledge - INFO - process ingested knowledge for /app/data/T0015/307413/b0002up/Hono/site/documentation/layouts/partials/custom-footer.html
2026-01-18 18:06:27,674 - Knowledge - INFO - process ingested knowledge for /app/data/T0015/307413/b0002up/Hono/core/src/main/java/org/eclipse/hono/util/Strings.java
2026-01-18 18:06:27,968 - Knowledge - INFO - done ingest for /app/data/T0015/307413/b0002up/Hono/core/src/main/java/org/eclipse/hono/util/TenantObject.java
2026-01-18 18:06:28,086 - Knowledge - INFO - Batch sizing: calculated=6, max_allowed=10, queue=422, active_workers=20/20
2026-01-18 18:06:28,098 - Knowledge - INFO - [LLM_CALL] Completed: RegistryManagementConstants.java:chunk1, Duration: 33420ms, PromptTokens: 5454, CompletionTokens: 705, Cost: $0.00083
2026-01-18 18:06:28,316 - Knowledge - INFO - Worker kw3 processing /app/data/T0015/307413/b0002up/Hono/site/documentation/content/api/event/index.md
2026-01-18 18:06:28,527 - Knowledge - INFO - Fast-tracked /app/data/T0015/307413/b0002up/Hono/site/documentation/content/user-guide/amqp-adapter.md (ext=.md, size=31082)
2026-01-18 18:06:28,643 - Knowledge - INFO - Worker kw14 processing /app/data/T0015/307413/b0002up/Hono/site/documentation/content/user-guide/sigfox-adapter.md
2026-01-18 18:06:28,767 - Knowledge - INFO - Fast-tracked /app/data/T0015/307413/b0002up/Hono/site/documentation/content/api/device-connection/index.md (ext=.md, size=10894)
2026-01-18 18:06:28,892 - Knowledge - INFO - Worker kw11 processing /app/data/T0015/307413/b0002up/Hono/site/documentation/content/deployment/_index.md
2026-01-18 18:06:29,028 - Knowledge - INFO - process ingested knowledge for /app/data/T0015/307413/b0002up/Hono/core/src/main/java/org/eclipse/hono/config/ProtocolAdapterProperties.java
2026-01-18 18:06:29,804 - Knowledge - INFO - process ingested knowledge for /app/data/T0015/307413/b0002up/Hono/site/documentation/layouts/partials/favicon.html
2026-01-18 18:06:30,479 - Knowledge - INFO - done ingest for /app/data/T0015/307413/b0002up/Hono/core/src/main/java/org/eclipse/hono/util/RegistryManagementConstants.java
2026-01-18 18:06:30,496 - Knowledge - INFO - Async storing batch of 6 embeddings
2026-01-18 18:06:30,513 - Knowledge - INFO - Processing batch of 6 files
2026-01-18 18:06:30,639 - Knowledge - INFO - Fast-tracked /app/data/T0015/307413/b0002up/Hono/site/documentation/content/api/event/index.md (ext=.md, size=8075)
2026-01-18 18:06:30,654 - Knowledge - INFO - [LLM_CALL] Completed: TenantResult.java:chunk1, Duration: 46464ms, PromptTokens: 2210, CompletionTokens: 235, Cost: $0.00031
2026-01-18 18:06:30,790 - Knowledge - INFO - Async storage completed for 8 embeddings
2026-01-18 18:06:30,928 - Knowledge - INFO - Fast-tracked /app/data/T0015/307413/b0002up/Hono/site/documentation/content/user-guide/sigfox-adapter.md (ext=.md, size=3893)
2026-01-18 18:06:31,039 - Knowledge - INFO - Worker kw2 processing /app/data/T0015/307413/b0002up/Hono/site/documentation/content/api/command-and-control/index.md
2026-01-18 18:06:31,231 - Knowledge - INFO - Fast-tracked /app/data/T0015/307413/b0002up/Hono/site/documentation/content/deployment/_index.md (ext=.md, size=202)
2026-01-18 18:06:31,455 - Knowledge - INFO - [kw4] Queue=416, InProgress=0, PendingWorkers=20/20, Completed=531/1010 (52.6%)
2026-01-18 18:06:31,791 - Knowledge - INFO - Worker kw7 processing /app/data/T0015/307413/b0002up/Hono/site/documentation/content/architecture/auth/index.md
2026-01-18 18:06:31,931 - Knowledge - INFO - process ingested knowledge for /app/data/T0015/307413/b0002up/Hono/site/documentation/static/css/hono.css
2026-01-18 18:06:32,095 - Knowledge - INFO - Worker kw3 processing /app/data/T0015/307413/b0002up/Hono/site/documentation/content/api/tenant/index.md
2026-01-18 18:06:32,236 - Knowledge - INFO - done ingest for /app/data/T0015/307413/b0002up/Hono/core/src/main/java/org/eclipse/hono/util/TenantResult.java
2026-01-18 18:06:32,248 - Knowledge - INFO - Async storing batch of 8 embeddings
2026-01-18 18:06:32,453 - Knowledge - INFO - [LLM_CALL] Completed: MessageHelper.java:chunk1, Duration: 61914ms, PromptTokens: 23474, CompletionTokens: 2358, Cost: $0.00329
2026-01-18 18:06:32,489 - Knowledge - INFO - Worker kw14 processing /app/data/T0015/307413/b0002up/Hono/site/documentation/content/user-guide/mqtt-adapter.md
2026-01-18 18:06:32,596 - Knowledge - INFO - process ingested knowledge for /app/data/T0015/307413/b0002up/Hono/site/documentation/layouts/partials/old-version-hint.html
2026-01-18 18:06:32,611 - Knowledge - INFO - Fast-tracked /app/data/T0015/307413/b0002up/Hono/site/documentation/content/api/command-and-control/index.md (ext=.md, size=14690)
2026-01-18 18:06:32,718 - Knowledge - INFO - Worker kw11 processing /app/data/T0015/307413/b0002up/Hono/site/documentation/content/deployment/resource-limitation.md
2026-01-18 18:06:32,829 - Knowledge - INFO - Batch sizing: calculated=6, max_allowed=10, queue=416, active_workers=20/20
2026-01-18 18:06:32,939 - Knowledge - INFO - Fast-tracked /app/data/T0015/307413/b0002up/Hono/site/documentation/content/architecture/auth/index.md (ext=.md, size=5624)
2026-01-18 18:06:33,151 - Knowledge - INFO - Fast-tracked /app/data/T0015/307413/b0002up/Hono/site/documentation/content/api/tenant/index.md (ext=.md, size=20953)
2026-01-18 18:06:33,324 - Knowledge - INFO - Worker kw10 processing /app/data/T0015/307413/b0002up/Hono/site/documentation/content/concepts/command-and-control.md
2026-01-18 18:06:33,396 - Knowledge - INFO - process ingested knowledge for /app/data/T0015/307413/b0002up/Hono/site/documentation/static/css/theme-hono.css
2026-01-18 18:06:33,410 - Knowledge - INFO - done ingest for /app/data/T0015/307413/b0002up/Hono/core/src/main/java/org/eclipse/hono/util/MessageHelper.java
2026-01-18 18:06:33,412 - Knowledge - INFO - [LLM_CALL] Completed: CacheDirective.java:chunk1, Duration: 45977ms, PromptTokens: 2890, CompletionTokens: 481, Cost: $0.00048
2026-01-18 18:06:33,499 - Knowledge - INFO - Fast-tracked /app/data/T0015/307413/b0002up/Hono/site/documentation/content/user-guide/mqtt-adapter.md (ext=.md, size=26681)
2026-01-18 18:06:33,710 - Knowledge - INFO - Worker kw2 processing /app/data/T0015/307413/b0002up/Hono/site/documentation/content/api/management/device-registry-v1.yaml
2026-01-18 18:06:33,813 - Knowledge - INFO - Fast-tracked /app/data/T0015/307413/b0002up/Hono/site/documentation/content/deployment/resource-limitation.md (ext=.md, size=5644)
2026-01-18 18:06:33,979 - Knowledge - INFO - Worker kw7 processing /app/data/T0015/307413/b0002up/Hono/site/documentation/content/architecture/_index.md
2026-01-18 18:06:34,070 - Knowledge - INFO - Worker kw3 processing /app/data/T0015/307413/b0002up/Hono/site/documentation/content/api/Metrics.md
2026-01-18 18:06:34,170 - Knowledge - INFO - Fast-tracked /app/data/T0015/307413/b0002up/Hono/site/documentation/content/concepts/command-and-control.md (ext=.md, size=11467)
2026-01-18 18:06:34,490 - Knowledge - INFO - done ingest for /app/data/T0015/307413/b0002up/Hono/core/src/main/java/org/eclipse/hono/util/CacheDirective.java
2026-01-18 18:06:34,496 - Knowledge - INFO - Processing batch of 8 files
2026-01-18 18:06:34,512 - Knowledge - INFO - Processing batch of 6 files
2026-01-18 18:06:34,524 - Knowledge - INFO - Processing batch of 8 files
2026-01-18 18:06:34,548 - Knowledge - INFO - Async storing batch of 6 embeddings
2026-01-18 18:06:34,556 - Knowledge - INFO - [WEBSOCKET] Sent: Type=progress_update, Size: 293, Duration: 53ms
2026-01-18 18:06:34,610 - Knowledge - INFO - Worker kw14 processing /app/data/T0015/307413/b0002up/Hono/site/documentation/content/user-guide/jmeter_load_tests.md
2026-01-18 18:06:34,756 - Knowledge - INFO - Fast-tracked /app/data/T0015/307413/b0002up/Hono/site/documentation/content/api/management/device-registry-v1.yaml (ext=.yaml, size=39890)
2026-01-18 18:06:34,870 - Knowledge - INFO - process ingested knowledge for /app/data/T0015/307413/b0002up/Hono/site/documentation/static/js/swagger-ui-bundle-3.23.0.js
2026-01-18 18:06:34,890 - Knowledge - INFO - Worker kw11 processing /app/data/T0015/307413/b0002up/Hono/site/documentation/content/deployment/create-kubernetes-cluster.md
2026-01-18 18:06:35,065 - Knowledge - INFO - Fast-tracked /app/data/T0015/307413/b0002up/Hono/site/documentation/content/architecture/_index.md (ext=.md, size=175)
2026-01-18 18:06:35,158 - Knowledge - INFO - [kw18] Queue=404, InProgress=0, PendingWorkers=20/20, Completed=548/1010 (54.3%)
2026-01-18 18:06:35,202 - Knowledge - INFO - Fast-tracked /app/data/T0015/307413/b0002up/Hono/site/documentation/content/api/Metrics.md (ext=.md, size=7590)
2026-01-18 18:06:35,273 - Knowledge - INFO - [kw20] Queue=404, InProgress=0, PendingWorkers=20/20, Completed=548/1010 (54.3%)
2026-01-18 18:06:35,284 - Knowledge - INFO - Worker kw10 processing /app/data/T0015/307413/b0002up/Hono/site/documentation/content/concepts/resource-limits.md
2026-01-18 18:06:35,514 - Knowledge - INFO - process ingested knowledge for /app/data/T0015/307413/b0002up/Hono/core/src/main/java/org/eclipse/hono/util/TenantConstants.java
2026-01-18 18:06:35,616 - Knowledge - INFO - process ingested knowledge for /app/data/T0015/307413/b0002up/Hono/site/documentation/content/dev-guide/building_hono.md
2026-01-18 18:06:35,774 - Knowledge - INFO - process ingested knowledge for /app/data/T0015/307413/b0002up/Hono/core/src/main/java/org/eclipse/hono/util/MapBasedExecutionContext.java
2026-01-18 18:06:36,005 - Knowledge - INFO - Worker kw4 processing /app/data/T0015/307413/b0002up/Hono/site/documentation/content/concepts/connection-events.md
2026-01-18 18:06:36,111 - Knowledge - INFO - [LLM_CALL] Completed: JwtHelper.java:chunk1, Duration: 48654ms, PromptTokens: 5764, CompletionTokens: 782, Cost: $0.00089
2026-01-18 18:06:36,195 - Knowledge - INFO - Fast-tracked /app/data/T0015/307413/b0002up/Hono/site/documentation/content/user-guide/jmeter_load_tests.md (ext=.md, size=3214)
2026-01-18 18:06:36,315 - Knowledge - INFO - Worker kw2 processing /app/data/T0015/307413/b0002up/Hono/site/documentation/content/api/management/index.md
2026-01-18 18:06:36,514 - Knowledge - INFO - Fast-tracked /app/data/T0015/307413/b0002up/Hono/site/documentation/content/deployment/create-kubernetes-cluster.md (ext=.md, size=7878)
2026-01-18 18:06:36,517 - Knowledge - INFO - process ingested knowledge for /app/data/T0015/307413/b0002up/Hono/site/documentation/static/js/swagger-ui-standalone-preset-3.23.0.js
2026-01-18 18:06:36,627 - Knowledge - INFO - Worker kw7 processing /app/data/T0015/307413/b0002up/Hono/site/documentation/content/architecture/component-view/hono-messaging.xml
2026-01-18 18:06:36,707 - Knowledge - INFO - Batch sizing: calculated=6, max_allowed=10, queue=404, active_workers=20/20
2026-01-18 18:06:36,789 - Knowledge - INFO - Worker kw3 processing /app/data/T0015/307413/b0002up/Hono/site/documentation/content/api/_index.md
2026-01-18 18:06:36,906 - Knowledge - INFO - Batch sizing: calculated=6, max_allowed=10, queue=404, active_workers=20/20
2026-01-18 18:06:37,037 - Knowledge - INFO - Fast-tracked /app/data/T0015/307413/b0002up/Hono/site/documentation/content/concepts/resource-limits.md (ext=.md, size=4255)
2026-01-18 18:06:37,112 - Knowledge - INFO - process ingested knowledge for /app/data/T0015/307413/b0002up/Hono/core/src/main/java/org/eclipse/hono/util/EventConstants.java
2026-01-18 18:06:37,218 - Knowledge - INFO - process ingested knowledge for /app/data/T0015/307413/b0002up/Hono/site/documentation/content/dev-guide/java_client_consumer.md
2026-01-18 18:06:37,300 - Knowledge - INFO - process ingested knowledge for /app/data/T0015/307413/b0002up/Hono/core/src/main/java/org/eclipse/hono/util/HonoProtonHelper.java
2026-01-18 18:06:37,375 - Knowledge - INFO - Fast-tracked /app/data/T0015/307413/b0002up/Hono/site/documentation/content/concepts/connection-events.md (ext=.md, size=1857)
2026-01-18 18:06:37,459 - Knowledge - INFO - done ingest for /app/data/T0015/307413/b0002up/Hono/core/src/main/java/org/eclipse/hono/util/JwtHelper.java
2026-01-18 18:06:37,459 - Knowledge - INFO - [kw15] Queue=404, InProgress=0, PendingWorkers=20/20, Completed=548/1010 (54.3%)
2026-01-18 18:06:37,460 - Knowledge - INFO - [LLM_CALL] Completed: DeviceConnectionConstants.java:chunk1, Duration: 57204ms, PromptTokens: 2122, CompletionTokens: 342, Cost: $0.00035
2026-01-18 18:06:37,543 - Knowledge - INFO - Async storage completed for 8 embeddings
2026-01-18 18:06:37,625 - Knowledge - INFO - Fast-tracked /app/data/T0015/307413/b0002up/Hono/site/documentation/content/api/management/index.md (ext=.md, size=220)
2026-01-18 18:06:37,741 - Knowledge - INFO - Worker kw11 processing /app/data/T0015/307413/b0002up/Hono/site/documentation/content/deployment/openshift.md
2026-01-18 18:06:37,824 - Knowledge - INFO - process ingested knowledge for /app/data/T0015/307413/b0002up/Hono/site/documentation/layouts/partials/menu.html
2026-01-18 18:06:37,917 - Knowledge - INFO - Fast-tracked /app/data/T0015/307413/b0002up/Hono/site/documentation/content/architecture/component-view/hono-messaging.xml (ext=.xml, size=1832)
2026-01-18 18:06:38,106 - Knowledge - INFO - Fast-tracked /app/data/T0015/307413/b0002up/Hono/site/documentation/content/api/_index.md (ext=.md, size=287)
2026-01-18 18:06:38,272 - Knowledge - INFO - Worker kw10 processing /app/data/T0015/307413/b0002up/Hono/site/documentation/content/concepts/device-notifications.md
2026-01-18 18:06:38,355 - Knowledge - INFO - process ingested knowledge for /app/data/T0015/307413/b0002up/Hono/core/src/main/java/org/eclipse/hono/util/DeviceConnectionResult.java
2026-01-18 18:06:38,437 - Knowledge - INFO - process ingested knowledge for /app/data/T0015/307413/b0002up/Hono/site/documentation/content/dev-guide/_index.md
2026-01-18 18:06:38,509 - Knowledge - INFO - process ingested knowledge for /app/data/T0015/307413/b0002up/Hono/core/src/main/java/org/eclipse/hono/util/BaseMessageFilter.java
2026-01-18 18:06:38,600 - Knowledge - INFO - Worker kw4 processing /app/data/T0015/307413/b0002up/Hono/site/homepage/config.toml
2026-01-18 18:06:38,747 - Knowledge - WARNING - Timeout processing /app/data/T0015/307413/b0002up/Hono/core/src/main/java/org/eclipse/hono/util/CredentialsResult.java after 90s - using fallback metadata
2026-01-18 18:06:38,780 - Knowledge - INFO - Batch sizing: calculated=6, max_allowed=10, queue=404, active_workers=20/20
2026-01-18 18:06:38,867 - Knowledge - INFO - done ingest for /app/data/T0015/307413/b0002up/Hono/core/src/main/java/org/eclipse/hono/util/DeviceConnectionConstants.java
2026-01-18 18:06:38,869 - Knowledge - INFO - [kw5] Queue=392, InProgress=0, PendingWorkers=20/20, Completed=548/1010 (54.3%)
2026-01-18 18:06:38,869 - Knowledge - INFO - [WEBSOCKET] Sent: Type=unknown, Size: ?, Duration: 4366ms
2026-01-18 18:06:39,070 - Knowledge - INFO - Worker kw2 processing /app/data/T0015/307413/b0002up/Hono/site/documentation/content/api/telemetry/index.md
2026-01-18 18:06:39,157 - Knowledge - INFO - Fast-tracked /app/data/T0015/307413/b0002up/Hono/site/documentation/content/deployment/openshift.md (ext=.md, size=513)
2026-01-18 18:06:39,236 - Knowledge - INFO - process ingested knowledge for /app/data/T0015/307413/b0002up/Hono/site/documentation/layouts/partials/logo.html
2026-01-18 18:06:39,334 - Knowledge - INFO - Worker kw7 processing /app/data/T0015/307413/b0002up/Hono/site/documentation/content/architecture/component-view/device-registry.xml
2026-01-18 18:06:39,409 - Knowledge - INFO - Async storage completed for 8 embeddings
2026-01-18 18:06:39,502 - Knowledge - INFO - Fast-tracked /app/data/T0015/307413/b0002up/Hono/site/documentation/content/concepts/device-notifications.md (ext=.md, size=5120)
2026-01-18 18:06:39,582 - Knowledge - INFO - process ingested knowledge for /app/data/T0015/307413/b0002up/Hono/core/src/main/java/org/eclipse/hono/util/RequestResponseApiConstants.java
2026-01-18 18:06:39,703 - Knowledge - INFO - process ingested knowledge for /app/data/T0015/307413/b0002up/Hono/site/documentation/content/dev-guide/custom_http_adapter.md
2026-01-18 18:06:39,786 - Knowledge - INFO - process ingested knowledge for /app/data/T0015/307413/b0002up/Hono/core/src/main/java/org/eclipse/hono/util/TenantObject.java
2026-01-18 18:06:39,896 - Knowledge - INFO - Fast-tracked /app/data/T0015/307413/b0002up/Hono/site/homepage/config.toml (ext=.toml, size=2346)
2026-01-18 18:06:39,966 - Knowledge - WARNING - Timeout processing /app/data/T0015/307413/b0002up/Hono/core/src/main/java/org/eclipse/hono/util/CredentialsObject.java after 90s - using fallback metadata
2026-01-18 18:06:40,796 - Knowledge - INFO - Batch sizing: calculated=6, max_allowed=10, queue=392, active_workers=20/20
2026-01-18 18:06:41,234 - Knowledge - INFO - Progress: 53.2% | Files: 554/1010 | Rate: 1.59 files/sec | Queue: 386
2026-01-18 18:06:41,235 - Knowledge - INFO - Async storing batch of 6 embeddings
2026-01-18 18:06:41,236 - Knowledge - INFO - Async storing batch of 8 embeddings
2026-01-18 18:06:41,236 - Knowledge - INFO - [kw19] Queue=386, InProgress=0, PendingWorkers=20/20, Completed=554/1010 (54.9%)
2026-01-18 18:06:41,236 - Knowledge - INFO - Processing batch of 6 files
2026-01-18 18:06:41,236 - Knowledge - INFO - Async storing batch of 8 embeddings
2026-01-18 18:06:41,237 - Knowledge - INFO - [kw6] Queue=386, InProgress=0, PendingWorkers=20/20, Completed=554/1010 (54.9%)
2026-01-18 18:06:41,525 - Knowledge - INFO - Fast-tracked /app/data/T0015/307413/b0002up/Hono/site/documentation/content/api/telemetry/index.md (ext=.md, size=10818)
2026-01-18 18:06:41,608 - Knowledge - INFO - Worker kw11 processing /app/data/T0015/307413/b0002up/Hono/site/documentation/content/deployment/helm-based-deployment.md
2026-01-18 18:06:41,911 - Knowledge - INFO - Fast-tracked /app/data/T0015/307413/b0002up/Hono/site/documentation/content/architecture/component-view/device-registry.xml (ext=.xml, size=2637)
2026-01-18 18:06:42,073 - Knowledge - INFO - Processing batch of 6 files
2026-01-18 18:06:42,092 - Knowledge - INFO - [LLM_CALL] Completed: CredentialsConstants.java:chunk1, Duration: 36558ms, PromptTokens: 5128, CompletionTokens: 513, Cost: $0.00072
2026-01-18 18:06:42,095 - Knowledge - INFO - Worker kw10 processing /app/data/T0015/307413/b0002up/Hono/site/documentation/content/concepts/_index.md
2026-01-18 18:06:42,191 - Knowledge - INFO - process ingested knowledge for /app/data/T0015/307413/b0002up/Hono/core/src/main/java/org/eclipse/hono/annotation/HonoTimestamp.java
2026-01-18 18:06:42,286 - Knowledge - INFO - process ingested knowledge for /app/data/T0015/307413/b0002up/Hono/site/documentation/content/user-guide/kura-adapter.md
2026-01-18 18:06:42,386 - Knowledge - INFO - process ingested knowledge for /app/data/T0015/307413/b0002up/Hono/core/src/main/java/org/eclipse/hono/util/EventBusMessage.java
2026-01-18 18:06:42,483 - Knowledge - INFO - Worker kw4 processing /app/data/T0015/307413/b0002up/Hono/site/homepage/static/favicon/browserconfig.xml
2026-01-18 18:06:42,772 - Knowledge - INFO - [kw17] Queue=380, InProgress=0, PendingWorkers=20/20, Completed=568/1010 (56.2%)
2026-01-18 18:06:42,857 - Knowledge - INFO - Worker kw18 processing /app/data/T0015/307413/b0002up/Hono/site/homepage/data/carousel/intro.yaml
2026-01-18 18:06:42,939 - Knowledge - INFO - Worker kw20 processing /app/data/T0015/307413/b0002up/Hono/site/homepage/data/features/messaging_patterns.yaml
2026-01-18 18:06:43,022 - Knowledge - INFO - Batch sizing: calculated=6, max_allowed=10, queue=386, active_workers=20/20
2026-01-18 18:06:43,103 - Knowledge - INFO - process ingested knowledge for /app/data/T0015/307413/b0002up/Hono/site/documentation/content/user-guide/_index.md
2026-01-18 18:06:43,233 - Knowledge - INFO - Worker kw15 processing /app/data/T0015/307413/b0002up/Hono/site/homepage/layouts/_default/single.html
2026-01-18 18:06:43,306 - Knowledge - INFO - Batch sizing: calculated=6, max_allowed=10, queue=386, active_workers=20/20
2026-01-18 18:06:43,399 - Knowledge - INFO - Async storage completed for 6 embeddings
2026-01-18 18:06:43,491 - Knowledge - INFO - Fast-tracked /app/data/T0015/307413/b0002up/Hono/site/documentation/content/deployment/helm-based-deployment.md (ext=.md, size=28712)
2026-01-18 18:06:43,581 - Knowledge - INFO - Worker kw7 processing /app/data/T0015/307413/b0002up/Hono/site/documentation/content/architecture/component-view/top-level.xml
2026-01-18 18:06:43,656 - Knowledge - INFO - process ingested knowledge for /app/data/T0015/307413/b0002up/Hono/site/documentation/content/api/authentication/index.md
2026-01-18 18:06:43,745 - Knowledge - INFO - done ingest for /app/data/T0015/307413/b0002up/Hono/core/src/main/java/org/eclipse/hono/util/CredentialsConstants.java
2026-01-18 18:06:43,745 - Knowledge - INFO - Processing batch of 8 files
2026-01-18 18:06:43,746 - Knowledge - INFO - [WEBSOCKET] Sent: Type=progress_update, Size: 293, Duration: 0ms
2026-01-18 18:06:43,747 - Knowledge - INFO - Async storing batch of 8 embeddings
2026-01-18 18:06:43,818 - Knowledge - INFO - Fast-tracked /app/data/T0015/307413/b0002up/Hono/site/documentation/content/concepts/_index.md (ext=.md, size=160)
2026-01-18 18:06:43,924 - Knowledge - INFO - process ingested knowledge for /app/data/T0015/307413/b0002up/Hono/core/pom.xml
2026-01-18 18:06:44,027 - Knowledge - INFO - process ingested knowledge for /app/data/T0015/307413/b0002up/Hono/site/documentation/content/user-guide/amqp-adapter.md
2026-01-18 18:06:44,123 - Knowledge - INFO - process ingested knowledge for /app/data/T0015/307413/b0002up/Hono/core/src/main/java/org/eclipse/hono/util/ConfigurationSupportingVerticle.java
2026-01-18 18:06:44,205 - Knowledge - INFO - Fast-tracked /app/data/T0015/307413/b0002up/Hono/site/homepage/static/favicon/browserconfig.xml (ext=.xml, size=246)
2026-01-18 18:06:44,288 - Knowledge - INFO - Batch sizing: calculated=6, max_allowed=10, queue=380, active_workers=20/20
2026-01-18 18:06:44,409 - Knowledge - INFO - Fast-tracked /app/data/T0015/307413/b0002up/Hono/site/homepage/data/carousel/intro.yaml (ext=.yaml, size=310)
2026-01-18 18:06:44,506 - Knowledge - INFO - Fast-tracked /app/data/T0015/307413/b0002up/Hono/site/homepage/data/features/messaging_patterns.yaml (ext=.yaml, size=310)
2026-01-18 18:06:44,669 - Knowledge - INFO - process ingested knowledge for /app/data/T0015/307413/b0002up/Hono/site/documentation/content/user-guide/device-registry.md
2026-01-18 18:06:44,744 - Knowledge - INFO - Fast-tracked /app/data/T0015/307413/b0002up/Hono/site/homepage/layouts/_default/single.html (ext=.html, size=915)
2026-01-18 18:06:45,002 - Knowledge - INFO - Async storage completed for 8 embeddings
2026-01-18 18:06:45,088 - Knowledge - INFO - Fast-tracked /app/data/T0015/307413/b0002up/Hono/site/documentation/content/architecture/component-view/top-level.xml (ext=.xml, size=3617)
2026-01-18 18:06:45,193 - Knowledge - INFO - process ingested knowledge for /app/data/T0015/307413/b0002up/Hono/site/documentation/content/api/device-registration/index.md
2026-01-18 18:06:45,592 - Knowledge - INFO - process ingested knowledge for /app/data/T0015/307413/b0002up/Hono/core/src/main/java/org/eclipse/hono/util/TriTuple.java
2026-01-18 18:06:45,881 - Knowledge - INFO - Async storing batch of 6 embeddings
2026-01-18 18:06:45,888 - Knowledge - INFO - Async storing batch of 8 embeddings
2026-01-18 18:06:45,897 - Knowledge - INFO - Processing batch of 6 files
2026-01-18 18:06:45,897 - Knowledge - INFO - [WEBSOCKET] Sent: Type=unknown, Size: ?, Duration: 2151ms
2026-01-18 18:06:45,988 - Knowledge - INFO - Worker kw5 processing /app/data/T0015/307413/b0002up/Hono/site/homepage/content/downloads.md
2026-01-18 18:06:46,077 - Knowledge - INFO - Worker kw10 processing /app/data/T0015/307413/b0002up/Hono/site/documentation/content/concepts/device-identity.md
2026-01-18 18:06:46,151 - Knowledge - INFO - process ingested knowledge for /app/data/T0015/307413/b0002up/Hono/site/diagrams/sequenceDiagrams/updateDeviceRegistration_Success.txt
2026-01-18 18:06:46,395 - Knowledge - INFO - process ingested knowledge for /app/data/T0015/307413/b0002up/Hono/core/src/main/java/org/eclipse/hono/util/ExecutionContext.java
2026-01-18 18:06:46,439 - Knowledge - INFO - Worker kw4 processing /app/data/T0015/307413/b0002up/Hono/site/homepage/static/css/custom.css
2026-01-18 18:06:46,614 - Knowledge - INFO - Worker kw18 processing /app/data/T0015/307413/b0002up/Hono/site/homepage/data/features/secure.yaml
2026-01-18 18:06:46,710 - Knowledge - INFO - Worker kw20 processing /app/data/T0015/307413/b0002up/Hono/site/homepage/layouts/partials/nav.html
2026-01-18 18:06:46,836 - Knowledge - INFO - process ingested knowledge for /app/data/T0015/307413/b0002up/Hono/site/documentation/content/user-guide/http-adapter.md
2026-01-18 18:06:46,926 - Knowledge - INFO - Worker kw15 processing /app/data/T0015/307413/b0002up/Hono/site/homepage/layouts/shortcodes/note.html
2026-01-18 18:06:47,118 - Knowledge - INFO - Worker kw7 processing /app/data/T0015/307413/b0002up/Hono/site/documentation/content/architecture/component-view/index.md
2026-01-18 18:06:47,219 - Knowledge - INFO - process ingested knowledge for /app/data/T0015/307413/b0002up/Hono/site/documentation/content/api/event/index.md
2026-01-18 18:06:47,340 - Knowledge - INFO - process ingested knowledge for /app/data/T0015/307413/b0002up/Hono/core/src/main/java/org/eclipse/hono/util/BufferResult.java
2026-01-18 18:06:47,445 - Knowledge - INFO - Worker kw19 processing /app/data/T0015/307413/b0002up/Hono/site/homepage/content/community/presentations.md
2026-01-18 18:06:47,543 - Knowledge - INFO - Worker kw6 processing /app/data/T0015/307413/b0002up/Hono/site/pom.xml
2026-01-18 18:06:47,637 - Knowledge - INFO - process ingested knowledge for /app/data/T0015/307413/b0002up/Hono/site/documentation/content/api/credentials/index.md
2026-01-18 18:06:47,725 - Knowledge - INFO - Progress: 56.2% | Files: 580/1010 | Rate: 1.60 files/sec | Queue: 362
2026-01-18 18:06:47,727 - Knowledge - INFO - [LLM_CALL] Completed: Constants.java:chunk1, Duration: 77179ms, PromptTokens: 6568, CompletionTokens: 813, Cost: $0.00098
2026-01-18 18:06:47,829 - Knowledge - INFO - Fast-tracked /app/data/T0015/307413/b0002up/Hono/site/homepage/content/downloads.md (ext=.md, size=1646)
2026-01-18 18:06:47,966 - Knowledge - INFO - Fast-tracked /app/data/T0015/307413/b0002up/Hono/site/documentation/content/concepts/device-identity.md (ext=.md, size=4785)
2026-01-18 18:06:48,059 - Knowledge - INFO - process ingested knowledge for /app/data/T0015/307413/b0002up/Hono/site/diagrams/sequenceDiagrams/tenant_updateTenant_Success.txt
2026-01-18 18:06:48,149 - Knowledge - INFO - process ingested knowledge for /app/data/T0015/307413/b0002up/Hono/core/src/main/java/org/eclipse/hono/util/TenantResult.java
2026-01-18 18:06:48,235 - Knowledge - INFO - Fast-tracked /app/data/T0015/307413/b0002up/Hono/site/homepage/static/css/custom.css (ext=.css, size=1689)
2026-01-18 18:06:48,353 - Knowledge - INFO - Fast-tracked /app/data/T0015/307413/b0002up/Hono/site/homepage/data/features/secure.yaml (ext=.yaml, size=310)
2026-01-18 18:06:48,426 - Knowledge - INFO - Worker kw20 processing /app/data/T0015/307413/b0002up/Hono/site/homepage/layouts/partials/footer.html
2026-01-18 18:06:48,542 - Knowledge - INFO - process ingested knowledge for /app/data/T0015/307413/b0002up/Hono/site/documentation/content/user-guide/sigfox-adapter.md
2026-01-18 18:06:48,655 - Knowledge - INFO - Fast-tracked /app/data/T0015/307413/b0002up/Hono/site/homepage/layouts/shortcodes/note.html (ext=.html, size=188)
2026-01-18 18:06:48,748 - Knowledge - INFO - Fast-tracked /app/data/T0015/307413/b0002up/Hono/site/documentation/content/architecture/component-view/index.md (ext=.md, size=3640)
2026-01-18 18:06:48,849 - Knowledge - INFO - process ingested knowledge for /app/data/T0015/307413/b0002up/Hono/site/documentation/content/api/tenant/index.md
2026-01-18 18:06:48,941 - Knowledge - INFO - process ingested knowledge for /app/data/T0015/307413/b0002up/Hono/core/src/main/java/org/eclipse/hono/util/MessageHelper.java
2026-01-18 18:06:49,060 - Knowledge - INFO - Fast-tracked /app/data/T0015/307413/b0002up/Hono/site/homepage/content/community/presentations.md (ext=.md, size=2208)
2026-01-18 18:06:49,151 - Knowledge - INFO - Fast-tracked /app/data/T0015/307413/b0002up/Hono/site/pom.xml (ext=.xml, size=3857)
2026-01-18 18:06:49,251 - Knowledge - INFO - process ingested knowledge for /app/data/T0015/307413/b0002up/Hono/site/documentation/content/api/device-connection/index.md
2026-01-18 18:06:49,340 - Knowledge - INFO - [kw16] Queue=362, InProgress=0, PendingWorkers=20/20, Completed=580/1010 (57.4%)
2026-01-18 18:06:49,425 - Knowledge - INFO - done ingest for /app/data/T0015/307413/b0002up/Hono/core/src/main/java/org/eclipse/hono/util/Constants.java
2026-01-18 18:06:49,427 - Knowledge - INFO - Async storing batch of 6 embeddings
2026-01-18 18:06:49,427 - Knowledge - INFO - Processing batch of 6 files
2026-01-18 18:06:49,427 - Knowledge - INFO - [kw13] Queue=362, InProgress=0, PendingWorkers=20/20, Completed=580/1010 (57.4%)
2026-01-18 18:06:49,506 - Knowledge - INFO - Worker kw5 processing /app/data/T0015/307413/b0002up/Hono/site/homepage/content/getting-started/index.md
2026-01-18 18:06:49,623 - Knowledge - INFO - Worker kw10 processing /app/data/T0015/307413/b0002up/Hono/site/documentation/content/concepts/tenancy.md
2026-01-18 18:06:49,942 - Knowledge - INFO - Worker kw4 processing /app/data/T0015/307413/b0002up/Hono/site/homepage/static/css/style.hono.css
2026-01-18 18:06:50,062 - Knowledge - INFO - Worker kw18 processing /app/data/T0015/307413/b0002up/Hono/site/homepage/data/features/extensible.yaml
2026-01-18 18:06:50,184 - Knowledge - INFO - Worker kw20 processing /app/data/T0015/307413/b0002up/Hono/site/homepage/layouts/partials/head.html
2026-01-18 18:06:50,372 - Knowledge - INFO - process ingested knowledge for /app/data/T0015/307413/b0002up/Hono/site/documentation/content/user-guide/mqtt-adapter.md
2026-01-18 18:06:50,376 - Knowledge - INFO - Worker kw15 processing /app/data/T0015/307413/b0002up/Hono/site/homepage/layouts/shortcodes/warning.html
2026-01-18 18:06:50,454 - Knowledge - INFO - Async storage completed for 6 embeddings
2026-01-18 18:06:50,725 - Knowledge - INFO - process ingested knowledge for /app/data/T0015/307413/b0002up/Hono/site/documentation/content/api/Metrics.md
2026-01-18 18:06:50,726 - Knowledge - INFO - process ingested knowledge for /app/data/T0015/307413/b0002up/Hono/core/src/main/java/org/eclipse/hono/util/DataVolumePeriod.java
2026-01-18 18:06:50,777 - Knowledge - INFO - Worker kw19 processing /app/data/T0015/307413/b0002up/Hono/site/homepage/content/community/get-in-touch.md
2026-01-18 18:06:50,852 - Knowledge - INFO - Worker kw6 processing /app/data/T0015/307413/b0002up/Hono/legal/src/main/resources/legal/LICENSE.Spring.txt
2026-01-18 18:06:51,021 - Knowledge - INFO - process ingested knowledge for /app/data/T0015/307413/b0002up/Hono/site/documentation/content/api/command-and-control/index.md
2026-01-18 18:06:51,021 - Knowledge - INFO - [kw8] Queue=362, InProgress=0, PendingWorkers=20/20, Completed=580/1010 (57.4%)
2026-01-18 18:06:51,029 - Knowledge - INFO - Batch sizing: calculated=6, max_allowed=10, queue=362, active_workers=20/20
2026-01-18 18:06:51,142 - Knowledge - INFO - [kw12] Queue=362, InProgress=0, PendingWorkers=20/20, Completed=580/1010 (57.4%)
2026-01-18 18:06:51,313 - Knowledge - INFO - Worker kw17 processing /app/data/T0015/307413/b0002up/Hono/legal/src/main/resources/legal/CDDL-1.0.txt
2026-01-18 18:06:51,449 - Knowledge - INFO - process ingested knowledge for /app/data/T0015/307413/b0002up/Hono/site/documentation/content/_index.md
2026-01-18 18:06:51,627 - Knowledge - INFO - Batch sizing: calculated=6, max_allowed=10, queue=362, active_workers=20/20
2026-01-18 18:06:51,739 - Knowledge - WARNING - Timeout processing /app/data/T0015/307413/b0002up/Hono/core/src/main/java/org/eclipse/hono/util/ResourceIdentifier.java after 90s - using fallback metadata
2026-01-18 18:06:51,856 - Knowledge - INFO - Fast-tracked /app/data/T0015/307413/b0002up/Hono/site/homepage/content/getting-started/index.md (ext=.md, size=21456)
2026-01-18 18:06:51,933 - Knowledge - INFO - Fast-tracked /app/data/T0015/307413/b0002up/Hono/site/documentation/content/concepts/tenancy.md (ext=.md, size=6574)
2026-01-18 18:06:52,014 - Knowledge - INFO - Fast-tracked /app/data/T0015/307413/b0002up/Hono/site/homepage/static/css/style.hono.css (ext=.css, size=75716)
2026-01-18 18:06:52,094 - Knowledge - INFO - Fast-tracked /app/data/T0015/307413/b0002up/Hono/site/homepage/data/features/extensible.yaml (ext=.yaml, size=175)
2026-01-18 18:06:52,211 - Knowledge - INFO - Worker kw20 processing /app/data/T0015/307413/b0002up/Hono/site/homepage/layouts/partials/clients.html
2026-01-18 18:06:52,307 - Knowledge - INFO - process ingested knowledge for /app/data/T0015/307413/b0002up/Hono/site/documentation/content/user-guide/jmeter_load_tests.md
2026-01-18 18:06:52,403 - Knowledge - INFO - Fast-tracked /app/data/T0015/307413/b0002up/Hono/site/homepage/layouts/shortcodes/warning.html (ext=.html, size=201)
2026-01-18 18:06:52,483 - Knowledge - INFO - Processing batch of 6 files
2026-01-18 18:06:52,558 - Knowledge - INFO - process ingested knowledge for /app/data/T0015/307413/b0002up/Hono/site/documentation/content/api/_index.md
2026-01-18 18:06:52,675 - Knowledge - INFO - process ingested knowledge for /app/data/T0015/307413/b0002up/Hono/core/src/main/java/org/eclipse/hono/util/CredentialsObject.java
2026-01-18 18:06:52,792 - Knowledge - INFO - Fast-tracked /app/data/T0015/307413/b0002up/Hono/site/homepage/content/community/get-in-touch.md (ext=.md, size=1881)
2026-01-18 18:06:52,886 - Knowledge - INFO - Fast-tracked /app/data/T0015/307413/b0002up/Hono/legal/src/main/resources/legal/LICENSE.Spring.txt (ext=.txt, size=14865)
2026-01-18 18:06:52,966 - Knowledge - INFO - process ingested knowledge for /app/data/T0015/307413/b0002up/Hono/site/documentation/content/api/management/device-registry-v1.yaml
2026-01-18 18:06:53,045 - Knowledge - INFO - Batch sizing: calculated=6, max_allowed=10, queue=362, active_workers=20/20
2026-01-18 18:06:53,166 - Knowledge - INFO - Async storing batch of 6 embeddings
2026-01-18 18:06:53,255 - Knowledge - INFO - Batch sizing: calculated=6, max_allowed=10, queue=362, active_workers=20/20
2026-01-18 18:06:53,346 - Knowledge - INFO - Fast-tracked /app/data/T0015/307413/b0002up/Hono/legal/src/main/resources/legal/CDDL-1.0.txt (ext=.txt, size=36117)
2026-01-18 18:06:53,453 - Knowledge - INFO - process ingested knowledge for /app/data/T0015/307413/b0002up/Hono/site/documentation/content/deployment/_index.md
2026-01-18 18:06:53,577 - Knowledge - INFO - Async storing batch of 6 embeddings
2026-01-18 18:06:53,714 - Knowledge - WARNING - Timeout processing /app/data/T0015/307413/b0002up/Hono/core/src/main/java/org/eclipse/hono/util/RequestResponseResult.java after 90s - using fallback metadata
2026-01-18 18:06:53,816 - Knowledge - INFO - Worker kw5 processing /app/data/T0015/307413/b0002up/Hono/site/homepage/content/release-notes.md
2026-01-18 18:06:53,909 - Knowledge - INFO - Async storage completed for 8 embeddings
2026-01-18 18:06:53,994 - Knowledge - INFO - Worker kw4 processing /app/data/T0015/307413/b0002up/Hono/site/homepage/static/js/front.js
2026-01-18 18:06:54,088 - Knowledge - INFO - Worker kw18 processing /app/data/T0015/307413/b0002up/Hono/site/homepage/data/features/uniform_api.yaml
2026-01-18 18:06:54,165 - Knowledge - INFO - Fast-tracked /app/data/T0015/307413/b0002up/Hono/site/homepage/layouts/partials/clients.html (ext=.html, size=605)
2026-01-18 18:06:54,363 - Knowledge - INFO - Worker kw15 processing /app/data/T0015/307413/b0002up/Hono/site/homepage/layouts/shortcodes/doclink.html
2026-01-18 18:06:54,477 - Knowledge - INFO - process ingested knowledge for /app/data/T0015/307413/b0002up/Hono/site/documentation/content/architecture/auth/index.md
2026-01-18 18:06:54,789 - Knowledge - INFO - Worker kw19 processing /app/data/T0015/307413/b0002up/Hono/site/homepage/content/community/contributing.md
2026-01-18 18:06:54,792 - Knowledge - INFO - process ingested knowledge for /app/data/T0015/307413/b0002up/Hono/core/src/main/java/org/eclipse/hono/util/JwtHelper.java
2026-01-18 18:06:54,888 - Knowledge - INFO - Worker kw6 processing /app/data/T0015/307413/b0002up/Hono/legal/src/main/resources/legal/NOTICE.Netty.txt
2026-01-18 18:06:55,078 - Knowledge - INFO - process ingested knowledge for /app/data/T0015/307413/b0002up/Hono/site/documentation/content/api/management/index.md
2026-01-18 18:06:55,117 - Knowledge - INFO - Worker kw16 processing /app/data/T0015/307413/b0002up/Hono/legal/src/main/resources/legal/license/LICENSE.jbzip2.txt
2026-01-18 18:06:55,161 - Knowledge - INFO - Async storing batch of 8 embeddings
2026-01-18 18:06:55,161 - Knowledge - INFO - [kw14] Queue=344, InProgress=0, PendingWorkers=20/20, Completed=586/1010 (58.0%)
2026-01-18 18:06:55,264 - Knowledge - INFO - Async storing batch of 8 embeddings
2026-01-18 18:06:55,349 - Knowledge - INFO - Worker kw17 processing /app/data/T0015/307413/b0002up/Hono/legal/src/main/resources/legal/NOTICE.md
2026-01-18 18:06:55,395 - Knowledge - INFO - [kw3] Queue=338, InProgress=0, PendingWorkers=20/20, Completed=586/1010 (58.0%)
2026-01-18 18:06:55,446 - Knowledge - INFO - process ingested knowledge for /app/data/T0015/307413/b0002up/Hono/site/documentation/content/deployment/resource-limitation.md
2026-01-18 18:06:55,532 - Knowledge - INFO - Worker kw13 processing /app/data/T0015/307413/b0002up/Hono/legal/src/main/resources/legal/license/LICENSE.lzma-java.txt
2026-01-18 18:06:55,635 - Knowledge - INFO - Processing batch of 8 files
2026-01-18 18:06:55,706 - Knowledge - INFO - Fast-tracked /app/data/T0015/307413/b0002up/Hono/site/homepage/content/release-notes.md (ext=.md, size=42727)
2026-01-18 18:06:55,782 - Knowledge - INFO - Processing batch of 6 files
2026-01-18 18:06:55,974 - Knowledge - INFO - Fast-tracked /app/data/T0015/307413/b0002up/Hono/site/homepage/data/features/uniform_api.yaml (ext=.yaml, size=231)
2026-01-18 18:06:56,086 - Knowledge - INFO - Worker kw20 processing /app/data/T0015/307413/b0002up/Hono/site/homepage/layouts/partials/scripts.html
2026-01-18 18:06:56,164 - Knowledge - INFO - Fast-tracked /app/data/T0015/307413/b0002up/Hono/site/homepage/layouts/shortcodes/doclink.html (ext=.html, size=49)
2026-01-18 18:06:56,264 - Knowledge - INFO - process ingested knowledge for /app/data/T0015/307413/b0002up/Hono/site/documentation/content/architecture/_index.md
2026-01-18 18:06:56,359 - Knowledge - INFO - Fast-tracked /app/data/T0015/307413/b0002up/Hono/site/homepage/content/community/contributing.md (ext=.md, size=4995)
2026-01-18 18:06:56,448 - Knowledge - INFO - process ingested knowledge for /app/data/T0015/307413/b0002up/Hono/core/src/main/java/org/eclipse/hono/util/CredentialsResult.java
2026-01-18 18:06:56,533 - Knowledge - INFO - Fast-tracked /app/data/T0015/307413/b0002up/Hono/legal/src/main/resources/legal/NOTICE.Netty.txt (ext=.txt, size=8114)
2026-01-18 18:06:56,610 - Knowledge - INFO - process ingested knowledge for /app/data/T0015/307413/b0002up/Hono/site/documentation/content/api/telemetry/index.md
2026-01-18 18:06:56,683 - Knowledge - INFO - Fast-tracked /app/data/T0015/307413/b0002up/Hono/legal/src/main/resources/legal/license/LICENSE.jbzip2.txt (ext=.txt, size=1106)
2026-01-18 18:06:56,760 - Knowledge - INFO - Worker kw8 processing /app/data/T0015/307413/b0002up/Hono/legal/src/main/resources/legal/license/LICENSE.hpack.txt
2026-01-18 18:06:56,834 - Knowledge - INFO - Batch sizing: calculated=6, max_allowed=10, queue=344, active_workers=20/20
2026-01-18 18:06:56,843 - Knowledge - INFO - Async storage completed for 6 embeddings
2026-01-18 18:06:56,904 - Knowledge - INFO - Worker kw12 processing /app/data/T0015/307413/b0002up/Hono/legal/src/main/resources/legal/license/LICENSE.jfastlz.txt
2026-01-18 18:06:57,009 - Knowledge - INFO - Fast-tracked /app/data/T0015/307413/b0002up/Hono/legal/src/main/resources/legal/NOTICE.md (ext=.md, size=20976)
2026-01-18 18:06:57,075 - Knowledge - INFO - Batch sizing: calculated=6, max_allowed=10, queue=338, active_workers=20/20
2026-01-18 18:06:57,160 - Knowledge - INFO - process ingested knowledge for /app/data/T0015/307413/b0002up/Hono/site/documentation/content/deployment/create-kubernetes-cluster.md
2026-01-18 18:06:57,251 - Knowledge - INFO - Fast-tracked /app/data/T0015/307413/b0002up/Hono/legal/src/main/resources/legal/license/LICENSE.lzma-java.txt (ext=.txt, size=11358)
2026-01-18 18:06:57,320 - Knowledge - INFO - process ingested knowledge for /app/data/T0015/307413/b0002up/Hono/core/src/main/java/org/eclipse/hono/util/AuthenticationConstants.java
2026-01-18 18:06:57,462 - Knowledge - INFO - Worker kw5 processing /app/data/T0015/307413/b0002up/Hono/site/homepage/content/_index.md
2026-01-18 18:06:57,555 - Knowledge - INFO - process ingested knowledge for /app/data/T0015/307413/b0002up/Hono/site/documentation/content/concepts/command-and-control.md
2026-01-18 18:06:57,665 - Knowledge - INFO - Worker kw18 processing /app/data/T0015/307413/b0002up/Hono/site/homepage/data/features/millions_of_devices.yaml
2026-01-18 18:06:57,739 - Knowledge - INFO - Fast-tracked /app/data/T0015/307413/b0002up/Hono/site/homepage/layouts/partials/nav.html (small file (2771 bytes))
2026-01-18 18:06:57,816 - Knowledge - INFO - Worker kw15 processing /app/data/T0015/307413/b0002up/Hono/site/homepage/layouts/index.html
2026-01-18 18:06:57,899 - Knowledge - INFO - process ingested knowledge for /app/data/T0015/307413/b0002up/Hono/site/documentation/content/architecture/component-view/hono-messaging.xml
2026-01-18 18:06:58,024 - Knowledge - INFO - Worker kw19 processing /app/data/T0015/307413/b0002up/Hono/site/homepage/content/faq.md
2026-01-18 18:06:58,104 - Knowledge - INFO - process ingested knowledge for /app/data/T0015/307413/b0002up/Hono/core/src/main/java/org/eclipse/hono/util/PortConfigurationHelper.java
2026-01-18 18:06:58,197 - Knowledge - INFO - Worker kw6 processing /app/data/T0015/307413/b0002up/Hono/legal/src/main/resources/legal/LICENSE.slf4j.txt
2026-01-18 18:06:58,387 - Knowledge - INFO - Worker kw16 processing /app/data/T0015/307413/b0002up/Hono/legal/src/main/resources/legal/license/LICENSE.compress-lzf.txt
2026-01-18 18:06:58,477 - Knowledge - INFO - Fast-tracked /app/data/T0015/307413/b0002up/Hono/legal/src/main/resources/legal/license/LICENSE.hpack.txt (ext=.txt, size=11357)
2026-01-18 18:06:58,585 - Knowledge - INFO - Async storing batch of 6 embeddings
2026-01-18 18:06:58,762 - Knowledge - INFO - Fast-tracked /app/data/T0015/307413/b0002up/Hono/legal/src/main/resources/legal/license/LICENSE.jfastlz.txt (ext=.txt, size=1075)
2026-01-18 18:06:58,880 - Knowledge - INFO - Worker kw17 processing /app/data/T0015/307413/b0002up/Hono/legal/src/main/resources/legal/LICENSE.txt
2026-01-18 18:06:58,881 - Knowledge - INFO - [WEBSOCKET] Sent: Type=progress_update, Size: 293, Duration: 0ms
2026-01-18 18:06:59,053 - Knowledge - INFO - process ingested knowledge for /app/data/T0015/307413/b0002up/Hono/site/documentation/content/deployment/openshift.md
2026-01-18 18:06:59,144 - Knowledge - INFO - Worker kw13 processing /app/data/T0015/307413/b0002up/Hono/legal/src/main/resources/legal/license/LICENSE.slf4j.txt
2026-01-18 18:06:59,233 - Knowledge - INFO - process ingested knowledge for /app/data/T0015/307413/b0002up/Hono/core/src/main/java/org/eclipse/hono/util/Constants.java
2026-01-18 18:06:59,347 - Knowledge - INFO - Fast-tracked /app/data/T0015/307413/b0002up/Hono/site/homepage/content/_index.md (ext=.md, size=67)
2026-01-18 18:06:59,436 - Knowledge - INFO - process ingested knowledge for /app/data/T0015/307413/b0002up/Hono/site/documentation/content/concepts/resource-limits.md
2026-01-18 18:06:59,535 - Knowledge - INFO - Fast-tracked /app/data/T0015/307413/b0002up/Hono/site/homepage/data/features/millions_of_devices.yaml (ext=.yaml, size=253)
2026-01-18 18:06:59,738 - Knowledge - INFO - Fast-tracked /app/data/T0015/307413/b0002up/Hono/site/homepage/layouts/index.html (ext=.html, size=1362)
2026-01-18 18:06:59,822 - Knowledge - INFO - process ingested knowledge for /app/data/T0015/307413/b0002up/Hono/site/documentation/content/architecture/component-view/device-registry.xml
2026-01-18 18:06:59,948 - Knowledge - INFO - Fast-tracked /app/data/T0015/307413/b0002up/Hono/site/homepage/content/faq.md (ext=.md, size=1760)
2026-01-18 18:07:00,157 - Knowledge - INFO - Fast-tracked /app/data/T0015/307413/b0002up/Hono/legal/src/main/resources/legal/LICENSE.slf4j.txt (ext=.txt, size=1203)
2026-01-18 18:07:00,258 - Knowledge - INFO - Fast-tracked /app/data/T0015/307413/b0002up/Hono/legal/src/main/resources/legal/license/LICENSE.compress-lzf.txt (ext=.txt, size=550)
2026-01-18 18:07:00,352 - Knowledge - INFO - Worker kw8 processing /app/data/T0015/307413/b0002up/Hono/legal/src/main/resources/legal/license/LICENSE.aalto-xml.txt
2026-01-18 18:07:00,457 - Knowledge - INFO - Worker kw14 processing /app/data/T0015/307413/b0002up/Hono/legal/src/main/resources/legal/license/LICENSE.log4j.txt
2026-01-18 18:07:00,576 - Knowledge - INFO - Worker kw12 processing /app/data/T0015/307413/b0002up/Hono/legal/src/main/resources/legal/license/LICENSE.bouncycastle.txt
2026-01-18 18:07:00,686 - Knowledge - INFO - Fast-tracked /app/data/T0015/307413/b0002up/Hono/legal/src/main/resources/legal/LICENSE.txt (ext=.txt, size=14198)
2026-01-18 18:07:00,764 - Knowledge - INFO - Async storing batch of 6 embeddings
2026-01-18 18:07:00,764 - Knowledge - INFO - [WEBSOCKET] Sent: Type=unknown, Size: ?, Duration: 1883ms
2026-01-18 18:07:00,960 - Knowledge - INFO - Fast-tracked /app/data/T0015/307413/b0002up/Hono/legal/src/main/resources/legal/license/LICENSE.slf4j.txt (ext=.txt, size=1203)
2026-01-18 18:07:00,976 - Knowledge - INFO - process ingested knowledge for /app/data/T0015/307413/b0002up/Hono/site/documentation/content/deployment/helm-based-deployment.md
2026-01-18 18:07:01,107 - Knowledge - INFO - process ingested knowledge for /app/data/T0015/307413/b0002up/Hono/core/src/main/java/org/eclipse/hono/util/DeviceConnectionConstants.java
2026-01-18 18:07:01,148 - Knowledge - INFO - Worker kw5 processing /app/data/T0015/307413/b0002up/Hono/site/homepage/content/sandbox.md
2026-01-18 18:07:01,271 - Knowledge - INFO - process ingested knowledge for /app/data/T0015/307413/b0002up/Hono/site/documentation/content/concepts/device-notifications.md
2026-01-18 18:07:01,380 - Knowledge - INFO - Worker kw18 processing /app/data/T0015/307413/b0002up/Hono/site/homepage/data/features/iot_protocols.yaml
2026-01-18 18:07:01,488 - Knowledge - INFO - Worker kw15 processing /app/data/T0015/307413/b0002up/Hono/site/homepage/content/thankyou.md
2026-01-18 18:07:01,627 - Knowledge - INFO - process ingested knowledge for /app/data/T0015/307413/b0002up/Hono/site/documentation/content/architecture/component-view/top-level.xml
2026-01-18 18:07:01,707 - Knowledge - INFO - Worker kw19 processing /app/data/T0015/307413/b0002up/Hono/site/readme.md
2026-01-18 18:07:01,808 - Knowledge - INFO - Worker kw6 processing /app/data/T0015/307413/b0002up/Hono/legal/src/main/resources/legal/LICENSE.JUL-to-SLF4J.txt
2026-01-18 18:07:01,899 - Knowledge - INFO - Worker kw16 processing /app/data/T0015/307413/b0002up/Hono/legal/src/main/resources/legal/license/LICENSE.jsr166y.txt
2026-01-18 18:07:02,021 - Knowledge - INFO - Fast-tracked /app/data/T0015/307413/b0002up/Hono/legal/src/main/resources/legal/license/LICENSE.aalto-xml.txt (ext=.txt, size=576)
2026-01-18 18:07:02,107 - Knowledge - INFO - Fast-tracked /app/data/T0015/307413/b0002up/Hono/legal/src/main/resources/legal/license/LICENSE.log4j.txt (ext=.txt, size=10174)
2026-01-18 18:07:02,230 - Knowledge - INFO - Fast-tracked /app/data/T0015/307413/b0002up/Hono/legal/src/main/resources/legal/license/LICENSE.bouncycastle.txt (ext=.txt, size=1168)
2026-01-18 18:07:02,312 - Knowledge - INFO - Worker kw17 processing /app/data/T0015/307413/b0002up/Hono/legal/src/main/resources/legal/NOTICE.Spring.txt
2026-01-18 18:07:02,418 - Knowledge - INFO - Worker kw3 processing /app/data/T0015/307413/b0002up/Hono/eclipse/hono-code-style.xml
2026-01-18 18:07:02,528 - Knowledge - INFO - Progress: 59.4% | Files: 600/1010 | Rate: 1.59 files/sec | Queue: 326
2026-01-18 18:07:02,528 - Knowledge - INFO - [kw1] Queue=326, InProgress=0, PendingWorkers=20/20, Completed=600/1010 (59.4%)
2026-01-18 18:07:02,613 - Knowledge - INFO - Worker kw13 processing /app/data/T0015/307413/b0002up/Hono/legal/src/main/resources/legal/license/LICENSE.commons-lang.txt
2026-01-18 18:07:02,933 - Knowledge - INFO - Fast-tracked /app/data/T0015/307413/b0002up/Hono/site/homepage/content/sandbox.md (ext=.md, size=4110)
2026-01-18 18:07:02,960 - Knowledge - INFO - process ingested knowledge for /app/data/T0015/307413/b0002up/Hono/core/src/main/java/org/eclipse/hono/util/CacheDirective.java
2026-01-18 18:07:03,117 - Knowledge - INFO - process ingested knowledge for /app/data/T0015/307413/b0002up/Hono/site/documentation/content/concepts/_index.md
2026-01-18 18:07:03,123 - Knowledge - INFO - Fast-tracked /app/data/T0015/307413/b0002up/Hono/site/homepage/data/features/iot_protocols.yaml (ext=.yaml, size=179)
2026-01-18 18:07:03,267 - Knowledge - INFO - Fast-tracked /app/data/T0015/307413/b0002up/Hono/site/homepage/content/thankyou.md (ext=.md, size=484)
2026-01-18 18:07:03,428 - Knowledge - INFO - [LLM_CALL] Completed: front.js:chunk1, Duration: 7541ms, PromptTokens: 5846, CompletionTokens: 935, Cost: $0.00096
2026-01-18 18:07:03,429 - Knowledge - INFO - process ingested knowledge for /app/data/T0015/307413/b0002up/Hono/site/documentation/content/architecture/component-view/index.md
2026-01-18 18:07:03,520 - Knowledge - INFO - Fast-tracked /app/data/T0015/307413/b0002up/Hono/site/readme.md (ext=.md, size=5154)
2026-01-18 18:07:03,549 - Knowledge - INFO - Fast-tracked /app/data/T0015/307413/b0002up/Hono/site/homepage/layouts/partials/scripts.html (small file (2195 bytes))
2026-01-18 18:07:03,607 - Knowledge - INFO - Fast-tracked /app/data/T0015/307413/b0002up/Hono/legal/src/main/resources/legal/LICENSE.JUL-to-SLF4J.txt (ext=.txt, size=1152)
2026-01-18 18:07:03,740 - Knowledge - INFO - Fast-tracked /app/data/T0015/307413/b0002up/Hono/legal/src/main/resources/legal/license/LICENSE.jsr166y.txt (ext=.txt, size=1592)
2026-01-18 18:07:03,828 - Knowledge - INFO - Worker kw8 processing /app/data/T0015/307413/b0002up/Hono/legal/src/main/resources/legal/license/LICENSE.mvn-wrapper.txt
2026-01-18 18:07:03,941 - Knowledge - INFO - Worker kw14 processing /app/data/T0015/307413/b0002up/Hono/legal/src/main/resources/legal/license/LICENSE.caliper.txt
2026-01-18 18:07:04,021 - Knowledge - INFO - Worker kw12 processing /app/data/T0015/307413/b0002up/Hono/legal/src/main/resources/legal/license/LICENSE.hyper-hpack.txt
2026-01-18 18:07:04,145 - Knowledge - INFO - Fast-tracked /app/data/T0015/307413/b0002up/Hono/legal/src/main/resources/legal/NOTICE.Spring.txt (ext=.txt, size=484)
2026-01-18 18:07:04,231 - Knowledge - INFO - Fast-tracked /app/data/T0015/307413/b0002up/Hono/eclipse/hono-code-style.xml (ext=.xml, size=32914)
2026-01-18 18:07:04,308 - Knowledge - INFO - [kw2] Queue=326, InProgress=0, PendingWorkers=20/20, Completed=600/1010 (59.4%)
2026-01-18 18:07:04,437 - Knowledge - INFO - Batch sizing: calculated=6, max_allowed=10, queue=326, active_workers=20/20
2026-01-18 18:07:04,523 - Knowledge - INFO - Fast-tracked /app/data/T0015/307413/b0002up/Hono/legal/src/main/resources/legal/license/LICENSE.commons-lang.txt (ext=.txt, size=10174)
2026-01-18 18:07:04,643 - Knowledge - INFO - Worker kw5 processing /app/data/T0015/307413/b0002up/Hono/site/homepage/content/community/road-map.md
2026-01-18 18:07:04,729 - Knowledge - INFO - process ingested knowledge for /app/data/T0015/307413/b0002up/Hono/core/src/main/java/org/eclipse/hono/util/RegistryManagementConstants.java
2026-01-18 18:07:04,853 - Knowledge - INFO - process ingested knowledge for /app/data/T0015/307413/b0002up/Hono/site/documentation/content/concepts/device-identity.md
2026-01-18 18:07:04,934 - Knowledge - INFO - Async storage completed for 6 embeddings
2026-01-18 18:07:05,028 - Knowledge - INFO - Async storage completed for 8 embeddings
2026-01-18 18:07:05,136 - Knowledge - INFO - done ingest for /app/data/T0015/307413/b0002up/Hono/site/homepage/static/js/front.js
2026-01-18 18:07:05,137 - Knowledge - INFO - [kw11] Queue=326, InProgress=0, PendingWorkers=20/20, Completed=600/1010 (59.4%)
2026-01-18 18:07:05,316 - Knowledge - INFO - Worker kw19 processing /app/data/T0015/307413/b0002up/Hono/site/build-site.sh
2026-01-18 18:07:05,397 - Knowledge - INFO - Async storage completed for 8 embeddings
2026-01-18 18:07:05,487 - Knowledge - INFO - Worker kw6 processing /app/data/T0015/307413/b0002up/Hono/legal/src/main/resources/legal/LICENSE-2.0.txt
2026-01-18 18:07:05,585 - Knowledge - INFO - Worker kw16 processing /app/data/T0015/307413/b0002up/Hono/legal/src/main/resources/legal/license/LICENSE.base64.txt
2026-01-18 18:07:05,666 - Knowledge - INFO - Fast-tracked /app/data/T0015/307413/b0002up/Hono/legal/src/main/resources/legal/license/LICENSE.mvn-wrapper.txt (ext=.txt, size=11358)
2026-01-18 18:07:05,747 - Knowledge - INFO - Fast-tracked /app/data/T0015/307413/b0002up/Hono/legal/src/main/resources/legal/license/LICENSE.caliper.txt (ext=.txt, size=11358)
2026-01-18 18:07:05,854 - Knowledge - INFO - Fast-tracked /app/data/T0015/307413/b0002up/Hono/legal/src/main/resources/legal/license/LICENSE.hyper-hpack.txt (ext=.txt, size=1080)
2026-01-18 18:07:05,858 - Knowledge - INFO - [kw7] Queue=326, InProgress=0, PendingWorkers=20/20, Completed=600/1010 (59.4%)
2026-01-18 18:07:05,933 - Knowledge - INFO - Worker kw17 processing /app/data/T0015/307413/b0002up/Hono/legal/src/main/resources/legal/NOTICE.Metrics.txt
2026-01-18 18:07:06,045 - Knowledge - INFO - Worker kw3 processing /app/data/T0015/307413/b0002up/Hono/eclipse/hono-clean-up-profile.xml
2026-01-18 18:07:06,168 - Knowledge - INFO - Batch sizing: calculated=6, max_allowed=10, queue=326, active_workers=20/20
2026-01-18 18:07:06,260 - Knowledge - INFO - Async storing batch of 8 embeddings
2026-01-18 18:07:06,339 - Knowledge - INFO - Worker kw13 processing /app/data/T0015/307413/b0002up/Hono/legal/src/main/resources/legal/license/LICENSE.snappy.txt
2026-01-18 18:07:06,422 - Knowledge - INFO - Fast-tracked /app/data/T0015/307413/b0002up/Hono/site/homepage/content/community/road-map.md (ext=.md, size=820)
2026-01-18 18:07:06,522 - Knowledge - INFO - process ingested knowledge for /app/data/T0015/307413/b0002up/Hono/core/src/main/java/org/eclipse/hono/util/ResourceIdentifier.java
2026-01-18 18:07:06,608 - Knowledge - INFO - process ingested knowledge for /app/data/T0015/307413/b0002up/Hono/site/documentation/content/concepts/tenancy.md
2026-01-18 18:07:06,684 - Knowledge - INFO - Processing batch of 6 files
2026-01-18 18:07:06,772 - Knowledge - INFO - Processing batch of 6 files
2026-01-18 18:07:06,869 - Knowledge - INFO - Processing batch of 6 files
2026-01-18 18:07:06,999 - Knowledge - INFO - Batch sizing: calculated=6, max_allowed=10, queue=326, active_workers=20/20
2026-01-18 18:07:07,081 - Knowledge - INFO - Fast-tracked /app/data/T0015/307413/b0002up/Hono/site/build-site.sh (ext=.sh, size=1507)
2026-01-18 18:07:07,266 - Knowledge - INFO - Fast-tracked /app/data/T0015/307413/b0002up/Hono/legal/src/main/resources/legal/LICENSE-2.0.txt (ext=.txt, size=11358)
2026-01-18 18:07:07,402 - Knowledge - INFO - Fast-tracked /app/data/T0015/307413/b0002up/Hono/legal/src/main/resources/legal/license/LICENSE.base64.txt (ext=.txt, size=1592)
2026-01-18 18:07:07,476 - Knowledge - INFO - Worker kw8 processing /app/data/T0015/307413/b0002up/Hono/legal/src/main/resources/legal/license/LICENSE.lz4.txt
2026-01-18 18:07:07,576 - Knowledge - INFO - Worker kw14 processing /app/data/T0015/307413/b0002up/Hono/legal/src/main/resources/legal/NOTICE.Jackson.txt
2026-01-18 18:07:07,666 - Knowledge - INFO - Worker kw12 processing /app/data/T0015/307413/b0002up/Hono/legal/src/main/resources/legal/license/LICENSE.libdivsufsort.txt
2026-01-18 18:07:07,825 - Knowledge - INFO - Batch sizing: calculated=6, max_allowed=10, queue=326, active_workers=20/20
2026-01-18 18:07:07,901 - Knowledge - INFO - Fast-tracked /app/data/T0015/307413/b0002up/Hono/legal/src/main/resources/legal/NOTICE.Metrics.txt (ext=.txt, size=470)
2026-01-18 18:07:07,926 - Knowledge - INFO - [LLM_CALL] Completed: footer.html:chunk1, Duration: 7162ms, PromptTokens: 2342, CompletionTokens: 59, Cost: $0.00026
2026-01-18 18:07:08,030 - Knowledge - INFO - Fast-tracked /app/data/T0015/307413/b0002up/Hono/eclipse/hono-clean-up-profile.xml (ext=.xml, size=4108)
2026-01-18 18:07:08,219 - Knowledge - INFO - Worker kw1 processing /app/data/T0015/307413/b0002up/Hono/deploy/src/main/config/artemis/artemis-broker.xml
2026-01-18 18:07:08,314 - Knowledge - INFO - Fast-tracked /app/data/T0015/307413/b0002up/Hono/legal/src/main/resources/legal/license/LICENSE.snappy.txt (ext=.txt, size=1463)
2026-01-18 18:07:08,403 - Knowledge - INFO - Async storage completed for 8 embeddings
2026-01-18 18:07:08,504 - Knowledge - INFO - process ingested knowledge for /app/data/T0015/307413/b0002up/Hono/core/src/main/java/org/eclipse/hono/util/CredentialsConstants.java
2026-01-18 18:07:08,691 - Knowledge - INFO - process ingested knowledge for /app/data/T0015/307413/b0002up/Hono/site/homepage/data/carousel/intro.yaml
2026-01-18 18:07:08,777 - Knowledge - INFO - process ingested knowledge for /app/data/T0015/307413/b0002up/Hono/site/homepage/layouts/_default/single.html
2026-01-18 18:07:08,851 - Knowledge - INFO - process ingested knowledge for /app/data/T0015/307413/b0002up/Hono/site/documentation/content/concepts/connection-events.md
2026-01-18 18:07:09,046 - Knowledge - INFO - Async storage completed for 6 embeddings
2026-01-18 18:07:09,168 - Knowledge - INFO - Async storage completed for 8 embeddings
2026-01-18 18:07:09,250 - Knowledge - INFO - Worker kw16 processing /app/data/T0015/307413/b0002up/Hono/legal/src/main/resources/legal/license/NOTICE.harmony.txt
2026-01-18 18:07:09,336 - Knowledge - INFO - Fast-tracked /app/data/T0015/307413/b0002up/Hono/legal/src/main/resources/legal/license/LICENSE.lz4.txt (ext=.txt, size=11358)
2026-01-18 18:07:09,417 - Knowledge - INFO - Fast-tracked /app/data/T0015/307413/b0002up/Hono/legal/src/main/resources/legal/NOTICE.Jackson.txt (ext=.txt, size=822)
2026-01-18 18:07:09,555 - Knowledge - INFO - Fast-tracked /app/data/T0015/307413/b0002up/Hono/legal/src/main/resources/legal/license/LICENSE.libdivsufsort.txt (ext=.txt, size=1079)
2026-01-18 18:07:09,759 - Knowledge - INFO - Worker kw17 processing /app/data/T0015/307413/b0002up/Hono/legal/src/main/resources/legal/license/LICENSE.protobuf.txt
2026-01-18 18:07:09,836 - Knowledge - INFO - done ingest for /app/data/T0015/307413/b0002up/Hono/site/homepage/layouts/partials/footer.html
2026-01-18 18:07:09,836 - Knowledge - INFO - Async storing batch of 6 embeddings
2026-01-18 18:07:09,836 - Knowledge - INFO - Async storing batch of 6 embeddings
2026-01-18 18:07:09,837 - Knowledge - INFO - [kw10] Queue=302, InProgress=0, PendingWorkers=20/20, Completed=618/1010 (61.2%)
2026-01-18 18:07:09,837 - Knowledge - INFO - Async storing batch of 6 embeddings
2026-01-18 18:07:09,953 - Knowledge - INFO - Worker kw3 processing /app/data/T0015/307413/b0002up/Hono/deploy/src/main/assembly/chart.xml
2026-01-18 18:07:10,041 - Knowledge - INFO - Fast-tracked /app/data/T0015/307413/b0002up/Hono/deploy/src/main/config/artemis/artemis-broker.xml (ext=.xml, size=6665)
2026-01-18 18:07:10,122 - Knowledge - INFO - Worker kw13 processing /app/data/T0015/307413/b0002up/Hono/legal/src/main/resources/legal/license/LICENSE.jzlib.txt
2026-01-18 18:07:10,212 - Knowledge - INFO - Processing batch of 6 files
2026-01-18 18:07:10,287 - Knowledge - INFO - process ingested knowledge for /app/data/T0015/307413/b0002up/Hono/core/src/main/java/org/eclipse/hono/util/RequestResponseResult.java
2026-01-18 18:07:10,386 - Knowledge - INFO - process ingested knowledge for /app/data/T0015/307413/b0002up/Hono/site/homepage/data/features/secure.yaml
2026-01-18 18:07:10,468 - Knowledge - INFO - process ingested knowledge for /app/data/T0015/307413/b0002up/Hono/site/homepage/layouts/shortcodes/note.html
2026-01-18 18:07:10,539 - Knowledge - INFO - process ingested knowledge for /app/data/T0015/307413/b0002up/Hono/site/homepage/config.toml
2026-01-18 18:07:10,624 - Knowledge - INFO - Processing batch of 6 files
2026-01-18 18:07:10,707 - Knowledge - INFO - Processing batch of 6 files
2026-01-18 18:07:10,797 - Knowledge - INFO - Fast-tracked /app/data/T0015/307413/b0002up/Hono/legal/src/main/resources/legal/license/NOTICE.harmony.txt (ext=.txt, size=171)
2026-01-18 18:07:10,917 - Knowledge - INFO - Worker kw8 processing /app/data/T0015/307413/b0002up/Hono/legal/src/main/resources/legal/license/LICENSE.jctools.txt
2026-01-18 18:07:11,034 - Knowledge - INFO - Worker kw14 processing /app/data/T0015/307413/b0002up/Hono/legal/src/main/resources/checkstyle/default.xml
2026-01-18 18:07:11,152 - Knowledge - INFO - Worker kw12 processing /app/data/T0015/307413/b0002up/Hono/legal/src/main/resources/legal/license/LICENSE.commons-logging.txt
2026-01-18 18:07:11,286 - Knowledge - INFO - Fast-tracked /app/data/T0015/307413/b0002up/Hono/legal/src/main/resources/legal/license/LICENSE.protobuf.txt (ext=.txt, size=1832)
2026-01-18 18:07:11,552 - Knowledge - INFO - Worker kw2 processing /app/data/T0015/307413/b0002up/Hono/deploy/src/main/deploy/helm/values.yaml
2026-01-18 18:07:11,678 - Knowledge - INFO - Worker kw11 processing /app/data/T0015/307413/b0002up/Hono/deploy/src/main/deploy/helm/templates/hono-service-device-connection/hono-service-device-connection-svc.yaml
2026-01-18 18:07:11,777 - Knowledge - INFO - Batch sizing: calculated=6, max_allowed=10, queue=302, active_workers=20/20
2026-01-18 18:07:11,868 - Knowledge - INFO - Worker kw7 processing /app/data/T0015/307413/b0002up/Hono/deploy/src/main/deploy/helm/templates/hono-adapter-coap/hono-adapter-coap-vertx-svc.yaml
2026-01-18 18:07:12,165 - Knowledge - INFO - Fast-tracked /app/data/T0015/307413/b0002up/Hono/deploy/src/main/assembly/chart.xml (ext=.xml, size=1343)
2026-01-18 18:07:12,193 - Knowledge - INFO - [LLM_CALL] Completed: head.html:chunk1, Duration: 9665ms, PromptTokens: 3182, CompletionTokens: 434, Cost: $0.00049
2026-01-18 18:07:12,266 - Knowledge - INFO - Worker kw1 processing /app/data/T0015/307413/b0002up/Hono/deploy/src/main/config/artemis/artemis-bootstrap.xml
2026-01-18 18:07:12,347 - Knowledge - INFO - Fast-tracked /app/data/T0015/307413/b0002up/Hono/legal/src/main/resources/legal/license/LICENSE.jzlib.txt (ext=.txt, size=1465)
2026-01-18 18:07:12,421 - Knowledge - INFO - process ingested knowledge for /app/data/T0015/307413/b0002up/Hono/site/homepage/content/downloads.md
2026-01-18 18:07:12,654 - Knowledge - INFO - process ingested knowledge for /app/data/T0015/307413/b0002up/Hono/site/homepage/data/features/extensible.yaml
2026-01-18 18:07:12,751 - Knowledge - INFO - process ingested knowledge for /app/data/T0015/307413/b0002up/Hono/site/homepage/layouts/shortcodes/warning.html
2026-01-18 18:07:12,842 - Knowledge - INFO - process ingested knowledge for /app/data/T0015/307413/b0002up/Hono/site/homepage/static/favicon/browserconfig.xml
2026-01-18 18:07:12,884 - Knowledge - INFO - process ingested knowledge for /app/data/T0015/307413/b0002up/Hono/site/homepage/content/community/presentations.md
2026-01-18 18:07:12,983 - Knowledge - INFO - process ingested knowledge for /app/data/T0015/307413/b0002up/Hono/site/pom.xml
2026-01-18 18:07:13,066 - Knowledge - INFO - Worker kw16 processing /app/data/T0015/307413/b0002up/Hono/legal/src/main/resources/legal/license/LICENSE.webbit.txt
2026-01-18 18:07:13,152 - Knowledge - INFO - Fast-tracked /app/data/T0015/307413/b0002up/Hono/legal/src/main/resources/legal/license/LICENSE.jctools.txt (ext=.txt, size=10174)
2026-01-18 18:07:13,246 - Knowledge - INFO - Fast-tracked /app/data/T0015/307413/b0002up/Hono/legal/src/main/resources/checkstyle/default.xml (ext=.xml, size=3989)
2026-01-18 18:07:13,327 - Knowledge - INFO - Fast-tracked /app/data/T0015/307413/b0002up/Hono/legal/src/main/resources/legal/license/LICENSE.commons-logging.txt (ext=.txt, size=10174)
2026-01-18 18:07:13,413 - Knowledge - INFO - Async storage completed for 6 embeddings
2026-01-18 18:07:13,509 - Knowledge - INFO - Fast-tracked /app/data/T0015/307413/b0002up/Hono/deploy/src/main/deploy/helm/values.yaml (ext=.yaml, size=34813)
2026-01-18 18:07:13,591 - Knowledge - INFO - Fast-tracked /app/data/T0015/307413/b0002up/Hono/deploy/src/main/deploy/helm/templates/hono-service-device-connection/hono-service-device-connection-svc.yaml (ext=.yaml, size=1183)
2026-01-18 18:07:13,755 - Knowledge - INFO - Fast-tracked /app/data/T0015/307413/b0002up/Hono/deploy/src/main/deploy/helm/templates/hono-adapter-coap/hono-adapter-coap-vertx-svc.yaml (ext=.yaml, size=1249)
2026-01-18 18:07:13,859 - Knowledge - INFO - Worker kw3 processing /app/data/T0015/307413/b0002up/Hono/deploy/src/main/config/grafana/dashboard-definitions/message-details.json
2026-01-18 18:07:13,928 - Knowledge - INFO - done ingest for /app/data/T0015/307413/b0002up/Hono/site/homepage/layouts/partials/head.html
2026-01-18 18:07:13,929 - Knowledge - INFO - Async storing batch of 6 embeddings
2026-01-18 18:07:13,929 - Knowledge - INFO - [WEBSOCKET] Sent: Type=progress_update, Size: 294, Duration: 0ms
2026-01-18 18:07:14,012 - Knowledge - INFO - Fast-tracked /app/data/T0015/307413/b0002up/Hono/deploy/src/main/config/artemis/artemis-bootstrap.xml (ext=.xml, size=1163)
2026-01-18 18:07:14,111 - Knowledge - INFO - Worker kw13 processing /app/data/T0015/307413/b0002up/Hono/legal/src/main/resources/legal/license/LICENSE.nghttp2-hpack.txt
2026-01-18 18:07:14,195 - Knowledge - INFO - process ingested knowledge for /app/data/T0015/307413/b0002up/Hono/site/homepage/content/getting-started/index.md
2026-01-18 18:07:14,281 - Knowledge - INFO - process ingested knowledge for /app/data/T0015/307413/b0002up/Hono/site/homepage/data/features/uniform_api.yaml
2026-01-18 18:07:14,389 - Knowledge - INFO - process ingested knowledge for /app/data/T0015/307413/b0002up/Hono/site/homepage/layouts/shortcodes/doclink.html
2026-01-18 18:07:14,512 - Knowledge - INFO - process ingested knowledge for /app/data/T0015/307413/b0002up/Hono/site/homepage/static/css/custom.css
2026-01-18 18:07:14,588 - Knowledge - INFO - process ingested knowledge for /app/data/T0015/307413/b0002up/Hono/site/homepage/content/community/get-in-touch.md
2026-01-18 18:07:14,666 - Knowledge - INFO - process ingested knowledge for /app/data/T0015/307413/b0002up/Hono/legal/src/main/resources/legal/LICENSE.Spring.txt
2026-01-18 18:07:14,763 - Knowledge - INFO - Fast-tracked /app/data/T0015/307413/b0002up/Hono/legal/src/main/resources/legal/license/LICENSE.webbit.txt (ext=.txt, size=1597)
2026-01-18 18:07:14,863 - Knowledge - INFO - Worker kw8 processing /app/data/T0015/307413/b0002up/Hono/legal/src/main/resources/legal/license/LICENSE.harmony.txt
2026-01-18 18:07:14,938 - Knowledge - INFO - Worker kw14 processing /app/data/T0015/307413/b0002up/Hono/legal/src/main/resources/checkstyle/suppressions.xml
2026-01-18 18:07:15,029 - Knowledge - INFO - Worker kw12 processing /app/data/T0015/307413/b0002up/Hono/legal/src/main/resources/legal/license/LICENSE.jboss-marshalling.txt
2026-01-18 18:07:15,208 - Knowledge - INFO - Worker kw2 processing /app/data/T0015/307413/b0002up/Hono/deploy/src/main/deploy/helm/requirements.yaml
2026-01-18 18:07:15,316 - Knowledge - INFO - Worker kw11 processing /app/data/T0015/307413/b0002up/Hono/deploy/src/main/deploy/helm/templates/hono-service-device-connection/hono-service-device-connection-route.yaml
2026-01-18 18:07:15,402 - Knowledge - INFO - Worker kw7 processing /app/data/T0015/307413/b0002up/Hono/deploy/src/main/deploy/helm/templates/hono-adapter-coap/headless-svc.yaml
2026-01-18 18:07:15,518 - Knowledge - INFO - Fast-tracked /app/data/T0015/307413/b0002up/Hono/deploy/src/main/config/grafana/dashboard-definitions/message-details.json (ext=.json, size=23705)
2026-01-18 18:07:15,680 - Knowledge - INFO - Worker kw10 processing /app/data/T0015/307413/b0002up/Hono/deploy/src/main/deploy/helm/templates/hono-adapter-kura/headless-svc.yaml
2026-01-18 18:07:15,765 - Knowledge - INFO - Processing batch of 6 files
2026-01-18 18:07:15,765 - Knowledge - INFO - Processing batch of 6 files
2026-01-18 18:07:15,765 - Knowledge - INFO - [WEBSOCKET] Sent: Type=unknown, Size: ?, Duration: 1836ms
2026-01-18 18:07:15,893 - Knowledge - INFO - Worker kw1 processing /app/data/T0015/307413/b0002up/Hono/deploy/src/main/deploy/example-device-identities.json
2026-01-18 18:07:15,981 - Knowledge - INFO - Fast-tracked /app/data/T0015/307413/b0002up/Hono/legal/src/main/resources/legal/license/LICENSE.nghttp2-hpack.txt (ext=.txt, size=1156)
2026-01-18 18:07:16,071 - Knowledge - INFO - process ingested knowledge for /app/data/T0015/307413/b0002up/Hono/site/homepage/content/release-notes.md
2026-01-18 18:07:16,160 - Knowledge - INFO - process ingested knowledge for /app/data/T0015/307413/b0002up/Hono/site/homepage/data/features/millions_of_devices.yaml
2026-01-18 18:07:16,231 - Knowledge - INFO - process ingested knowledge for /app/data/T0015/307413/b0002up/Hono/site/homepage/layouts/index.html
2026-01-18 18:07:16,309 - Knowledge - INFO - process ingested knowledge for /app/data/T0015/307413/b0002up/Hono/site/homepage/static/css/style.hono.css
2026-01-18 18:07:16,420 - Knowledge - INFO - process ingested knowledge for /app/data/T0015/307413/b0002up/Hono/site/homepage/content/community/contributing.md
2026-01-18 18:07:16,504 - Knowledge - INFO - process ingested knowledge for /app/data/T0015/307413/b0002up/Hono/legal/src/main/resources/legal/NOTICE.Netty.txt
2026-01-18 18:07:16,584 - Knowledge - INFO - Async storage completed for 6 embeddings
2026-01-18 18:07:16,667 - Knowledge - INFO - Fast-tracked /app/data/T0015/307413/b0002up/Hono/legal/src/main/resources/legal/license/LICENSE.harmony.txt (ext=.txt, size=10174)
2026-01-18 18:07:16,778 - Knowledge - INFO - Fast-tracked /app/data/T0015/307413/b0002up/Hono/legal/src/main/resources/checkstyle/suppressions.xml (ext=.xml, size=694)
2026-01-18 18:07:16,908 - Knowledge - INFO - Fast-tracked /app/data/T0015/307413/b0002up/Hono/legal/src/main/resources/legal/license/LICENSE.jboss-marshalling.txt (ext=.txt, size=10175)
2026-01-18 18:07:17,007 - Knowledge - INFO - Fast-tracked /app/data/T0015/307413/b0002up/Hono/deploy/src/main/deploy/helm/requirements.yaml (ext=.yaml, size=697)
2026-01-18 18:07:17,093 - Knowledge - INFO - Fast-tracked /app/data/T0015/307413/b0002up/Hono/deploy/src/main/deploy/helm/templates/hono-service-device-connection/hono-service-device-connection-route.yaml (ext=.yaml, size=816)
2026-01-18 18:07:17,194 - Knowledge - INFO - Fast-tracked /app/data/T0015/307413/b0002up/Hono/deploy/src/main/deploy/helm/templates/hono-adapter-coap/headless-svc.yaml (ext=.yaml, size=618)
2026-01-18 18:07:17,282 - Knowledge - INFO - Worker kw3 processing /app/data/T0015/307413/b0002up/Hono/deploy/src/main/config/grafana/dashboard-definitions/jvm-details.json
2026-01-18 18:07:17,376 - Knowledge - INFO - Fast-tracked /app/data/T0015/307413/b0002up/Hono/deploy/src/main/deploy/helm/templates/hono-adapter-kura/headless-svc.yaml (ext=.yaml, size=606)
2026-01-18 18:07:17,494 - Knowledge - INFO - process ingested knowledge for /app/data/T0015/307413/b0002up/Hono/legal/src/main/resources/legal/CDDL-1.0.txt
2026-01-18 18:07:17,602 - Knowledge - INFO - process ingested knowledge for /app/data/T0015/307413/b0002up/Hono/site/homepage/data/features/messaging_patterns.yaml
2026-01-18 18:07:17,672 - Knowledge - INFO - Progress: 63.0% | Files: 648/1010 | Rate: 1.65 files/sec | Queue: 296
2026-01-18 18:07:17,765 - Knowledge - INFO - Fast-tracked /app/data/T0015/307413/b0002up/Hono/deploy/src/main/deploy/example-device-identities.json (ext=.json, size=1001)
2026-01-18 18:07:17,846 - Knowledge - INFO - Async storage completed for 6 embeddings
2026-01-18 18:07:17,920 - Knowledge - INFO - process ingested knowledge for /app/data/T0015/307413/b0002up/Hono/site/homepage/content/_index.md
2026-01-18 18:07:18,000 - Knowledge - INFO - process ingested knowledge for /app/data/T0015/307413/b0002up/Hono/site/homepage/data/features/iot_protocols.yaml
2026-01-18 18:07:18,098 - Knowledge - INFO - process ingested knowledge for /app/data/T0015/307413/b0002up/Hono/site/homepage/content/thankyou.md
2026-01-18 18:07:18,180 - Knowledge - INFO - process ingested knowledge for /app/data/T0015/307413/b0002up/Hono/site/homepage/static/js/front.js
2026-01-18 18:07:18,296 - Knowledge - INFO - process ingested knowledge for /app/data/T0015/307413/b0002up/Hono/site/homepage/content/faq.md
2026-01-18 18:07:18,385 - Knowledge - INFO - process ingested knowledge for /app/data/T0015/307413/b0002up/Hono/legal/src/main/resources/legal/LICENSE.slf4j.txt
2026-01-18 18:07:18,491 - Knowledge - INFO - Processing batch of 6 files
2026-01-18 18:07:18,583 - Knowledge - INFO - Async storage completed for 8 embeddings
2026-01-18 18:07:18,665 - Knowledge - INFO - Worker kw14 processing /app/data/T0015/307413/b0002up/Hono/legal/pom.xml
2026-01-18 18:07:18,783 - Knowledge - INFO - Async storage completed for 8 embeddings
2026-01-18 18:07:18,860 - Knowledge - INFO - Worker kw2 processing /app/data/T0015/307413/b0002up/Hono/deploy/src/main/deploy/helm/Chart.yaml
2026-01-18 18:07:18,947 - Knowledge - INFO - Worker kw11 processing /app/data/T0015/307413/b0002up/Hono/deploy/src/main/deploy/helm/templates/hono-service-device-connection/headless-svc.yaml
2026-01-18 18:07:19,025 - Knowledge - INFO - Worker kw7 processing /app/data/T0015/307413/b0002up/Hono/deploy/src/main/deploy/helm/templates/hono-adapter-coap/hono-adapter-coap-vertx-deployment.yaml
2026-01-18 18:07:19,130 - Knowledge - INFO - Fast-tracked /app/data/T0015/307413/b0002up/Hono/deploy/src/main/config/grafana/dashboard-definitions/jvm-details.json (ext=.json, size=25702)
2026-01-18 18:07:19,209 - Knowledge - INFO - Worker kw10 processing /app/data/T0015/307413/b0002up/Hono/deploy/src/main/deploy/helm/templates/hono-adapter-kura/hono-adapter-kura-sec-route.yaml
2026-01-18 18:07:19,299 - Knowledge - INFO - process ingested knowledge for /app/data/T0015/307413/b0002up/Hono/legal/src/main/resources/legal/NOTICE.md
2026-01-18 18:07:19,375 - Knowledge - INFO - process ingested knowledge for /app/data/T0015/307413/b0002up/Hono/site/homepage/layouts/partials/nav.html
2026-01-18 18:07:19,494 - Knowledge - INFO - [kw9] Queue=296, InProgress=0, PendingWorkers=20/20, Completed=654/1010 (64.8%)
2026-01-18 18:07:19,576 - Knowledge - INFO - Worker kw1 processing /app/data/T0015/307413/b0002up/Hono/deploy/src/main/deploy/openshift/README.md
2026-01-18 18:07:19,655 - Knowledge - INFO - Processing batch of 6 files
2026-01-18 18:07:19,739 - Knowledge - INFO - process ingested knowledge for /app/data/T0015/307413/b0002up/Hono/site/homepage/content/sandbox.md
2026-01-18 18:07:20,308 - Knowledge - INFO - process ingested knowledge for /app/data/T0015/307413/b0002up/Hono/legal/src/main/resources/legal/license/LICENSE.jbzip2.txt
2026-01-18 18:07:20,321 - Knowledge - INFO - process ingested knowledge for /app/data/T0015/307413/b0002up/Hono/site/readme.md
2026-01-18 18:07:20,469 - Knowledge - INFO - process ingested knowledge for /app/data/T0015/307413/b0002up/Hono/legal/src/main/resources/legal/LICENSE.JUL-to-SLF4J.txt
2026-01-18 18:07:20,515 - Knowledge - INFO - Fast-tracked /app/data/T0015/307413/b0002up/Hono/legal/pom.xml (ext=.xml, size=1168)
2026-01-18 18:07:20,691 - Knowledge - INFO - Fast-tracked /app/data/T0015/307413/b0002up/Hono/deploy/src/main/deploy/helm/Chart.yaml (ext=.yaml, size=783)
2026-01-18 18:07:20,768 - Knowledge - INFO - Fast-tracked /app/data/T0015/307413/b0002up/Hono/deploy/src/main/deploy/helm/templates/hono-service-device-connection/headless-svc.yaml (ext=.yaml, size=642)
2026-01-18 18:07:20,861 - Knowledge - INFO - Fast-tracked /app/data/T0015/307413/b0002up/Hono/deploy/src/main/deploy/helm/templates/hono-adapter-coap/hono-adapter-coap-vertx-deployment.yaml (ext=.yaml, size=2585)
2026-01-18 18:07:20,881 - Knowledge - INFO - Processing batch of 6 files
2026-01-18 18:07:20,882 - Knowledge - INFO - [WEBSOCKET] Sent: Type=progress_update, Size: 291, Duration: 0ms
2026-01-18 18:07:20,945 - Knowledge - INFO - Worker kw3 processing /app/data/T0015/307413/b0002up/Hono/deploy/src/main/config/grafana/dashboard-definitions/overview.json
2026-01-18 18:07:21,063 - Knowledge - INFO - Fast-tracked /app/data/T0015/307413/b0002up/Hono/deploy/src/main/deploy/helm/templates/hono-adapter-kura/hono-adapter-kura-sec-route.yaml (ext=.yaml, size=812)
2026-01-18 18:07:21,235 - Knowledge - INFO - process ingested knowledge for /app/data/T0015/307413/b0002up/Hono/legal/src/main/resources/legal/LICENSE.txt
2026-01-18 18:07:21,236 - Knowledge - INFO - process ingested knowledge for /app/data/T0015/307413/b0002up/Hono/site/homepage/layouts/partials/footer.html
2026-01-18 18:07:21,333 - Knowledge - INFO - Batch sizing: calculated=6, max_allowed=10, queue=296, active_workers=20/20
2026-01-18 18:07:21,402 - Knowledge - INFO - Fast-tracked /app/data/T0015/307413/b0002up/Hono/deploy/src/main/deploy/openshift/README.md (ext=.md, size=217)
2026-01-18 18:07:21,481 - Knowledge - INFO - process ingested knowledge for /app/data/T0015/307413/b0002up/Hono/legal/src/main/resources/legal/license/LICENSE.lzma-java.txt
2026-01-18 18:07:21,589 - Knowledge - INFO - process ingested knowledge for /app/data/T0015/307413/b0002up/Hono/site/homepage/content/community/road-map.md
2026-01-18 18:07:21,701 - Knowledge - INFO - process ingested knowledge for /app/data/T0015/307413/b0002up/Hono/legal/src/main/resources/legal/license/LICENSE.compress-lzf.txt
2026-01-18 18:07:21,821 - Knowledge - INFO - process ingested knowledge for /app/data/T0015/307413/b0002up/Hono/site/build-site.sh
2026-01-18 18:07:21,931 - Knowledge - INFO - process ingested knowledge for /app/data/T0015/307413/b0002up/Hono/legal/src/main/resources/legal/LICENSE-2.0.txt
2026-01-18 18:07:22,056 - Knowledge - INFO - Async storage completed for 6 embeddings
2026-01-18 18:07:22,164 - Knowledge - INFO - Worker kw2 processing /app/data/T0015/307413/b0002up/Hono/deploy/src/main/deploy/helm/templates/grafana/grafana-datasource-secret.yaml
2026-01-18 18:07:22,284 - Knowledge - INFO - Worker kw11 processing /app/data/T0015/307413/b0002up/Hono/deploy/src/main/deploy/helm/templates/hono-service-device-connection/hono-service-device-connection-deployment.yaml
2026-01-18 18:07:22,387 - Knowledge - INFO - Worker kw7 processing /app/data/T0015/307413/b0002up/Hono/deploy/src/main/deploy/helm/templates/hono-adapter-kura/hono-adapter-kura-svc.yaml
2026-01-18 18:07:22,493 - Knowledge - INFO - process ingested knowledge for /app/data/T0015/307413/b0002up/Hono/legal/src/main/resources/legal/license/LICENSE.hpack.txt
2026-01-18 18:07:22,599 - Knowledge - INFO - Processing batch of 6 files
2026-01-18 18:07:22,601 - Knowledge - INFO - [WEBSOCKET] Sent: Type=unknown, Size: ?, Duration: 1719ms
2026-01-18 18:07:22,681 - Knowledge - INFO - Fast-tracked /app/data/T0015/307413/b0002up/Hono/deploy/src/main/config/grafana/dashboard-definitions/overview.json (ext=.json, size=28966)
2026-01-18 18:07:22,761 - Knowledge - INFO - Worker kw10 processing /app/data/T0015/307413/b0002up/Hono/deploy/src/main/deploy/helm/templates/hono-adapter-kura/hono-adapter-kura-route.yaml
2026-01-18 18:07:22,847 - Knowledge - INFO - process ingested knowledge for /app/data/T0015/307413/b0002up/Hono/legal/src/main/resources/legal/NOTICE.Spring.txt
2026-01-18 18:07:22,928 - Knowledge - INFO - process ingested knowledge for /app/data/T0015/307413/b0002up/Hono/site/homepage/layouts/partials/head.html
2026-01-18 18:07:23,130 - Knowledge - INFO - Worker kw1 processing /app/data/T0015/307413/b0002up/Hono/deploy/src/main/deploy/helm/profileJaegerBackend.yaml
2026-01-18 18:07:23,206 - Knowledge - INFO - process ingested knowledge for /app/data/T0015/307413/b0002up/Hono/legal/src/main/resources/legal/license/LICENSE.slf4j.txt
2026-01-18 18:07:23,370 - Knowledge - INFO - process ingested knowledge for /app/data/T0015/307413/b0002up/Hono/legal/src/main/resources/legal/license/LICENSE.jsr166y.txt
2026-01-18 18:07:23,700 - Knowledge - INFO - Fast-tracked /app/data/T0015/307413/b0002up/Hono/deploy/src/main/deploy/helm/templates/grafana/grafana-datasource-secret.yaml (ext=.yaml, size=1181)
2026-01-18 18:07:23,823 - Knowledge - INFO - Fast-tracked /app/data/T0015/307413/b0002up/Hono/deploy/src/main/deploy/helm/templates/hono-service-device-connection/hono-service-device-connection-deployment.yaml (ext=.yaml, size=2646)
2026-01-18 18:07:23,932 - Knowledge - INFO - Fast-tracked /app/data/T0015/307413/b0002up/Hono/deploy/src/main/deploy/helm/templates/hono-adapter-kura/hono-adapter-kura-svc.yaml (ext=.yaml, size=1248)
2026-01-18 18:07:24,137 - Knowledge - INFO - process ingested knowledge for /app/data/T0015/307413/b0002up/Hono/legal/src/main/resources/legal/license/LICENSE.aalto-xml.txt
2026-01-18 18:07:24,155 - Knowledge - INFO - process ingested knowledge for /app/data/T0015/307413/b0002up/Hono/legal/src/main/resources/legal/license/LICENSE.jfastlz.txt
2026-01-18 18:07:24,238 - Knowledge - INFO - Progress: 66.3% | Files: 678/1010 | Rate: 1.70 files/sec | Queue: 290
2026-01-18 18:07:24,241 - Knowledge - INFO - Processing batch of 6 files
2026-01-18 18:07:24,241 - Knowledge - INFO - Async storing batch of 8 embeddings
2026-01-18 18:07:24,352 - Knowledge - INFO - Async storage completed for 6 embeddings
2026-01-18 18:07:24,368 - Knowledge - INFO - [kw4] Queue=290, InProgress=0, PendingWorkers=20/20, Completed=678/1010 (67.1%)
2026-01-18 18:07:24,439 - Knowledge - INFO - Fast-tracked /app/data/T0015/307413/b0002up/Hono/deploy/src/main/deploy/helm/templates/hono-adapter-kura/hono-adapter-kura-route.yaml (ext=.yaml, size=772)
2026-01-18 18:07:24,450 - Knowledge - INFO - [kw5] Queue=290, InProgress=0, PendingWorkers=20/20, Completed=678/1010 (67.1%)
2026-01-18 18:07:24,451 - Knowledge - INFO - [kw15] Queue=290, InProgress=0, PendingWorkers=20/20, Completed=678/1010 (67.1%)
2026-01-18 18:07:24,527 - Knowledge - INFO - [kw19] Queue=290, InProgress=0, PendingWorkers=20/20, Completed=678/1010 (67.1%)
2026-01-18 18:07:24,538 - Knowledge - INFO - process ingested knowledge for /app/data/T0015/307413/b0002up/Hono/legal/src/main/resources/legal/NOTICE.Metrics.txt
2026-01-18 18:07:24,648 - Knowledge - INFO - [kw6] Queue=290, InProgress=0, PendingWorkers=20/20, Completed=678/1010 (67.1%)
2026-01-18 18:07:24,660 - Knowledge - INFO - process ingested knowledge for /app/data/T0015/307413/b0002up/Hono/site/homepage/layouts/partials/clients.html
2026-01-18 18:07:24,766 - Knowledge - INFO - Fast-tracked /app/data/T0015/307413/b0002up/Hono/deploy/src/main/deploy/helm/profileJaegerBackend.yaml (ext=.yaml, size=433)
2026-01-18 18:07:24,844 - Knowledge - INFO - process ingested knowledge for /app/data/T0015/307413/b0002up/Hono/legal/src/main/resources/legal/license/LICENSE.commons-lang.txt
2026-01-18 18:07:24,936 - Knowledge - INFO - process ingested knowledge for /app/data/T0015/307413/b0002up/Hono/legal/src/main/resources/legal/license/LICENSE.base64.txt
2026-01-18 18:07:25,016 - Knowledge - INFO - Worker kw2 processing /app/data/T0015/307413/b0002up/Hono/deploy/src/main/deploy/helm/templates/grafana/grafana-dashboard-configmap.yaml
2026-01-18 18:07:25,141 - Knowledge - INFO - Worker kw11 processing /app/data/T0015/307413/b0002up/Hono/deploy/src/main/deploy/helm/templates/prometheus/prometheus-config.yaml
2026-01-18 18:07:25,224 - Knowledge - INFO - Worker kw7 processing /app/data/T0015/307413/b0002up/Hono/deploy/src/main/deploy/helm/templates/hono-adapter-kura/hono-adapter-kura-secret.yaml
2026-01-18 18:07:25,313 - Knowledge - INFO - process ingested knowledge for /app/data/T0015/307413/b0002up/Hono/legal/src/main/resources/legal/license/LICENSE.mvn-wrapper.txt
2026-01-18 18:07:25,392 - Knowledge - INFO - process ingested knowledge for /app/data/T0015/307413/b0002up/Hono/legal/src/main/resources/legal/license/LICENSE.bouncycastle.txt
2026-01-18 18:07:25,512 - Knowledge - INFO - [kw18] Queue=290, InProgress=0, PendingWorkers=20/20, Completed=678/1010 (67.1%)
2026-01-18 18:07:25,586 - Knowledge - INFO - process ingested knowledge for /app/data/T0015/307413/b0002up/Hono/legal/src/main/resources/legal/license/LICENSE.log4j.txt
2026-01-18 18:07:25,672 - Knowledge - INFO - Worker kw9 processing /app/data/T0015/307413/b0002up/Hono/deploy/src/main/deploy/helm/templates/example-data-grid/configmap.yaml
2026-01-18 18:07:25,765 - Knowledge - INFO - Processing batch of 6 files
2026-01-18 18:07:25,847 - Knowledge - INFO - Batch sizing: calculated=6, max_allowed=10, queue=290, active_workers=20/20
2026-01-18 18:07:25,966 - Knowledge - INFO - Worker kw10 processing /app/data/T0015/307413/b0002up/Hono/deploy/src/main/deploy/helm/templates/example-data-grid/service.yaml
2026-01-18 18:07:26,078 - Knowledge - INFO - Batch sizing: calculated=6, max_allowed=10, queue=290, active_workers=20/20
2026-01-18 18:07:26,158 - Knowledge - INFO - Batch sizing: calculated=6, max_allowed=10, queue=290, active_workers=20/20
2026-01-18 18:07:26,275 - Knowledge - INFO - Batch sizing: calculated=6, max_allowed=10, queue=290, active_workers=20/20
2026-01-18 18:07:26,373 - Knowledge - INFO - process ingested knowledge for /app/data/T0015/307413/b0002up/Hono/legal/src/main/resources/legal/license/LICENSE.protobuf.txt
2026-01-18 18:07:26,461 - Knowledge - INFO - Batch sizing: calculated=6, max_allowed=10, queue=290, active_workers=20/20
2026-01-18 18:07:26,544 - Knowledge - INFO - process ingested knowledge for /app/data/T0015/307413/b0002up/Hono/site/homepage/layouts/partials/scripts.html
2026-01-18 18:07:26,628 - Knowledge - INFO - Worker kw1 processing /app/data/T0015/307413/b0002up/Hono/deploy/src/main/deploy/helm/profileDataGrid.yaml
2026-01-18 18:07:26,708 - Knowledge - INFO - process ingested knowledge for /app/data/T0015/307413/b0002up/Hono/legal/src/main/resources/legal/license/LICENSE.snappy.txt
2026-01-18 18:07:26,784 - Knowledge - INFO - process ingested knowledge for /app/data/T0015/307413/b0002up/Hono/legal/src/main/resources/legal/license/NOTICE.harmony.txt
2026-01-18 18:07:26,868 - Knowledge - INFO - Fast-tracked /app/data/T0015/307413/b0002up/Hono/deploy/src/main/deploy/helm/templates/grafana/grafana-dashboard-configmap.yaml (ext=.yaml, size=986)
2026-01-18 18:07:26,986 - Knowledge - INFO - Fast-tracked /app/data/T0015/307413/b0002up/Hono/deploy/src/main/deploy/helm/templates/prometheus/prometheus-config.yaml (ext=.yaml, size=2165)
2026-01-18 18:07:27,066 - Knowledge - INFO - Fast-tracked /app/data/T0015/307413/b0002up/Hono/deploy/src/main/deploy/helm/templates/hono-adapter-kura/hono-adapter-kura-secret.yaml (ext=.yaml, size=1752)
2026-01-18 18:07:27,186 - Knowledge - INFO - process ingested knowledge for /app/data/T0015/307413/b0002up/Hono/legal/src/main/resources/legal/license/LICENSE.lz4.txt
2026-01-18 18:07:27,272 - Knowledge - INFO - process ingested knowledge for /app/data/T0015/307413/b0002up/Hono/legal/src/main/resources/legal/license/LICENSE.hyper-hpack.txt
2026-01-18 18:07:27,377 - Knowledge - INFO - Batch sizing: calculated=6, max_allowed=10, queue=290, active_workers=20/20
2026-01-18 18:07:27,500 - Knowledge - INFO - process ingested knowledge for /app/data/T0015/307413/b0002up/Hono/legal/src/main/resources/legal/license/LICENSE.caliper.txt
2026-01-18 18:07:27,593 - Knowledge - INFO - Fast-tracked /app/data/T0015/307413/b0002up/Hono/deploy/src/main/deploy/helm/templates/example-data-grid/configmap.yaml (ext=.yaml, size=28613)
2026-01-18 18:07:27,667 - Knowledge - INFO - process ingested knowledge for /app/data/T0015/307413/b0002up/Hono/eclipse/hono-code-style.xml
2026-01-18 18:07:27,748 - Knowledge - INFO - Async storing batch of 6 embeddings
2026-01-18 18:07:27,836 - Knowledge - INFO - Fast-tracked /app/data/T0015/307413/b0002up/Hono/deploy/src/main/deploy/helm/templates/example-data-grid/service.yaml (ext=.yaml, size=879)
2026-01-18 18:07:27,915 - Knowledge - INFO - Async storing batch of 6 embeddings
2026-01-18 18:07:28,011 - Knowledge - INFO - Async storing batch of 6 embeddings
2026-01-18 18:07:28,080 - Knowledge - INFO - Async storing batch of 6 embeddings
2026-01-18 18:07:28,242 - Knowledge - INFO - Async storing batch of 6 embeddings
2026-01-18 18:07:28,451 - Knowledge - INFO - Fast-tracked /app/data/T0015/307413/b0002up/Hono/deploy/src/main/deploy/helm/profileDataGrid.yaml (ext=.yaml, size=470)
2026-01-18 18:07:28,609 - Knowledge - INFO - process ingested knowledge for /app/data/T0015/307413/b0002up/Hono/legal/src/main/resources/legal/license/LICENSE.jzlib.txt
2026-01-18 18:07:28,733 - Knowledge - INFO - process ingested knowledge for /app/data/T0015/307413/b0002up/Hono/legal/src/main/resources/legal/license/LICENSE.webbit.txt
2026-01-18 18:07:28,758 - Knowledge - INFO - Worker kw2 processing /app/data/T0015/307413/b0002up/Hono/deploy/src/main/deploy/helm/templates/hono-service-device-connection/hono-service-device-connection-secret.yaml
2026-01-18 18:07:28,848 - Knowledge - INFO - Worker kw11 processing /app/data/T0015/307413/b0002up/Hono/deploy/src/main/deploy/helm/templates/hono-adapter-coap/hono-adapter-coap-vertx-secret.yaml
2026-01-18 18:07:28,934 - Knowledge - INFO - [kw17] Queue=260, InProgress=0, PendingWorkers=20/20, Completed=684/1010 (67.7%)
2026-01-18 18:07:28,956 - Knowledge - INFO - Worker kw7 processing /app/data/T0015/307413/b0002up/Hono/deploy/src/main/deploy/helm/templates/hono-adapter-kura/hono-adapter-kura-deployment.yaml
2026-01-18 18:07:29,052 - Knowledge - INFO - [kw20] Queue=260, InProgress=0, PendingWorkers=20/20, Completed=684/1010 (67.7%)
2026-01-18 18:07:29,070 - Knowledge - INFO - process ingested knowledge for /app/data/T0015/307413/b0002up/Hono/legal/src/main/resources/legal/license/LICENSE.jctools.txt
2026-01-18 18:07:29,151 - Knowledge - INFO - process ingested knowledge for /app/data/T0015/307413/b0002up/Hono/legal/src/main/resources/legal/license/LICENSE.libdivsufsort.txt
2026-01-18 18:07:29,283 - Knowledge - INFO - Async storing batch of 6 embeddings
2026-01-18 18:07:29,360 - Knowledge - INFO - process ingested knowledge for /app/data/T0015/307413/b0002up/Hono/legal/src/main/resources/legal/NOTICE.Jackson.txt
2026-01-18 18:07:29,455 - Knowledge - INFO - Worker kw9 processing /app/data/T0015/307413/b0002up/Hono/deploy/src/main/deploy/helm/templates/dispatch-router/dispatch-router-svc.yaml
2026-01-18 18:07:29,547 - Knowledge - INFO - process ingested knowledge for /app/data/T0015/307413/b0002up/Hono/eclipse/hono-clean-up-profile.xml
2026-01-18 18:07:29,627 - Knowledge - INFO - Worker kw4 processing /app/data/T0015/307413/b0002up/Hono/deploy/src/main/deploy/helm/templates/dispatch-router/dispatch-router-deployment.yaml
2026-01-18 18:07:29,717 - Knowledge - INFO - Worker kw10 processing /app/data/T0015/307413/b0002up/Hono/deploy/src/main/deploy/helm/templates/example-data-grid/roles.yaml
2026-01-18 18:07:29,839 - Knowledge - INFO - Worker kw5 processing /app/data/T0015/307413/b0002up/Hono/deploy/src/main/deploy/helm/templates/hono-adapter-amqp/hono-adapter-amqp-vertx-svc.yaml
2026-01-18 18:07:29,910 - Knowledge - INFO - Worker kw15 processing /app/data/T0015/307413/b0002up/Hono/deploy/src/main/deploy/helm/templates/hono-service-auth/hono-service-auth-route.yaml
2026-01-18 18:07:29,992 - Knowledge - INFO - Worker kw19 processing /app/data/T0015/307413/b0002up/Hono/deploy/src/main/deploy/helm/templates/hono-adapter-mqtt/hono-adapter-mqtt-vertx-deployment.yaml
2026-01-18 18:07:30,063 - Knowledge - INFO - Worker kw6 processing /app/data/T0015/307413/b0002up/Hono/deploy/src/main/deploy/helm/templates/hono-service-device-registry/hono-service-device-registry-https-route.yaml
2026-01-18 18:07:30,154 - Knowledge - INFO - Async storage completed for 8 embeddings
2026-01-18 18:07:30,235 - Knowledge - INFO - process ingested knowledge for /app/data/T0015/307413/b0002up/Hono/legal/src/main/resources/legal/license/LICENSE.nghttp2-hpack.txt
2026-01-18 18:07:30,464 - Knowledge - INFO - Fast-tracked /app/data/T0015/307413/b0002up/Hono/deploy/src/main/deploy/helm/templates/hono-service-device-connection/hono-service-device-connection-secret.yaml (ext=.yaml, size=3144)
2026-01-18 18:07:30,564 - Knowledge - INFO - Fast-tracked /app/data/T0015/307413/b0002up/Hono/deploy/src/main/deploy/helm/templates/hono-adapter-coap/hono-adapter-coap-vertx-secret.yaml (ext=.yaml, size=1619)
2026-01-18 18:07:30,645 - Knowledge - INFO - Batch sizing: calculated=6, max_allowed=10, queue=260, active_workers=20/20
2026-01-18 18:07:30,727 - Knowledge - INFO - Fast-tracked /app/data/T0015/307413/b0002up/Hono/deploy/src/main/deploy/helm/templates/hono-adapter-kura/hono-adapter-kura-deployment.yaml (ext=.yaml, size=2572)
2026-01-18 18:07:30,817 - Knowledge - INFO - Batch sizing: calculated=6, max_allowed=10, queue=260, active_workers=20/20
2026-01-18 18:07:30,907 - Knowledge - INFO - process ingested knowledge for /app/data/T0015/307413/b0002up/Hono/legal/src/main/resources/legal/license/LICENSE.harmony.txt
2026-01-18 18:07:30,924 - Knowledge - INFO - [kw16] Queue=254, InProgress=0, PendingWorkers=20/20, Completed=684/1010 (67.7%)
2026-01-18 18:07:30,989 - Knowledge - INFO - process ingested knowledge for /app/data/T0015/307413/b0002up/Hono/legal/src/main/resources/legal/license/LICENSE.commons-logging.txt
2026-01-18 18:07:31,079 - Knowledge - INFO - Worker kw18 processing /app/data/T0015/307413/b0002up/Hono/deploy/src/main/deploy/helm/templates/hono-service-device-registry/hono-service-device-registry-http-route.yaml
2026-01-18 18:07:31,158 - Knowledge - INFO - process ingested knowledge for /app/data/T0015/307413/b0002up/Hono/legal/src/main/resources/checkstyle/default.xml
2026-01-18 18:07:31,272 - Knowledge - INFO - Fast-tracked /app/data/T0015/307413/b0002up/Hono/deploy/src/main/deploy/helm/templates/dispatch-router/dispatch-router-svc.yaml (ext=.yaml, size=791)
2026-01-18 18:07:31,362 - Knowledge - INFO - process ingested knowledge for /app/data/T0015/307413/b0002up/Hono/deploy/src/main/assembly/chart.xml
2026-01-18 18:07:31,444 - Knowledge - INFO - Fast-tracked /app/data/T0015/307413/b0002up/Hono/deploy/src/main/deploy/helm/templates/dispatch-router/dispatch-router-deployment.yaml (ext=.yaml, size=2225)
2026-01-18 18:07:31,534 - Knowledge - INFO - Fast-tracked /app/data/T0015/307413/b0002up/Hono/deploy/src/main/deploy/helm/templates/example-data-grid/roles.yaml (ext=.yaml, size=1258)
2026-01-18 18:07:31,617 - Knowledge - INFO - Fast-tracked /app/data/T0015/307413/b0002up/Hono/deploy/src/main/deploy/helm/templates/hono-adapter-amqp/hono-adapter-amqp-vertx-svc.yaml (ext=.yaml, size=1197)
2026-01-18 18:07:31,723 - Knowledge - INFO - Fast-tracked /app/data/T0015/307413/b0002up/Hono/deploy/src/main/deploy/helm/templates/hono-service-auth/hono-service-auth-route.yaml (ext=.yaml, size=774)
2026-01-18 18:07:31,821 - Knowledge - INFO - Fast-tracked /app/data/T0015/307413/b0002up/Hono/deploy/src/main/deploy/helm/templates/hono-adapter-mqtt/hono-adapter-mqtt-vertx-deployment.yaml (ext=.yaml, size=2540)
2026-01-18 18:07:31,893 - Knowledge - INFO - Fast-tracked /app/data/T0015/307413/b0002up/Hono/deploy/src/main/deploy/helm/templates/hono-service-device-registry/hono-service-device-registry-https-route.yaml (ext=.yaml, size=859)
2026-01-18 18:07:31,977 - Knowledge - INFO - Processing batch of 6 files
2026-01-18 18:07:32,147 - Knowledge - INFO - Async storage completed for 6 embeddings
2026-01-18 18:07:32,240 - Knowledge - INFO - Async storage completed for 6 embeddings
2026-01-18 18:07:32,364 - Knowledge - INFO - Async storing batch of 6 embeddings
2026-01-18 18:07:32,447 - Knowledge - INFO - Async storage completed for 6 embeddings
2026-01-18 18:07:32,565 - Knowledge - INFO - Async storing batch of 6 embeddings
2026-01-18 18:07:32,713 - Knowledge - INFO - [kw13] Queue=242, InProgress=0, PendingWorkers=20/20, Completed=690/1010 (68.3%)
2026-01-18 18:07:32,746 - Knowledge - INFO - Batch sizing: calculated=6, max_allowed=10, queue=254, active_workers=20/20
2026-01-18 18:07:32,832 - Knowledge - INFO - process ingested knowledge for /app/data/T0015/307413/b0002up/Hono/legal/src/main/resources/legal/license/LICENSE.jboss-marshalling.txt
2026-01-18 18:07:32,913 - Knowledge - INFO - Fast-tracked /app/data/T0015/307413/b0002up/Hono/deploy/src/main/deploy/helm/templates/hono-service-device-registry/hono-service-device-registry-http-route.yaml (ext=.yaml, size=822)
2026-01-18 18:07:33,016 - Knowledge - INFO - process ingested knowledge for /app/data/T0015/307413/b0002up/Hono/legal/src/main/resources/checkstyle/suppressions.xml
2026-01-18 18:07:33,102 - Knowledge - INFO - Worker kw9 processing /app/data/T0015/307413/b0002up/Hono/deploy/src/main/deploy/helm/templates/dispatch-router/dispatch-router-secret.yaml
2026-01-18 18:07:33,196 - Knowledge - INFO - process ingested knowledge for /app/data/T0015/307413/b0002up/Hono/deploy/src/main/config/grafana/dashboard-definitions/message-details.json
2026-01-18 18:07:33,235 - Knowledge - INFO - [kw8] Queue=242, InProgress=0, PendingWorkers=20/20, Completed=690/1010 (68.3%)
2026-01-18 18:07:33,313 - Knowledge - INFO - Worker kw4 processing /app/data/T0015/307413/b0002up/Hono/deploy/src/main/deploy/helm/templates/dispatch-router/dispatch-router-route.yaml
2026-01-18 18:07:33,392 - Knowledge - INFO - Worker kw10 processing /app/data/T0015/307413/b0002up/Hono/deploy/src/main/deploy/helm/templates/example-data-grid/statefulset.yaml
2026-01-18 18:07:33,483 - Knowledge - INFO - Worker kw5 processing /app/data/T0015/307413/b0002up/Hono/deploy/src/main/deploy/helm/templates/hono-adapter-amqp/hono-adapter-amqp-vertx-route.yaml
2026-01-18 18:07:33,563 - Knowledge - INFO - Worker kw15 processing /app/data/T0015/307413/b0002up/Hono/deploy/src/main/deploy/helm/templates/hono-service-auth/hono-service-auth-secret.yaml
2026-01-18 18:07:33,644 - Knowledge - INFO - Worker kw19 processing /app/data/T0015/307413/b0002up/Hono/deploy/src/main/deploy/helm/templates/hono-adapter-mqtt/hono-adapter-mqtt-vertx-svc.yaml
2026-01-18 18:07:33,732 - Knowledge - INFO - Worker kw6 processing /app/data/T0015/307413/b0002up/Hono/deploy/src/main/deploy/helm/templates/hono-service-device-registry/hono-service-device-registry-amqps-route.yaml
2026-01-18 18:07:33,840 - Knowledge - INFO - process ingested knowledge for /app/data/T0015/307413/b0002up/Hono/deploy/src/main/config/artemis/artemis-broker.xml
2026-01-18 18:07:33,965 - Knowledge - INFO - Processing batch of 6 files
2026-01-18 18:07:34,045 - Knowledge - INFO - Processing batch of 6 files
2026-01-18 18:07:34,127 - Knowledge - INFO - Worker kw17 processing /app/data/T0015/307413/b0002up/Hono/deploy/src/main/deploy/helm/templates/hono-adapter-lora/hono-adapter-lora-vertx-deployment.yaml
2026-01-18 18:07:34,208 - Knowledge - INFO - Processing batch of 6 files
2026-01-18 18:07:34,334 - Knowledge - INFO - Worker kw20 processing /app/data/T0015/307413/b0002up/Hono/deploy/src/main/deploy/helm/templates/hono-adapter-http/hono-adapter-http-vertx-route.yaml
2026-01-18 18:07:34,418 - Knowledge - INFO - Batch sizing: calculated=6, max_allowed=10, queue=242, active_workers=20/20
2026-01-18 18:07:34,499 - Knowledge - INFO - Async storing batch of 6 embeddings
2026-01-18 18:07:34,702 - Knowledge - INFO - Worker kw18 processing /app/data/T0015/307413/b0002up/Hono/deploy/src/main/deploy/helm/templates/artemis/artemis-deployment.yaml
2026-01-18 18:07:34,840 - Knowledge - INFO - process ingested knowledge for /app/data/T0015/307413/b0002up/Hono/legal/pom.xml
2026-01-18 18:07:34,921 - Knowledge - INFO - Fast-tracked /app/data/T0015/307413/b0002up/Hono/deploy/src/main/deploy/helm/templates/dispatch-router/dispatch-router-secret.yaml (ext=.yaml, size=1191)
2026-01-18 18:07:35,037 - Knowledge - INFO - process ingested knowledge for /app/data/T0015/307413/b0002up/Hono/deploy/src/main/config/grafana/dashboard-definitions/jvm-details.json
2026-01-18 18:07:35,099 - Knowledge - INFO - Batch sizing: calculated=6, max_allowed=10, queue=242, active_workers=20/20
2026-01-18 18:07:35,150 - Knowledge - INFO - [WEBSOCKET] Sent: Type=progress_update, Size: 294, Duration: 0ms
2026-01-18 18:07:35,180 - Knowledge - INFO - Fast-tracked /app/data/T0015/307413/b0002up/Hono/deploy/src/main/deploy/helm/templates/dispatch-router/dispatch-router-route.yaml (ext=.yaml, size=831)
2026-01-18 18:07:35,298 - Knowledge - INFO - Fast-tracked /app/data/T0015/307413/b0002up/Hono/deploy/src/main/deploy/helm/templates/example-data-grid/statefulset.yaml (ext=.yaml, size=2777)
2026-01-18 18:07:35,383 - Knowledge - INFO - Fast-tracked /app/data/T0015/307413/b0002up/Hono/deploy/src/main/deploy/helm/templates/hono-adapter-amqp/hono-adapter-amqp-vertx-route.yaml (ext=.yaml, size=755)
2026-01-18 18:07:35,469 - Knowledge - INFO - Fast-tracked /app/data/T0015/307413/b0002up/Hono/deploy/src/main/deploy/helm/templates/hono-service-auth/hono-service-auth-secret.yaml (ext=.yaml, size=1885)
2026-01-18 18:07:35,569 - Knowledge - INFO - Fast-tracked /app/data/T0015/307413/b0002up/Hono/deploy/src/main/deploy/helm/templates/hono-adapter-mqtt/hono-adapter-mqtt-vertx-svc.yaml (ext=.yaml, size=1209)
2026-01-18 18:07:35,690 - Knowledge - INFO - Fast-tracked /app/data/T0015/307413/b0002up/Hono/deploy/src/main/deploy/helm/templates/hono-service-device-registry/hono-service-device-registry-amqps-route.yaml (ext=.yaml, size=859)
2026-01-18 18:07:35,817 - Knowledge - INFO - process ingested knowledge for /app/data/T0015/307413/b0002up/Hono/deploy/src/main/config/artemis/artemis-bootstrap.xml
2026-01-18 18:07:35,946 - Knowledge - INFO - process ingested knowledge for /app/data/T0015/307413/b0002up/Hono/deploy/src/main/deploy/helm/values.yaml
2026-01-18 18:07:36,053 - Knowledge - INFO - process ingested knowledge for /app/data/T0015/307413/b0002up/Hono/deploy/src/main/deploy/helm/templates/hono-service-device-connection/hono-service-device-connection-svc.yaml
2026-01-18 18:07:36,140 - Knowledge - INFO - Fast-tracked /app/data/T0015/307413/b0002up/Hono/deploy/src/main/deploy/helm/templates/hono-adapter-lora/hono-adapter-lora-vertx-deployment.yaml (ext=.yaml, size=2585)
2026-01-18 18:07:36,244 - Knowledge - INFO - process ingested knowledge for /app/data/T0015/307413/b0002up/Hono/deploy/src/main/deploy/helm/templates/hono-adapter-coap/hono-adapter-coap-vertx-svc.yaml
2026-01-18 18:07:36,336 - Knowledge - INFO - Fast-tracked /app/data/T0015/307413/b0002up/Hono/deploy/src/main/deploy/helm/templates/hono-adapter-http/hono-adapter-http-vertx-route.yaml (ext=.yaml, size=755)
2026-01-18 18:07:36,534 - Knowledge - INFO - Worker kw16 processing /app/data/T0015/307413/b0002up/Hono/deploy/src/main/deploy/openshift_s2i/README.md
2026-01-18 18:07:36,624 - Knowledge - INFO - Fast-tracked /app/data/T0015/307413/b0002up/Hono/deploy/src/main/deploy/helm/templates/artemis/artemis-deployment.yaml (ext=.yaml, size=2204)
2026-01-18 18:07:36,711 - Knowledge - INFO - process ingested knowledge for /app/data/T0015/307413/b0002up/Hono/deploy/src/main/deploy/example-device-identities.json
2026-01-18 18:07:36,801 - Knowledge - INFO - Worker kw9 processing /app/data/T0015/307413/b0002up/Hono/deploy/src/main/deploy/helm/templates/dispatch-router/config/qrouterd-with-servicebus.yaml
2026-01-18 18:07:36,882 - Knowledge - INFO - process ingested knowledge for /app/data/T0015/307413/b0002up/Hono/deploy/src/main/config/grafana/dashboard-definitions/overview.json
2026-01-18 18:07:37,091 - Knowledge - INFO - Async storing batch of 6 embeddings
2026-01-18 18:07:37,092 - Knowledge - INFO - [WEBSOCKET] Sent: Type=unknown, Size: ?, Duration: 1942ms
2026-01-18 18:07:37,092 - Knowledge - INFO - Async storing batch of 6 embeddings
2026-01-18 18:07:37,167 - Knowledge - INFO - Worker kw4 processing /app/data/T0015/307413/b0002up/Hono/deploy/src/main/deploy/helm/templates/jaeger/jaeger-query-service.yaml
2026-01-18 18:07:37,303 - Knowledge - INFO - Async storage completed for 6 embeddings
2026-01-18 18:07:37,389 - Knowledge - INFO - Worker kw5 processing /app/data/T0015/307413/b0002up/Hono/deploy/src/main/deploy/helm/templates/hono-adapter-amqp/hono-adapter-amqp-vertx-sec-route.yaml
2026-01-18 18:07:37,480 - Knowledge - INFO - Worker kw15 processing /app/data/T0015/307413/b0002up/Hono/deploy/src/main/deploy/helm/templates/hono-service-auth/headless-svc.yaml
2026-01-18 18:07:37,606 - Knowledge - INFO - Worker kw19 processing /app/data/T0015/307413/b0002up/Hono/deploy/src/main/deploy/helm/templates/hono-adapter-mqtt/headless-svc.yaml
2026-01-18 18:07:37,698 - Knowledge - INFO - Worker kw6 processing /app/data/T0015/307413/b0002up/Hono/deploy/src/main/deploy/helm/templates/hono-service-device-registry/hono-service-device-registry-secret.yaml
2026-01-18 18:07:37,903 - Knowledge - INFO - process ingested knowledge for /app/data/T0015/307413/b0002up/Hono/deploy/src/main/deploy/helm/requirements.yaml
2026-01-18 18:07:38,012 - Knowledge - INFO - process ingested knowledge for /app/data/T0015/307413/b0002up/Hono/deploy/src/main/deploy/helm/templates/hono-service-device-connection/hono-service-device-connection-route.yaml
2026-01-18 18:07:38,091 - Knowledge - INFO - Worker kw17 processing /app/data/T0015/307413/b0002up/Hono/deploy/src/main/deploy/helm/templates/hono-adapter-lora/hono-adapter-lora-vertx-svc.yaml
2026-01-18 18:07:38,189 - Knowledge - INFO - process ingested knowledge for /app/data/T0015/307413/b0002up/Hono/deploy/src/main/deploy/helm/templates/hono-adapter-coap/headless-svc.yaml
2026-01-18 18:07:38,266 - Knowledge - INFO - Worker kw20 processing /app/data/T0015/307413/b0002up/Hono/deploy/src/main/deploy/helm/templates/hono-adapter-http/hono-adapter-http-vertx-sec-route.yaml
2026-01-18 18:07:38,366 - Knowledge - INFO - Fast-tracked /app/data/T0015/307413/b0002up/Hono/deploy/src/main/deploy/openshift_s2i/README.md (ext=.md, size=217)
2026-01-18 18:07:38,456 - Knowledge - INFO - Worker kw18 processing /app/data/T0015/307413/b0002up/Hono/deploy/src/main/deploy/helm/templates/artemis/artemis-secret.yaml
2026-01-18 18:07:38,526 - Knowledge - INFO - process ingested knowledge for /app/data/T0015/307413/b0002up/Hono/deploy/src/main/deploy/openshift/README.md
2026-01-18 18:07:38,622 - Knowledge - INFO - Fast-tracked /app/data/T0015/307413/b0002up/Hono/deploy/src/main/deploy/helm/templates/dispatch-router/config/qrouterd-with-servicebus.yaml (ext=.yaml, size=3855)
2026-01-18 18:07:38,777 - Knowledge - INFO - Worker kw13 processing /app/data/T0015/307413/b0002up/Hono/deploy/src/main/deploy/azure/arm/templates/kubernetesDeploy.json
2026-01-18 18:07:38,861 - Knowledge - INFO - Progress: 70.1% | Files: 708/1010 | Rate: 1.71 files/sec | Queue: 224
2026-01-18 18:07:38,943 - Knowledge - INFO - Worker kw8 processing /app/data/T0015/307413/b0002up/Hono/deploy/src/main/sandbox/grafana/provisioning/dashboards/filesystem-provisioner.yaml
2026-01-18 18:07:38,955 - Knowledge - INFO - [kw14] Queue=224, InProgress=0, PendingWorkers=20/20, Completed=708/1010 (70.1%)
2026-01-18 18:07:39,078 - Knowledge - INFO - Fast-tracked /app/data/T0015/307413/b0002up/Hono/deploy/src/main/deploy/helm/templates/jaeger/jaeger-query-service.yaml (ext=.yaml, size=1154)
2026-01-18 18:07:39,205 - Knowledge - INFO - Processing batch of 6 files
2026-01-18 18:07:39,255 - Knowledge - INFO - Fast-tracked /app/data/T0015/307413/b0002up/Hono/deploy/src/main/deploy/helm/templates/hono-adapter-amqp/hono-adapter-amqp-vertx-sec-route.yaml (ext=.yaml, size=796)
2026-01-18 18:07:39,345 - Knowledge - INFO - Fast-tracked /app/data/T0015/307413/b0002up/Hono/deploy/src/main/deploy/helm/templates/hono-service-auth/headless-svc.yaml (ext=.yaml, size=572)
2026-01-18 18:07:39,469 - Knowledge - INFO - [kw3] Queue=224, InProgress=0, PendingWorkers=20/20, Completed=714/1010 (70.7%)
2026-01-18 18:07:39,470 - Knowledge - INFO - Fast-tracked /app/data/T0015/307413/b0002up/Hono/deploy/src/main/deploy/helm/templates/hono-adapter-mqtt/headless-svc.yaml (ext=.yaml, size=584)
2026-01-18 18:07:39,552 - Knowledge - INFO - Fast-tracked /app/data/T0015/307413/b0002up/Hono/deploy/src/main/deploy/helm/templates/hono-service-device-registry/hono-service-device-registry-secret.yaml (ext=.yaml, size=3350)
2026-01-18 18:07:39,670 - Knowledge - INFO - process ingested knowledge for /app/data/T0015/307413/b0002up/Hono/deploy/src/main/deploy/helm/Chart.yaml
2026-01-18 18:07:39,795 - Knowledge - INFO - process ingested knowledge for /app/data/T0015/307413/b0002up/Hono/deploy/src/main/deploy/helm/templates/hono-service-device-connection/headless-svc.yaml
2026-01-18 18:07:39,910 - Knowledge - INFO - Fast-tracked /app/data/T0015/307413/b0002up/Hono/deploy/src/main/deploy/helm/templates/hono-adapter-lora/hono-adapter-lora-vertx-svc.yaml (ext=.yaml, size=1248)
2026-01-18 18:07:40,005 - Knowledge - INFO - process ingested knowledge for /app/data/T0015/307413/b0002up/Hono/deploy/src/main/deploy/helm/templates/hono-adapter-coap/hono-adapter-coap-vertx-deployment.yaml
2026-01-18 18:07:40,116 - Knowledge - INFO - Fast-tracked /app/data/T0015/307413/b0002up/Hono/deploy/src/main/deploy/helm/templates/hono-adapter-http/hono-adapter-http-vertx-sec-route.yaml (ext=.yaml, size=796)
2026-01-18 18:07:40,239 - Knowledge - INFO - Worker kw16 processing /app/data/T0015/307413/b0002up/Hono/deploy/src/main/deploy/services.sh
2026-01-18 18:07:40,319 - Knowledge - INFO - Fast-tracked /app/data/T0015/307413/b0002up/Hono/deploy/src/main/deploy/helm/templates/artemis/artemis-secret.yaml (ext=.yaml, size=1618)
2026-01-18 18:07:40,400 - Knowledge - INFO - process ingested knowledge for /app/data/T0015/307413/b0002up/Hono/deploy/src/main/deploy/helm/profileJaegerBackend.yaml
2026-01-18 18:07:40,525 - Knowledge - INFO - Worker kw9 processing /app/data/T0015/307413/b0002up/Hono/deploy/src/main/deploy/helm/templates/dispatch-router/config/qdrouterd-with-artemis.yaml
2026-01-18 18:07:40,644 - Knowledge - INFO - Fast-tracked /app/data/T0015/307413/b0002up/Hono/deploy/src/main/deploy/azure/arm/templates/kubernetesDeploy.json (ext=.json, size=14963)
2026-01-18 18:07:40,738 - Knowledge - INFO - [kw12] Queue=224, InProgress=0, PendingWorkers=20/20, Completed=714/1010 (70.7%)
2026-01-18 18:07:40,833 - Knowledge - INFO - Fast-tracked /app/data/T0015/307413/b0002up/Hono/deploy/src/main/sandbox/grafana/provisioning/dashboards/filesystem-provisioner.yaml (ext=.yaml, size=558)
2026-01-18 18:07:40,905 - Knowledge - INFO - Batch sizing: calculated=6, max_allowed=10, queue=224, active_workers=20/20
2026-01-18 18:07:41,030 - Knowledge - INFO - Worker kw4 processing /app/data/T0015/307413/b0002up/Hono/deploy/src/main/deploy/helm/templates/jaeger/jaeger-collector-service.yaml
2026-01-18 18:07:41,122 - Knowledge - INFO - process ingested knowledge for /app/data/T0015/307413/b0002up/Hono/deploy/src/main/deploy/helm/templates/hono-adapter-kura/headless-svc.yaml
2026-01-18 18:07:41,237 - Knowledge - INFO - Worker kw5 processing /app/data/T0015/307413/b0002up/Hono/deploy/src/main/deploy/helm/templates/hono-adapter-amqp/headless-svc.yaml
2026-01-18 18:07:41,355 - Knowledge - INFO - Worker kw15 processing /app/data/T0015/307413/b0002up/Hono/deploy/src/main/deploy/helm/templates/hono-service-auth/hono-service-auth-svc.yaml
2026-01-18 18:07:41,445 - Knowledge - INFO - Batch sizing: calculated=6, max_allowed=10, queue=224, active_workers=20/20
2026-01-18 18:07:41,522 - Knowledge - INFO - Worker kw19 processing /app/data/T0015/307413/b0002up/Hono/deploy/src/main/deploy/helm/templates/hono-adapter-mqtt/hono-adapter-mqtt-vertx-secret.yaml
2026-01-18 18:07:41,612 - Knowledge - INFO - Worker kw6 processing /app/data/T0015/307413/b0002up/Hono/deploy/src/main/deploy/helm/templates/hono-service-device-registry/hono-service-device-registry-ext-svc.yaml
2026-01-18 18:07:41,694 - Knowledge - INFO - process ingested knowledge for /app/data/T0015/307413/b0002up/Hono/deploy/src/main/deploy/helm/templates/grafana/grafana-datasource-secret.yaml
2026-01-18 18:07:41,788 - Knowledge - INFO - process ingested knowledge for /app/data/T0015/307413/b0002up/Hono/deploy/src/main/deploy/helm/templates/hono-service-device-connection/hono-service-device-connection-deployment.yaml
2026-01-18 18:07:41,877 - Knowledge - INFO - Worker kw17 processing /app/data/T0015/307413/b0002up/Hono/deploy/src/main/deploy/helm/templates/hono-adapter-lora/headless-svc.yaml
2026-01-18 18:07:41,968 - Knowledge - INFO - process ingested knowledge for /app/data/T0015/307413/b0002up/Hono/deploy/src/main/deploy/helm/templates/hono-adapter-kura/hono-adapter-kura-svc.yaml
2026-01-18 18:07:42,089 - Knowledge - INFO - Worker kw20 processing /app/data/T0015/307413/b0002up/Hono/deploy/src/main/deploy/helm/templates/hono-adapter-http/hono-adapter-http-vertx-secret.yaml
2026-01-18 18:07:42,350 - Knowledge - INFO - Fast-tracked /app/data/T0015/307413/b0002up/Hono/deploy/src/main/deploy/services.sh (ext=.sh, size=1533)
2026-01-18 18:07:42,453 - Knowledge - INFO - Worker kw18 processing /app/data/T0015/307413/b0002up/Hono/deploy/src/main/deploy/helm/templates/artemis/artemis-svc.yaml
2026-01-18 18:07:42,537 - Knowledge - INFO - process ingested knowledge for /app/data/T0015/307413/b0002up/Hono/deploy/src/main/deploy/helm/profileDataGrid.yaml
2026-01-18 18:07:42,629 - Knowledge - INFO - Fast-tracked /app/data/T0015/307413/b0002up/Hono/deploy/src/main/deploy/helm/templates/dispatch-router/config/qdrouterd-with-artemis.yaml (ext=.yaml, size=3454)
2026-01-18 18:07:42,703 - Knowledge - INFO - Worker kw13 processing /app/data/T0015/307413/b0002up/Hono/deploy/src/main/deploy/azure/helm-rbac.yaml
2026-01-18 18:07:42,789 - Knowledge - INFO - Batch sizing: calculated=6, max_allowed=10, queue=224, active_workers=20/20
2026-01-18 18:07:42,880 - Knowledge - INFO - Worker kw8 processing /app/data/T0015/307413/b0002up/Hono/deploy/src/main/sandbox/grafana/provisioning/datasources.yaml
2026-01-18 18:07:42,971 - Knowledge - INFO - Async storing batch of 6 embeddings
2026-01-18 18:07:43,054 - Knowledge - INFO - Fast-tracked /app/data/T0015/307413/b0002up/Hono/deploy/src/main/deploy/helm/templates/jaeger/jaeger-collector-service.yaml (ext=.yaml, size=903)
2026-01-18 18:07:43,143 - Knowledge - INFO - process ingested knowledge for /app/data/T0015/307413/b0002up/Hono/deploy/src/main/deploy/helm/templates/hono-adapter-kura/hono-adapter-kura-sec-route.yaml
2026-01-18 18:07:43,236 - Knowledge - INFO - Fast-tracked /app/data/T0015/307413/b0002up/Hono/deploy/src/main/deploy/helm/templates/hono-adapter-amqp/headless-svc.yaml (ext=.yaml, size=584)
2026-01-18 18:07:43,362 - Knowledge - INFO - Fast-tracked /app/data/T0015/307413/b0002up/Hono/deploy/src/main/deploy/helm/templates/hono-service-auth/hono-service-auth-svc.yaml (ext=.yaml, size=719)
2026-01-18 18:07:43,482 - Knowledge - INFO - Async storing batch of 6 embeddings
2026-01-18 18:07:43,570 - Knowledge - INFO - Fast-tracked /app/data/T0015/307413/b0002up/Hono/deploy/src/main/deploy/helm/templates/hono-adapter-mqtt/hono-adapter-mqtt-vertx-secret.yaml (ext=.yaml, size=1714)
2026-01-18 18:07:43,652 - Knowledge - INFO - Fast-tracked /app/data/T0015/307413/b0002up/Hono/deploy/src/main/deploy/helm/templates/hono-service-device-registry/hono-service-device-registry-ext-svc.yaml (ext=.yaml, size=1288)
2026-01-18 18:07:43,740 - Knowledge - INFO - process ingested knowledge for /app/data/T0015/307413/b0002up/Hono/deploy/src/main/deploy/helm/templates/grafana/grafana-dashboard-configmap.yaml
2026-01-18 18:07:43,814 - Knowledge - INFO - process ingested knowledge for /app/data/T0015/307413/b0002up/Hono/deploy/src/main/deploy/helm/templates/prometheus/prometheus-config.yaml
2026-01-18 18:07:43,895 - Knowledge - INFO - Fast-tracked /app/data/T0015/307413/b0002up/Hono/deploy/src/main/deploy/helm/templates/hono-adapter-lora/headless-svc.yaml (ext=.yaml, size=618)
2026-01-18 18:07:43,975 - Knowledge - INFO - process ingested knowledge for /app/data/T0015/307413/b0002up/Hono/deploy/src/main/deploy/helm/templates/hono-adapter-kura/hono-adapter-kura-secret.yaml
2026-01-18 18:07:44,055 - Knowledge - INFO - Fast-tracked /app/data/T0015/307413/b0002up/Hono/deploy/src/main/deploy/helm/templates/hono-adapter-http/hono-adapter-http-vertx-secret.yaml (ext=.yaml, size=1713)
2026-01-18 18:07:44,138 - Knowledge - INFO - Worker kw16 processing /app/data/T0015/307413/b0002up/Hono/deploy/src/main/deploy/example-permissions.json
2026-01-18 18:07:44,224 - Knowledge - INFO - Fast-tracked /app/data/T0015/307413/b0002up/Hono/deploy/src/main/deploy/helm/templates/artemis/artemis-svc.yaml (ext=.yaml, size=877)
2026-01-18 18:07:44,428 - Knowledge - INFO - Worker kw9 processing /app/data/T0015/307413/b0002up/Hono/deploy/src/main/deploy/helm/templates/dispatch-router/dispatch-router-ext-svc.yaml
2026-01-18 18:07:44,553 - Knowledge - INFO - Fast-tracked /app/data/T0015/307413/b0002up/Hono/deploy/src/main/deploy/azure/helm-rbac.yaml (ext=.yaml, size=1121)
2026-01-18 18:07:44,668 - Knowledge - INFO - Async storing batch of 6 embeddings
2026-01-18 18:07:44,740 - Knowledge - INFO - Fast-tracked /app/data/T0015/307413/b0002up/Hono/deploy/src/main/sandbox/grafana/provisioning/datasources.yaml (ext=.yaml, size=616)
2026-01-18 18:07:44,852 - Knowledge - INFO - Worker kw14 processing /app/data/T0015/307413/b0002up/Hono/deploy/src/main/sandbox/sandbox-credentials.json
2026-01-18 18:07:44,932 - Knowledge - INFO - Worker kw4 processing /app/data/T0015/307413/b0002up/Hono/deploy/src/main/deploy/helm/templates/jaeger/jaeger-deployment.yaml
2026-01-18 18:07:44,948 - Knowledge - INFO - [kw1] Queue=206, InProgress=0, PendingWorkers=20/20, Completed=714/1010 (70.7%)
2026-01-18 18:07:45,042 - Knowledge - INFO - process ingested knowledge for /app/data/T0015/307413/b0002up/Hono/deploy/src/main/deploy/helm/templates/hono-adapter-kura/hono-adapter-kura-route.yaml
2026-01-18 18:07:45,155 - Knowledge - INFO - Worker kw5 processing /app/data/T0015/307413/b0002up/Hono/deploy/src/main/deploy/helm/templates/hono-adapter-amqp/hono-adapter-amqp-vertx-deployment.yaml
2026-01-18 18:07:45,240 - Knowledge - INFO - Worker kw15 processing /app/data/T0015/307413/b0002up/Hono/deploy/src/main/deploy/helm/templates/hono-adapter-mqtt/hono-adapter-mqtt-vertx-sec-route.yaml
2026-01-18 18:07:45,322 - Knowledge - INFO - Worker kw3 processing /app/data/T0015/307413/b0002up/Hono/deploy/src/main/sandbox/artemis/artemis-bootstrap.xml
2026-01-18 18:07:45,400 - Knowledge - INFO - Worker kw19 processing /app/data/T0015/307413/b0002up/Hono/deploy/src/main/deploy/helm/templates/hono-service-device-registry/hono-service-device-registry-deployment.yaml
2026-01-18 18:07:45,495 - Knowledge - INFO - Worker kw6 processing /app/data/T0015/307413/b0002up/Hono/deploy/src/main/deploy/helm/templates/hono-service-device-registry/headless-svc.yaml
2026-01-18 18:07:45,574 - Knowledge - INFO - process ingested knowledge for /app/data/T0015/307413/b0002up/Hono/deploy/src/main/deploy/helm/templates/hono-service-device-connection/hono-service-device-connection-secret.yaml
2026-01-18 18:07:45,655 - Knowledge - INFO - process ingested knowledge for /app/data/T0015/307413/b0002up/Hono/deploy/src/main/deploy/helm/templates/hono-adapter-coap/hono-adapter-coap-vertx-secret.yaml
2026-01-18 18:07:45,748 - Knowledge - INFO - Worker kw17 processing /app/data/T0015/307413/b0002up/Hono/deploy/src/main/deploy/helm/templates/hono-adapter-lora/hono-adapter-lora-vertx-secret.yaml
2026-01-18 18:07:45,830 - Knowledge - INFO - process ingested knowledge for /app/data/T0015/307413/b0002up/Hono/deploy/src/main/deploy/helm/templates/hono-adapter-kura/hono-adapter-kura-deployment.yaml
2026-01-18 18:07:45,936 - Knowledge - INFO - Worker kw20 processing /app/data/T0015/307413/b0002up/Hono/deploy/src/main/deploy/helm/templates/hono-adapter-http/headless-svc.yaml
2026-01-18 18:07:46,024 - Knowledge - INFO - Fast-tracked /app/data/T0015/307413/b0002up/Hono/deploy/src/main/deploy/example-permissions.json (ext=.json, size=3075)
2026-01-18 18:07:46,136 - Knowledge - INFO - Worker kw18 processing /app/data/T0015/307413/b0002up/Hono/deploy/src/main/deploy/helm/templates/hono-adapter-lora/hono-adapter-lora-vertx-route.yaml
2026-01-18 18:07:46,209 - Knowledge - INFO - Fast-tracked /app/data/T0015/307413/b0002up/Hono/deploy/src/main/deploy/helm/templates/dispatch-router/dispatch-router-ext-svc.yaml (ext=.yaml, size=1334)
2026-01-18 18:07:46,308 - Knowledge - INFO - Worker kw13 processing /app/data/T0015/307413/b0002up/Hono/deploy/src/main/deploy/azure/managed-premium-retain.yaml
2026-01-18 18:07:46,389 - Knowledge - INFO - Worker kw12 processing /app/data/T0015/307413/b0002up/Hono/readme.md
2026-01-18 18:07:46,466 - Knowledge - INFO - Worker kw8 processing /app/data/T0015/307413/b0002up/Hono/deploy/src/main/sandbox/hono-service-device-registry-config.yml
2026-01-18 18:07:46,588 - Knowledge - INFO - Fast-tracked /app/data/T0015/307413/b0002up/Hono/deploy/src/main/sandbox/sandbox-credentials.json (ext=.json, size=539)
2026-01-18 18:07:46,676 - Knowledge - INFO - Fast-tracked /app/data/T0015/307413/b0002up/Hono/deploy/src/main/deploy/helm/templates/jaeger/jaeger-deployment.yaml (ext=.yaml, size=1547)
2026-01-18 18:07:46,764 - Knowledge - INFO - Batch sizing: calculated=6, max_allowed=10, queue=206, active_workers=20/20
2026-01-18 18:07:46,877 - Knowledge - INFO - process ingested knowledge for /app/data/T0015/307413/b0002up/Hono/deploy/src/main/deploy/helm/templates/example-data-grid/service.yaml
2026-01-18 18:07:46,973 - Knowledge - INFO - Fast-tracked /app/data/T0015/307413/b0002up/Hono/deploy/src/main/deploy/helm/templates/hono-adapter-amqp/hono-adapter-amqp-vertx-deployment.yaml (ext=.yaml, size=2534)
2026-01-18 18:07:47,080 - Knowledge - INFO - Fast-tracked /app/data/T0015/307413/b0002up/Hono/deploy/src/main/deploy/helm/templates/hono-adapter-mqtt/hono-adapter-mqtt-vertx-sec-route.yaml (ext=.yaml, size=802)
2026-01-18 18:07:47,168 - Knowledge - INFO - Fast-tracked /app/data/T0015/307413/b0002up/Hono/deploy/src/main/sandbox/artemis/artemis-bootstrap.xml (ext=.xml, size=1161)
2026-01-18 18:07:47,291 - Knowledge - INFO - Fast-tracked /app/data/T0015/307413/b0002up/Hono/deploy/src/main/deploy/helm/templates/hono-service-device-registry/hono-service-device-registry-deployment.yaml (ext=.yaml, size=3990)
2026-01-18 18:07:47,378 - Knowledge - INFO - Fast-tracked /app/data/T0015/307413/b0002up/Hono/deploy/src/main/deploy/helm/templates/hono-service-device-registry/headless-svc.yaml (ext=.yaml, size=637)
2026-01-18 18:07:47,691 - Knowledge - INFO - Fast-tracked /app/data/T0015/307413/b0002up/Hono/deploy/src/main/deploy/helm/templates/hono-adapter-lora/hono-adapter-lora-vertx-secret.yaml (ext=.yaml, size=1690)
2026-01-18 18:07:47,882 - Knowledge - INFO - Fast-tracked /app/data/T0015/307413/b0002up/Hono/deploy/src/main/deploy/helm/templates/hono-adapter-http/headless-svc.yaml (ext=.yaml, size=584)
2026-01-18 18:07:47,975 - Knowledge - INFO - Worker kw16 processing /app/data/T0015/307413/b0002up/Hono/deploy/src/main/deploy/azure/arm/honoInfrastructureDeployment.json
2026-01-18 18:07:48,063 - Knowledge - INFO - Fast-tracked /app/data/T0015/307413/b0002up/Hono/deploy/src/main/deploy/helm/templates/hono-adapter-lora/hono-adapter-lora-vertx-route.yaml (ext=.yaml, size=789)
2026-01-18 18:07:48,152 - Knowledge - INFO - Async storage completed for 8 embeddings
2026-01-18 18:07:48,280 - Knowledge - INFO - Fast-tracked /app/data/T0015/307413/b0002up/Hono/deploy/src/main/deploy/azure/managed-premium-retain.yaml (ext=.yaml, size=607)
2026-01-18 18:07:48,411 - Knowledge - INFO - Fast-tracked /app/data/T0015/307413/b0002up/Hono/readme.md (ext=.md, size=1786)
2026-01-18 18:07:48,466 - Knowledge - INFO - [kw11] Queue=206, InProgress=0, PendingWorkers=20/20, Completed=714/1010 (70.7%)
2026-01-18 18:07:48,467 - Knowledge - INFO - [kw2] Queue=206, InProgress=0, PendingWorkers=20/20, Completed=714/1010 (70.7%)
2026-01-18 18:07:48,502 - Knowledge - INFO - Fast-tracked /app/data/T0015/307413/b0002up/Hono/deploy/src/main/sandbox/hono-service-device-registry-config.yml (ext=.yml, size=1677)
2026-01-18 18:07:48,613 - Knowledge - INFO - Worker kw14 processing /app/data/T0015/307413/b0002up/Hono/deploy/src/main/sandbox/hono-adapter-mqtt-vertx-config.yml
2026-01-18 18:07:48,661 - Knowledge - INFO - [kw7] Queue=206, InProgress=0, PendingWorkers=20/20, Completed=714/1010 (70.7%)
2026-01-18 18:07:48,694 - Knowledge - INFO - Worker kw4 processing /app/data/T0015/307413/b0002up/Hono/deploy/src/main/deploy/helm/templates/hono-adapter-amqp/hono-adapter-amqp-vertx-secret.yaml
2026-01-18 18:07:48,774 - Knowledge - INFO - Async storing batch of 6 embeddings
2026-01-18 18:07:48,856 - Knowledge - INFO - process ingested knowledge for /app/data/T0015/307413/b0002up/Hono/deploy/src/main/deploy/helm/templates/example-data-grid/roles.yaml
2026-01-18 18:07:48,938 - Knowledge - INFO - Worker kw5 processing /app/data/T0015/307413/b0002up/Hono/deploy/src/main/deploy/helm/templates/hono-service-auth/hono-service-auth-deployment.yaml
2026-01-18 18:07:49,022 - Knowledge - INFO - Worker kw15 processing /app/data/T0015/307413/b0002up/Hono/deploy/src/main/deploy/helm/templates/hono-adapter-mqtt/hono-adapter-mqtt-vertx-route.yaml
2026-01-18 18:07:49,112 - Knowledge - INFO - Worker kw3 processing /app/data/T0015/307413/b0002up/Hono/deploy/src/main/sandbox/readme.md
2026-01-18 18:07:49,197 - Knowledge - INFO - Worker kw19 processing /app/data/T0015/307413/b0002up/Hono/deploy/src/main/deploy/helm/templates/hono-service-device-registry/hono-service-device-registry-pvc.yaml
2026-01-18 18:07:49,281 - Knowledge - INFO - Worker kw6 processing /app/data/T0015/307413/b0002up/Hono/deploy/src/main/deploy/helm/templates/hono-service-device-registry/hono-service-device-registry-svc.yaml
2026-01-18 18:07:49,362 - Knowledge - INFO - Worker kw17 processing /app/data/T0015/307413/b0002up/Hono/deploy/src/main/deploy/helm/templates/NOTES.txt
2026-01-18 18:07:49,451 - Knowledge - INFO - Worker kw20 processing /app/data/T0015/307413/b0002up/Hono/deploy/src/main/deploy/helm/templates/hono-adapter-http/hono-adapter-http-vertx-svc.yaml
2026-01-18 18:07:49,536 - Knowledge - INFO - Fast-tracked /app/data/T0015/307413/b0002up/Hono/deploy/src/main/deploy/azure/arm/honoInfrastructureDeployment.json (ext=.json, size=17200)
2026-01-18 18:07:49,644 - Knowledge - INFO - Worker kw18 processing /app/data/T0015/307413/b0002up/Hono/deploy/src/main/deploy/helm/templates/hono-adapter-lora/hono-adapter-lora-vertx-sec-route.yaml
2026-01-18 18:07:49,749 - Knowledge - INFO - Processing batch of 6 files
2026-01-18 18:07:49,825 - Knowledge - INFO - Worker kw13 processing /app/data/T0015/307413/b0002up/Hono/deploy/src/main/deploy/example-credentials.json
2026-01-18 18:07:49,937 - Knowledge - INFO - Worker kw12 processing /app/data/T0015/307413/b0002up/Hono/demo-certs/create_certs.sh
2026-01-18 18:07:50,045 - Knowledge - INFO - Batch sizing: calculated=6, max_allowed=10, queue=206, active_workers=20/20
2026-01-18 18:07:50,121 - Knowledge - INFO - Batch sizing: calculated=6, max_allowed=10, queue=206, active_workers=20/20
2026-01-18 18:07:50,248 - Knowledge - INFO - Worker kw8 processing /app/data/T0015/307413/b0002up/Hono/deploy/src/main/sandbox/hono-adapter-http-vertx-config.yml
2026-01-18 18:07:50,380 - Knowledge - INFO - Fast-tracked /app/data/T0015/307413/b0002up/Hono/deploy/src/main/sandbox/hono-adapter-mqtt-vertx-config.yml (ext=.yml, size=1881)
2026-01-18 18:07:50,463 - Knowledge - INFO - Batch sizing: calculated=6, max_allowed=10, queue=206, active_workers=20/20
2026-01-18 18:07:50,540 - Knowledge - INFO - Fast-tracked /app/data/T0015/307413/b0002up/Hono/deploy/src/main/deploy/helm/templates/hono-adapter-amqp/hono-adapter-amqp-vertx-secret.yaml (ext=.yaml, size=1722)
2026-01-18 18:07:50,621 - Knowledge - INFO - Worker kw1 processing /app/data/T0015/307413/b0002up/Hono/tests/src/test/java/org/eclipse/hono/tests/http/CorsIT.java
2026-01-18 18:07:50,704 - Knowledge - INFO - process ingested knowledge for /app/data/T0015/307413/b0002up/Hono/deploy/src/main/deploy/helm/templates/example-data-grid/statefulset.yaml
2026-01-18 18:07:50,792 - Knowledge - INFO - Fast-tracked /app/data/T0015/307413/b0002up/Hono/deploy/src/main/deploy/helm/templates/hono-service-auth/hono-service-auth-deployment.yaml (ext=.yaml, size=2408)
2026-01-18 18:07:50,873 - Knowledge - INFO - Fast-tracked /app/data/T0015/307413/b0002up/Hono/deploy/src/main/deploy/helm/templates/hono-adapter-mqtt/hono-adapter-mqtt-vertx-route.yaml (ext=.yaml, size=755)
2026-01-18 18:07:50,962 - Knowledge - INFO - Fast-tracked /app/data/T0015/307413/b0002up/Hono/deploy/src/main/sandbox/readme.md (ext=.md, size=929)
2026-01-18 18:07:51,078 - Knowledge - INFO - Fast-tracked /app/data/T0015/307413/b0002up/Hono/deploy/src/main/deploy/helm/templates/hono-service-device-registry/hono-service-device-registry-pvc.yaml (ext=.yaml, size=849)
2026-01-18 18:07:51,194 - Knowledge - INFO - Fast-tracked /app/data/T0015/307413/b0002up/Hono/deploy/src/main/deploy/helm/templates/hono-service-device-registry/hono-service-device-registry-svc.yaml (ext=.yaml, size=871)
2026-01-18 18:07:51,286 - Knowledge - INFO - Fast-tracked /app/data/T0015/307413/b0002up/Hono/deploy/src/main/deploy/helm/templates/NOTES.txt (ext=.txt, size=197)
2026-01-18 18:07:51,364 - Knowledge - INFO - Fast-tracked /app/data/T0015/307413/b0002up/Hono/deploy/src/main/deploy/helm/templates/hono-adapter-http/hono-adapter-http-vertx-svc.yaml (ext=.yaml, size=1197)
2026-01-18 18:07:51,435 - Knowledge - INFO - Worker kw16 processing /app/data/T0015/307413/b0002up/Hono/deploy/src/main/deploy/azure/arm/templates/serviceBusDeploy.json
2026-01-18 18:07:51,540 - Knowledge - INFO - Fast-tracked /app/data/T0015/307413/b0002up/Hono/deploy/src/main/deploy/helm/templates/hono-adapter-lora/hono-adapter-lora-vertx-sec-route.yaml (ext=.yaml, size=830)
2026-01-18 18:07:51,621 - Knowledge - INFO - process ingested knowledge for /app/data/T0015/307413/b0002up/Hono/deploy/src/main/deploy/helm/templates/example-data-grid/configmap.yaml
2026-01-18 18:07:51,712 - Knowledge - INFO - Fast-tracked /app/data/T0015/307413/b0002up/Hono/deploy/src/main/deploy/example-credentials.json (ext=.json, size=1683)
2026-01-18 18:07:51,795 - Knowledge - INFO - Worker kw12 processing /app/data/T0015/307413/b0002up/Hono/demo-certs/README.md
2026-01-18 18:07:51,877 - Knowledge - INFO - Async storing batch of 6 embeddings
2026-01-18 18:07:51,998 - Knowledge - INFO - Async storing batch of 6 embeddings
2026-01-18 18:07:52,075 - Knowledge - INFO - Fast-tracked /app/data/T0015/307413/b0002up/Hono/deploy/src/main/sandbox/hono-adapter-http-vertx-config.yml (ext=.yml, size=1881)
2026-01-18 18:07:52,162 - Knowledge - INFO - Worker kw14 processing /app/data/T0015/307413/b0002up/Hono/deploy/src/main/sandbox/qpid/sandbox-qdrouterd.json
2026-01-18 18:07:52,293 - Knowledge - INFO - Async storing batch of 6 embeddings
2026-01-18 18:07:52,373 - Knowledge - INFO - Async storage completed for 6 embeddings
2026-01-18 18:07:52,470 - Knowledge - INFO - Fast-tracked /app/data/T0015/307413/b0002up/Hono/tests/src/test/java/org/eclipse/hono/tests/http/CorsIT.java (ext=.java, size=9170)
2026-01-18 18:07:52,650 - Knowledge - INFO - Async storage completed for 6 embeddings
2026-01-18 18:07:52,731 - Knowledge - INFO - Async storage completed for 6 embeddings
2026-01-18 18:07:52,814 - Knowledge - INFO - Worker kw3 processing /app/data/T0015/307413/b0002up/Hono/deploy/src/main/sandbox/sandbox_undeploy.sh
2026-01-18 18:07:52,903 - Knowledge - INFO - Async storage completed for 6 embeddings
2026-01-18 18:07:53,026 - Knowledge - INFO - Async storage completed for 6 embeddings
2026-01-18 18:07:53,096 - Knowledge - INFO - [kw10] Queue=182, InProgress=0, PendingWorkers=20/20, Completed=720/1010 (71.3%)
2026-01-18 18:07:53,105 - Knowledge - INFO - Worker kw17 processing /app/data/T0015/307413/b0002up/Hono/deploy/src/main/deploy/helm/templates/hono-adapter-http/hono-adapter-http-vertx-deployment.yaml
2026-01-18 18:07:53,195 - Knowledge - INFO - Worker kw20 processing /app/data/T0015/307413/b0002up/Hono/deploy/src/main/deploy/example-tenants.json
2026-01-18 18:07:53,273 - Knowledge - INFO - Fast-tracked /app/data/T0015/307413/b0002up/Hono/deploy/src/main/deploy/azure/arm/templates/serviceBusDeploy.json (ext=.json, size=3509)
2026-01-18 18:07:53,373 - Knowledge - INFO - Async storage completed for 6 embeddings
2026-01-18 18:07:53,458 - Knowledge - INFO - process ingested knowledge for /app/data/T0015/307413/b0002up/Hono/deploy/src/main/deploy/helm/templates/dispatch-router/dispatch-router-svc.yaml
2026-01-18 18:07:53,539 - Knowledge - INFO - Worker kw13 processing /app/data/T0015/307413/b0002up/Hono/deploy/src/main/sandbox/sandbox-permissions.json
2026-01-18 18:07:53,612 - Knowledge - INFO - Fast-tracked /app/data/T0015/307413/b0002up/Hono/demo-certs/README.md (ext=.md, size=6581)
2026-01-18 18:07:53,680 - Knowledge - INFO - Worker kw11 processing /app/data/T0015/307413/b0002up/Hono/tests/src/test/java/org/eclipse/hono/tests/auth/AuthServerAmqpIT.java
2026-01-18 18:07:53,808 - Knowledge - INFO - Worker kw2 processing /app/data/T0015/307413/b0002up/Hono/tests/src/test/java/org/eclipse/hono/tests/mqtt/MqttPublishTestBase.java
2026-01-18 18:07:53,891 - Knowledge - INFO - Worker kw8 processing /app/data/T0015/307413/b0002up/Hono/deploy/src/main/sandbox/sandbox_deploy.sh
2026-01-18 18:07:53,973 - Knowledge - INFO - Fast-tracked /app/data/T0015/307413/b0002up/Hono/deploy/src/main/sandbox/qpid/sandbox-qdrouterd.json (ext=.json, size=2703)
2026-01-18 18:07:54,051 - Knowledge - INFO - Worker kw7 processing /app/data/T0015/307413/b0002up/Hono/tests/src/test/java/org/eclipse/hono/tests/mqtt/EventMqttIT.java
2026-01-18 18:07:54,132 - Knowledge - INFO - Processing batch of 6 files
2026-01-18 18:07:54,207 - Knowledge - INFO - Worker kw1 processing /app/data/T0015/307413/b0002up/Hono/tests/src/test/java/org/eclipse/hono/tests/http/HttpProtocolException.java
2026-01-18 18:07:54,298 - Knowledge - INFO - Processing batch of 6 files
2026-01-18 18:07:54,417 - Knowledge - INFO - Processing batch of 6 files
2026-01-18 18:07:54,507 - Knowledge - INFO - Worker kw3 processing /app/data/T0015/307413/b0002up/Hono/deploy/src/main/sandbox/hono-adapter-amqp-vertx-config.yml
2026-01-18 18:07:54,578 - Knowledge - INFO - Processing batch of 6 files
2026-01-18 18:07:54,675 - Knowledge - INFO - Processing batch of 6 files
2026-01-18 18:07:54,777 - Knowledge - INFO - Batch sizing: calculated=5, max_allowed=10, queue=182, active_workers=20/20
2026-01-18 18:07:54,873 - Knowledge - INFO - Fast-tracked /app/data/T0015/307413/b0002up/Hono/deploy/src/main/deploy/helm/templates/hono-adapter-http/hono-adapter-http-vertx-deployment.yaml (ext=.yaml, size=2534)
2026-01-18 18:07:54,963 - Knowledge - INFO - Fast-tracked /app/data/T0015/307413/b0002up/Hono/deploy/src/main/deploy/example-tenants.json (ext=.json, size=915)
2026-01-18 18:07:55,048 - Knowledge - INFO - Worker kw16 processing /app/data/T0015/307413/b0002up/Hono/deploy/src/main/deploy/azure/arm/templates/vnetDeploy.json
2026-01-18 18:07:55,174 - Knowledge - INFO - Processing batch of 6 files
2026-01-18 18:07:55,272 - Knowledge - INFO - process ingested knowledge for /app/data/T0015/307413/b0002up/Hono/deploy/src/main/deploy/helm/templates/dispatch-router/dispatch-router-secret.yaml
2026-01-18 18:07:55,356 - Knowledge - INFO - Fast-tracked /app/data/T0015/307413/b0002up/Hono/deploy/src/main/sandbox/sandbox-permissions.json (ext=.json, size=2610)
2026-01-18 18:07:55,455 - Knowledge - INFO - Worker kw12 processing /app/data/T0015/307413/b0002up/Hono/demo-certs/pom.xml
2026-01-18 18:07:55,548 - Knowledge - INFO - Fast-tracked /app/data/T0015/307413/b0002up/Hono/tests/src/test/java/org/eclipse/hono/tests/auth/AuthServerAmqpIT.java (ext=.java, size=4100)
2026-01-18 18:07:55,628 - Knowledge - INFO - Fast-tracked /app/data/T0015/307413/b0002up/Hono/tests/src/test/java/org/eclipse/hono/tests/mqtt/MqttPublishTestBase.java (ext=.java, size=13363)
2026-01-18 18:07:55,731 - Knowledge - INFO - Worker kw8 processing /app/data/T0015/307413/b0002up/Hono/deploy/src/main/sandbox/hono-service-auth-config.yml
2026-01-18 18:07:55,816 - Knowledge - INFO - Worker kw14 processing /app/data/T0015/307413/b0002up/Hono/deploy/src/main/sandbox/sandbox-tenants.json
2026-01-18 18:07:55,900 - Knowledge - INFO - Fast-tracked /app/data/T0015/307413/b0002up/Hono/tests/src/test/java/org/eclipse/hono/tests/mqtt/EventMqttIT.java (ext=.java, size=5999)
2026-01-18 18:07:55,979 - Knowledge - INFO - process ingested knowledge for /app/data/T0015/307413/b0002up/Hono/deploy/src/main/deploy/helm/templates/dispatch-router/dispatch-router-deployment.yaml
2026-01-18 18:07:56,068 - Knowledge - INFO - Fast-tracked /app/data/T0015/307413/b0002up/Hono/tests/src/test/java/org/eclipse/hono/tests/http/HttpProtocolException.java (ext=.java, size=4849)
2026-01-18 18:07:56,150 - Knowledge - INFO - process ingested knowledge for /app/data/T0015/307413/b0002up/Hono/deploy/src/main/deploy/helm/templates/hono-adapter-amqp/hono-adapter-amqp-vertx-svc.yaml
2026-01-18 18:07:56,232 - Knowledge - INFO - process ingested knowledge for /app/data/T0015/307413/b0002up/Hono/deploy/src/main/deploy/helm/templates/hono-service-auth/hono-service-auth-route.yaml
2026-01-18 18:07:56,357 - Knowledge - INFO - Fast-tracked /app/data/T0015/307413/b0002up/Hono/deploy/src/main/sandbox/hono-adapter-amqp-vertx-config.yml (ext=.yml, size=1824)
2026-01-18 18:07:56,431 - Knowledge - INFO - process ingested knowledge for /app/data/T0015/307413/b0002up/Hono/deploy/src/main/deploy/helm/templates/hono-adapter-mqtt/hono-adapter-mqtt-vertx-deployment.yaml
2026-01-18 18:07:56,525 - Knowledge - INFO - process ingested knowledge for /app/data/T0015/307413/b0002up/Hono/deploy/src/main/deploy/helm/templates/hono-service-device-registry/hono-service-device-registry-https-route.yaml
2026-01-18 18:07:56,645 - Knowledge - INFO - Async storing batch of 6 embeddings
2026-01-18 18:07:56,733 - Knowledge - INFO - Async storage completed for 6 embeddings
2026-01-18 18:07:56,850 - Knowledge - INFO - Async storage completed for 6 embeddings
2026-01-18 18:07:56,953 - Knowledge - INFO - Fast-tracked /app/data/T0015/307413/b0002up/Hono/deploy/src/main/deploy/azure/arm/templates/vnetDeploy.json (ext=.json, size=2132)
2026-01-18 18:07:57,063 - Knowledge - INFO - process ingested knowledge for /app/data/T0015/307413/b0002up/Hono/deploy/src/main/deploy/helm/templates/hono-service-device-registry/hono-service-device-registry-http-route.yaml
2026-01-18 18:07:57,158 - Knowledge - INFO - process ingested knowledge for /app/data/T0015/307413/b0002up/Hono/deploy/src/main/deploy/helm/templates/dispatch-router/config/qrouterd-with-servicebus.yaml
2026-01-18 18:07:57,271 - Knowledge - INFO - Worker kw13 processing /app/data/T0015/307413/b0002up/Hono/deploy/src/main/sandbox/create_sandbox_cert_secrets.sh
2026-01-18 18:07:57,391 - Knowledge - INFO - Fast-tracked /app/data/T0015/307413/b0002up/Hono/demo-certs/pom.xml (ext=.xml, size=1311)
2026-01-18 18:07:57,505 - Knowledge - INFO - Worker kw11 processing /app/data/T0015/307413/b0002up/Hono/tests/src/test/java/org/eclipse/hono/tests/jms/JmsBasedRequestResponseClient.java
2026-01-18 18:07:57,583 - Knowledge - INFO - Worker kw2 processing /app/data/T0015/307413/b0002up/Hono/tests/src/test/java/org/eclipse/hono/tests/mqtt/TelemetryMqttQoS1IT.java
2026-01-18 18:07:57,667 - Knowledge - INFO - Fast-tracked /app/data/T0015/307413/b0002up/Hono/deploy/src/main/sandbox/hono-service-auth-config.yml (ext=.yml, size=866)
2026-01-18 18:07:57,741 - Knowledge - INFO - Fast-tracked /app/data/T0015/307413/b0002up/Hono/deploy/src/main/sandbox/sandbox-tenants.json (ext=.json, size=67)
2026-01-18 18:07:57,827 - Knowledge - INFO - Worker kw7 processing /app/data/T0015/307413/b0002up/Hono/tests/src/test/java/org/eclipse/hono/tests/mqtt/MqttConnectionIT.java
2026-01-18 18:07:57,908 - Knowledge - INFO - process ingested knowledge for /app/data/T0015/307413/b0002up/Hono/deploy/src/main/deploy/helm/templates/dispatch-router/dispatch-router-route.yaml
2026-01-18 18:07:58,024 - Knowledge - INFO - Worker kw1 processing /app/data/T0015/307413/b0002up/Hono/tests/src/test/java/org/eclipse/hono/tests/http/HttpTestBase.java
2026-01-18 18:07:58,088 - Knowledge - INFO - process ingested knowledge for /app/data/T0015/307413/b0002up/Hono/deploy/src/main/deploy/helm/templates/hono-adapter-amqp/hono-adapter-amqp-vertx-route.yaml
2026-01-18 18:07:58,173 - Knowledge - INFO - process ingested knowledge for /app/data/T0015/307413/b0002up/Hono/deploy/src/main/deploy/helm/templates/hono-service-auth/hono-service-auth-secret.yaml
2026-01-18 18:07:58,260 - Knowledge - INFO - Worker kw3 processing /app/data/T0015/307413/b0002up/Hono/deploy/src/main/sandbox/prometheus-config.yml
2026-01-18 18:07:58,341 - Knowledge - INFO - process ingested knowledge for /app/data/T0015/307413/b0002up/Hono/deploy/src/main/deploy/helm/templates/hono-adapter-mqtt/hono-adapter-mqtt-vertx-svc.yaml
2026-01-18 18:07:58,430 - Knowledge - INFO - process ingested knowledge for /app/data/T0015/307413/b0002up/Hono/deploy/src/main/deploy/helm/templates/hono-service-device-registry/hono-service-device-registry-amqps-route.yaml
2026-01-18 18:07:58,526 - Knowledge - INFO - Worker kw10 processing /app/data/T0015/307413/b0002up/Hono/tests/src/test/java/org/eclipse/hono/tests/registry/DeviceRegistryTestBase.java
2026-01-18 18:07:58,647 - Knowledge - INFO - Processing batch of 6 files
2026-01-18 18:07:58,736 - Knowledge - INFO - Processing batch of 6 files
2026-01-18 18:07:58,808 - Knowledge - INFO - Async storage completed for 6 embeddings
2026-01-18 18:07:58,907 - Knowledge - INFO - process ingested knowledge for /app/data/T0015/307413/b0002up/Hono/deploy/src/main/deploy/helm/templates/artemis/artemis-deployment.yaml
2026-01-18 18:07:59,001 - Knowledge - INFO - process ingested knowledge for /app/data/T0015/307413/b0002up/Hono/deploy/src/main/deploy/helm/templates/dispatch-router/config/qdrouterd-with-artemis.yaml
2026-01-18 18:07:59,111 - Knowledge - INFO - Fast-tracked /app/data/T0015/307413/b0002up/Hono/deploy/src/main/sandbox/create_sandbox_cert_secrets.sh (ext=.sh, size=1574)
2026-01-18 18:07:59,184 - Knowledge - INFO - Worker kw12 processing /app/data/T0015/307413/b0002up/Hono/tests/src/test/java/org/eclipse/hono/tests/http/TelemetryHttpIT.java
2026-01-18 18:07:59,306 - Knowledge - INFO - Fast-tracked /app/data/T0015/307413/b0002up/Hono/tests/src/test/java/org/eclipse/hono/tests/jms/JmsBasedRequestResponseClient.java (ext=.java, size=16538)
2026-01-18 18:07:59,400 - Knowledge - INFO - Fast-tracked /app/data/T0015/307413/b0002up/Hono/tests/src/test/java/org/eclipse/hono/tests/mqtt/TelemetryMqttQoS1IT.java (ext=.java, size=2308)
2026-01-18 18:07:59,595 - Knowledge - INFO - Worker kw14 processing /app/data/T0015/307413/b0002up/Hono/deploy/src/main/sandbox/hono-adapter-kura-config.yml
2026-01-18 18:07:59,678 - Knowledge - INFO - Fast-tracked /app/data/T0015/307413/b0002up/Hono/tests/src/test/java/org/eclipse/hono/tests/mqtt/MqttConnectionIT.java (ext=.java, size=16274)
2026-01-18 18:07:59,765 - Knowledge - INFO - process ingested knowledge for /app/data/T0015/307413/b0002up/Hono/deploy/src/main/deploy/helm/templates/jaeger/jaeger-query-service.yaml
2026-01-18 18:07:59,850 - Knowledge - INFO - Fast-tracked /app/data/T0015/307413/b0002up/Hono/tests/src/test/java/org/eclipse/hono/tests/http/HttpTestBase.java (ext=.java, size=55976)
2026-01-18 18:07:59,950 - Knowledge - INFO - process ingested knowledge for /app/data/T0015/307413/b0002up/Hono/deploy/src/main/deploy/helm/templates/hono-adapter-amqp/hono-adapter-amqp-vertx-sec-route.yaml
2026-01-18 18:08:00,027 - Knowledge - INFO - process ingested knowledge for /app/data/T0015/307413/b0002up/Hono/deploy/src/main/deploy/helm/templates/hono-service-auth/headless-svc.yaml
2026-01-18 18:08:00,133 - Knowledge - INFO - Fast-tracked /app/data/T0015/307413/b0002up/Hono/deploy/src/main/sandbox/prometheus-config.yml (ext=.yml, size=2151)
2026-01-18 18:08:00,211 - Knowledge - INFO - process ingested knowledge for /app/data/T0015/307413/b0002up/Hono/deploy/src/main/deploy/helm/templates/hono-adapter-mqtt/headless-svc.yaml
2026-01-18 18:08:00,295 - Knowledge - INFO - Async storage completed for 6 embeddings
2026-01-18 18:08:00,314 - Knowledge - INFO - process ingested knowledge for /app/data/T0015/307413/b0002up/Hono/deploy/src/main/deploy/helm/templates/hono-service-device-registry/hono-service-device-registry-secret.yaml
2026-01-18 18:08:00,409 - Knowledge - INFO - Fast-tracked /app/data/T0015/307413/b0002up/Hono/tests/src/test/java/org/eclipse/hono/tests/registry/DeviceRegistryTestBase.java (ext=.java, size=2638)
2026-01-18 18:08:00,491 - Knowledge - INFO - process ingested knowledge for /app/data/T0015/307413/b0002up/Hono/deploy/src/main/deploy/helm/templates/hono-adapter-lora/hono-adapter-lora-vertx-deployment.yaml
2026-01-18 18:08:00,581 - Knowledge - INFO - process ingested knowledge for /app/data/T0015/307413/b0002up/Hono/deploy/src/main/deploy/helm/templates/hono-adapter-http/hono-adapter-http-vertx-route.yaml
2026-01-18 18:08:00,673 - Knowledge - INFO - Processing batch of 6 files
2026-01-18 18:08:00,794 - Knowledge - INFO - process ingested knowledge for /app/data/T0015/307413/b0002up/Hono/deploy/src/main/deploy/helm/templates/artemis/artemis-secret.yaml
2026-01-18 18:08:00,879 - Knowledge - INFO - process ingested knowledge for /app/data/T0015/307413/b0002up/Hono/deploy/src/main/deploy/helm/templates/dispatch-router/dispatch-router-ext-svc.yaml
2026-01-18 18:08:00,959 - Knowledge - INFO - Async storage completed for 6 embeddings
2026-01-18 18:08:01,086 - Knowledge - INFO - Fast-tracked /app/data/T0015/307413/b0002up/Hono/tests/src/test/java/org/eclipse/hono/tests/http/TelemetryHttpIT.java (ext=.java, size=3363)
2026-01-18 18:08:01,158 - Knowledge - INFO - Worker kw11 processing /app/data/T0015/307413/b0002up/Hono/tests/src/test/java/org/eclipse/hono/tests/jms/JmsBasedTenantClient.java
2026-01-18 18:08:01,286 - Knowledge - INFO - Worker kw2 processing /app/data/T0015/307413/b0002up/Hono/tests/src/test/java/org/eclipse/hono/tests/mqtt/CommandAndControlMqttIT.java
2026-01-18 18:08:01,364 - Knowledge - INFO - Fast-tracked /app/data/T0015/307413/b0002up/Hono/deploy/src/main/sandbox/hono-adapter-kura-config.yml (ext=.yml, size=1849)
2026-01-18 18:08:01,467 - Knowledge - INFO - Worker kw7 processing /app/data/T0015/307413/b0002up/Hono/tests/src/test/java/org/eclipse/hono/tests/IntegrationTestApplicationClientFactoryImpl.java
2026-01-18 18:08:01,591 - Knowledge - INFO - process ingested knowledge for /app/data/T0015/307413/b0002up/Hono/deploy/src/main/deploy/helm/templates/jaeger/jaeger-collector-service.yaml
2026-01-18 18:08:01,718 - Knowledge - INFO - Worker kw1 processing /app/data/T0015/307413/b0002up/Hono/tests/src/test/java/org/eclipse/hono/tests/http/EventHttpIT.java
2026-01-18 18:08:01,809 - Knowledge - INFO - process ingested knowledge for /app/data/T0015/307413/b0002up/Hono/deploy/src/main/deploy/helm/templates/hono-adapter-amqp/headless-svc.yaml
2026-01-18 18:08:01,933 - Knowledge - INFO - process ingested knowledge for /app/data/T0015/307413/b0002up/Hono/deploy/src/main/deploy/helm/templates/hono-service-auth/hono-service-auth-svc.yaml
2026-01-18 18:08:02,050 - Knowledge - INFO - Worker kw3 processing /app/data/T0015/307413/b0002up/Hono/deploy/pom.xml
2026-01-18 18:08:02,143 - Knowledge - INFO - process ingested knowledge for /app/data/T0015/307413/b0002up/Hono/deploy/src/main/deploy/helm/templates/hono-adapter-mqtt/hono-adapter-mqtt-vertx-secret.yaml
2026-01-18 18:08:02,293 - Knowledge - INFO - process ingested knowledge for /app/data/T0015/307413/b0002up/Hono/deploy/src/main/deploy/helm/templates/hono-service-device-registry/hono-service-device-registry-ext-svc.yaml
2026-01-18 18:08:02,375 - Knowledge - INFO - Worker kw10 processing /app/data/T0015/307413/b0002up/Hono/tests/src/test/java/org/eclipse/hono/tests/registry/CorsIT.java
2026-01-18 18:08:02,457 - Knowledge - INFO - process ingested knowledge for /app/data/T0015/307413/b0002up/Hono/deploy/src/main/deploy/helm/templates/hono-adapter-lora/hono-adapter-lora-vertx-svc.yaml
2026-01-18 18:08:02,541 - Knowledge - INFO - process ingested knowledge for /app/data/T0015/307413/b0002up/Hono/deploy/src/main/deploy/helm/templates/hono-adapter-http/hono-adapter-http-vertx-sec-route.yaml
2026-01-18 18:08:02,647 - Knowledge - INFO - process ingested knowledge for /app/data/T0015/307413/b0002up/Hono/deploy/src/main/deploy/openshift_s2i/README.md
2026-01-18 18:08:02,756 - Knowledge - INFO - process ingested knowledge for /app/data/T0015/307413/b0002up/Hono/deploy/src/main/deploy/helm/templates/artemis/artemis-svc.yaml
2026-01-18 18:08:02,969 - Knowledge - INFO - Processing batch of 6 files
2026-01-18 18:08:03,036 - Knowledge - INFO - Worker kw12 processing /app/data/T0015/307413/b0002up/Hono/tests/src/test/java/org/eclipse/hono/tests/http/HttpCommandEndpointConfiguration.java
2026-01-18 18:08:03,135 - Knowledge - INFO - Fast-tracked /app/data/T0015/307413/b0002up/Hono/tests/src/test/java/org/eclipse/hono/tests/jms/JmsBasedTenantClient.java (ext=.java, size=5355)
2026-01-18 18:08:03,214 - Knowledge - INFO - Fast-tracked /app/data/T0015/307413/b0002up/Hono/tests/src/test/java/org/eclipse/hono/tests/mqtt/CommandAndControlMqttIT.java (ext=.java, size=20335)
2026-01-18 18:08:03,298 - Knowledge - INFO - Worker kw14 processing /app/data/T0015/307413/b0002up/Hono/deploy/src/main/sandbox/artemis/artemis-broker.xml
2026-01-18 18:08:03,393 - Knowledge - INFO - Fast-tracked /app/data/T0015/307413/b0002up/Hono/tests/src/test/java/org/eclipse/hono/tests/IntegrationTestApplicationClientFactoryImpl.java (ext=.java, size=1907)
2026-01-18 18:08:03,526 - Knowledge - INFO - process ingested knowledge for /app/data/T0015/307413/b0002up/Hono/deploy/src/main/deploy/helm/templates/jaeger/jaeger-deployment.yaml
2026-01-18 18:08:03,651 - Knowledge - INFO - Fast-tracked /app/data/T0015/307413/b0002up/Hono/tests/src/test/java/org/eclipse/hono/tests/http/EventHttpIT.java (ext=.java, size=1749)
2026-01-18 18:08:03,702 - Knowledge - INFO - [WEBSOCKET] Sent: Type=progress_update, Size: 291, Duration: 0ms
2026-01-18 18:08:03,764 - Knowledge - INFO - process ingested knowledge for /app/data/T0015/307413/b0002up/Hono/deploy/src/main/deploy/helm/templates/hono-adapter-amqp/hono-adapter-amqp-vertx-deployment.yaml
2026-01-18 18:08:03,881 - Knowledge - INFO - process ingested knowledge for /app/data/T0015/307413/b0002up/Hono/deploy/src/main/deploy/helm/templates/hono-adapter-mqtt/hono-adapter-mqtt-vertx-sec-route.yaml
2026-01-18 18:08:03,988 - Knowledge - INFO - Fast-tracked /app/data/T0015/307413/b0002up/Hono/deploy/pom.xml (ext=.xml, size=8734)
2026-01-18 18:08:04,085 - Knowledge - INFO - process ingested knowledge for /app/data/T0015/307413/b0002up/Hono/deploy/src/main/deploy/helm/templates/hono-service-device-registry/hono-service-device-registry-deployment.yaml
2026-01-18 18:08:04,177 - Knowledge - INFO - process ingested knowledge for /app/data/T0015/307413/b0002up/Hono/deploy/src/main/deploy/helm/templates/hono-service-device-registry/headless-svc.yaml
2026-01-18 18:08:04,275 - Knowledge - INFO - Fast-tracked /app/data/T0015/307413/b0002up/Hono/tests/src/test/java/org/eclipse/hono/tests/registry/CorsIT.java (ext=.java, size=8216)
2026-01-18 18:08:04,351 - Knowledge - INFO - process ingested knowledge for /app/data/T0015/307413/b0002up/Hono/deploy/src/main/deploy/helm/templates/hono-adapter-lora/headless-svc.yaml
2026-01-18 18:08:04,446 - Knowledge - INFO - process ingested knowledge for /app/data/T0015/307413/b0002up/Hono/deploy/src/main/deploy/helm/templates/hono-adapter-http/hono-adapter-http-vertx-secret.yaml
2026-01-18 18:08:04,525 - Knowledge - INFO - process ingested knowledge for /app/data/T0015/307413/b0002up/Hono/deploy/src/main/deploy/services.sh
2026-01-18 18:08:04,607 - Knowledge - INFO - process ingested knowledge for /app/data/T0015/307413/b0002up/Hono/deploy/src/main/deploy/helm/templates/hono-adapter-lora/hono-adapter-lora-vertx-route.yaml
2026-01-18 18:08:04,722 - Knowledge - INFO - process ingested knowledge for /app/data/T0015/307413/b0002up/Hono/deploy/src/main/deploy/azure/arm/templates/kubernetesDeploy.json
2026-01-18 18:08:04,809 - Knowledge - INFO - Fast-tracked /app/data/T0015/307413/b0002up/Hono/tests/src/test/java/org/eclipse/hono/tests/http/HttpCommandEndpointConfiguration.java (ext=.java, size=1448)
2026-01-18 18:08:04,921 - Knowledge - INFO - Worker kw11 processing /app/data/T0015/307413/b0002up/Hono/tests/src/test/java/org/eclipse/hono/tests/jms/JmsBasedCredentialsClient.java
2026-01-18 18:08:05,020 - Knowledge - INFO - Worker kw2 processing /app/data/T0015/307413/b0002up/Hono/tests/src/test/java/org/eclipse/hono/tests/mqtt/MqttCommandEndpointConfiguration.java
2026-01-18 18:08:05,109 - Knowledge - INFO - Fast-tracked /app/data/T0015/307413/b0002up/Hono/deploy/src/main/sandbox/artemis/artemis-broker.xml (ext=.xml, size=6875)
2026-01-18 18:08:05,211 - Knowledge - INFO - Worker kw7 processing /app/data/T0015/307413/b0002up/Hono/tests/src/test/java/org/eclipse/hono/tests/IntegrationTestSupport.java
2026-01-18 18:08:05,307 - Knowledge - INFO - process ingested knowledge for /app/data/T0015/307413/b0002up/Hono/deploy/src/main/deploy/helm/templates/hono-adapter-amqp/hono-adapter-amqp-vertx-secret.yaml
2026-01-18 18:08:05,428 - Knowledge - INFO - Worker kw1 processing /app/data/T0015/307413/b0002up/Hono/tests/src/test/java/org/eclipse/hono/tests/DeviceRegistryHttpClient.java
2026-01-18 18:08:05,503 - Knowledge - INFO - [WEBSOCKET] Sent: Type=unknown, Size: ?, Duration: 1800ms
2026-01-18 18:08:05,627 - Knowledge - INFO - process ingested knowledge for /app/data/T0015/307413/b0002up/Hono/deploy/src/main/deploy/helm/templates/hono-service-auth/hono-service-auth-deployment.yaml
2026-01-18 18:08:05,717 - Knowledge - INFO - process ingested knowledge for /app/data/T0015/307413/b0002up/Hono/deploy/src/main/deploy/helm/templates/hono-adapter-mqtt/hono-adapter-mqtt-vertx-route.yaml
2026-01-18 18:08:05,811 - Knowledge - INFO - Fast-tracked /app/data/T0015/307413/b0002up/Hono/deploy/src/main/sandbox/sandbox_undeploy.sh (small file (2404 bytes))
2026-01-18 18:08:05,893 - Knowledge - INFO - process ingested knowledge for /app/data/T0015/307413/b0002up/Hono/deploy/src/main/deploy/helm/templates/hono-service-device-registry/hono-service-device-registry-pvc.yaml
2026-01-18 18:08:05,977 - Knowledge - INFO - process ingested knowledge for /app/data/T0015/307413/b0002up/Hono/deploy/src/main/deploy/helm/templates/hono-service-device-registry/hono-service-device-registry-svc.yaml
2026-01-18 18:08:06,078 - Knowledge - INFO - Worker kw10 processing /app/data/T0015/307413/b0002up/Hono/tests/src/test/java/org/eclipse/hono/tests/registry/DeviceRegistrationJmsIT.java
2026-01-18 18:08:06,201 - Knowledge - INFO - process ingested knowledge for /app/data/T0015/307413/b0002up/Hono/deploy/src/main/deploy/helm/templates/hono-adapter-lora/hono-adapter-lora-vertx-secret.yaml
2026-01-18 18:08:06,284 - Knowledge - INFO - process ingested knowledge for /app/data/T0015/307413/b0002up/Hono/deploy/src/main/deploy/helm/templates/hono-adapter-http/headless-svc.yaml
2026-01-18 18:08:06,386 - Knowledge - INFO - process ingested knowledge for /app/data/T0015/307413/b0002up/Hono/deploy/src/main/deploy/example-permissions.json
2026-01-18 18:08:06,475 - Knowledge - INFO - process ingested knowledge for /app/data/T0015/307413/b0002up/Hono/deploy/src/main/deploy/helm/templates/hono-adapter-lora/hono-adapter-lora-vertx-sec-route.yaml
2026-01-18 18:08:06,597 - Knowledge - INFO - process ingested knowledge for /app/data/T0015/307413/b0002up/Hono/deploy/src/main/deploy/azure/helm-rbac.yaml
2026-01-18 18:08:06,799 - Knowledge - INFO - Fast-tracked /app/data/T0015/307413/b0002up/Hono/tests/src/test/java/org/eclipse/hono/tests/jms/JmsBasedCredentialsClient.java (ext=.java, size=6311)
2026-01-18 18:08:06,886 - Knowledge - INFO - Fast-tracked /app/data/T0015/307413/b0002up/Hono/tests/src/test/java/org/eclipse/hono/tests/mqtt/MqttCommandEndpointConfiguration.java (ext=.java, size=5136)
2026-01-18 18:08:07,003 - Knowledge - INFO - Async storage completed for 6 embeddings
2026-01-18 18:08:07,087 - Knowledge - INFO - Fast-tracked /app/data/T0015/307413/b0002up/Hono/tests/src/test/java/org/eclipse/hono/tests/IntegrationTestSupport.java (ext=.java, size=54360)
2026-01-18 18:08:07,270 - Knowledge - INFO - Fast-tracked /app/data/T0015/307413/b0002up/Hono/tests/src/test/java/org/eclipse/hono/tests/DeviceRegistryHttpClient.java (ext=.java, size=41069)
2026-01-18 18:08:07,346 - Knowledge - INFO - Progress: 77.2% | Files: 780/1010 | Rate: 1.76 files/sec | Queue: 177
2026-01-18 18:08:07,347 - Knowledge - INFO - [LLM_CALL] Completed: sandbox_deploy.sh:chunk1, Duration: 7828ms, PromptTokens: 7562, CompletionTokens: 567, Cost: $0.00098
2026-01-18 18:08:07,619 - Knowledge - INFO - Async storage completed for 6 embeddings
2026-01-18 18:08:07,934 - Knowledge - INFO - Fast-tracked /app/data/T0015/307413/b0002up/Hono/tests/src/test/java/org/eclipse/hono/tests/registry/DeviceRegistrationJmsIT.java (ext=.java, size=6424)
2026-01-18 18:08:08,253 - Knowledge - INFO - process ingested knowledge for /app/data/T0015/307413/b0002up/Hono/deploy/src/main/deploy/helm/templates/NOTES.txt
2026-01-18 18:08:08,373 - Knowledge - INFO - process ingested knowledge for /app/data/T0015/307413/b0002up/Hono/deploy/src/main/deploy/azure/arm/honoInfrastructureDeployment.json
2026-01-18 18:08:08,490 - Knowledge - INFO - Worker kw11 processing /app/data/T0015/307413/b0002up/Hono/tests/src/test/java/org/eclipse/hono/tests/jms/JmsBasedHonoConnection.java
2026-01-18 18:08:08,565 - Knowledge - INFO - process ingested knowledge for /app/data/T0015/307413/b0002up/Hono/deploy/src/main/deploy/helm/templates/hono-adapter-http/hono-adapter-http-vertx-svc.yaml
2026-01-18 18:08:08,570 - Knowledge - INFO - Worker kw2 processing /app/data/T0015/307413/b0002up/Hono/tests/src/test/java/org/eclipse/hono/tests/mqtt/MqttTestBase.java
2026-01-18 18:08:08,741 - Knowledge - INFO - Worker kw7 processing /app/data/T0015/307413/b0002up/Hono/tests/src/test/java/org/eclipse/hono/tests/registry/DeviceRegistrationHttpIT.java
2026-01-18 18:08:08,783 - Knowledge - INFO - process ingested knowledge for /app/data/T0015/307413/b0002up/Hono/deploy/src/main/deploy/azure/managed-premium-retain.yaml
2026-01-18 18:08:08,855 - Knowledge - INFO - Worker kw1 processing /app/data/T0015/307413/b0002up/Hono/tests/src/test/java/org/eclipse/hono/tests/CommandEndpointConfiguration.java
2026-01-18 18:08:09,059 - Knowledge - INFO - done ingest for /app/data/T0015/307413/b0002up/Hono/deploy/src/main/sandbox/sandbox_deploy.sh
2026-01-18 18:08:09,062 - Knowledge - INFO - Processing batch of 6 files
2026-01-18 18:08:09,077 - Knowledge - INFO - [kw9] Queue=177, InProgress=0, PendingWorkers=20/20, Completed=786/1010 (77.8%)
2026-01-18 18:08:09,152 - Knowledge - INFO - [kw4] Queue=177, InProgress=0, PendingWorkers=20/20, Completed=786/1010 (77.8%)
2026-01-18 18:08:09,260 - Knowledge - INFO - Worker kw10 processing /app/data/T0015/307413/b0002up/Hono/tests/src/test/java/org/eclipse/hono/tests/registry/CredentialsAmqpIT.java
2026-01-18 18:08:09,328 - Knowledge - INFO - [kw15] Queue=177, InProgress=0, PendingWorkers=20/20, Completed=786/1010 (77.8%)
2026-01-18 18:08:09,396 - Knowledge - INFO - [kw5] Queue=177, InProgress=0, PendingWorkers=20/20, Completed=788/1010 (78.0%)
2026-01-18 18:08:09,397 - Knowledge - INFO - process ingested knowledge for /app/data/T0015/307413/b0002up/Hono/deploy/src/main/deploy/helm/templates/hono-adapter-http/hono-adapter-http-vertx-deployment.yaml
2026-01-18 18:08:09,397 - Knowledge - INFO - [kw19] Queue=177, InProgress=0, PendingWorkers=20/20, Completed=788/1010 (78.0%)
2026-01-18 18:08:09,397 - Knowledge - INFO - Processing batch of 6 files
2026-01-18 18:08:09,532 - Knowledge - INFO - Fast-tracked /app/data/T0015/307413/b0002up/Hono/tests/src/test/java/org/eclipse/hono/tests/jms/JmsBasedHonoConnection.java (ext=.java, size=11219)
2026-01-18 18:08:09,581 - Knowledge - INFO - process ingested knowledge for /app/data/T0015/307413/b0002up/Hono/deploy/src/main/deploy/azure/arm/templates/serviceBusDeploy.json
2026-01-18 18:08:09,581 - Knowledge - INFO - [kw6] Queue=177, InProgress=0, PendingWorkers=20/20, Completed=792/1010 (78.4%)
2026-01-18 18:08:09,668 - Knowledge - INFO - process ingested knowledge for /app/data/T0015/307413/b0002up/Hono/deploy/src/main/deploy/example-tenants.json
2026-01-18 18:08:09,748 - Knowledge - INFO - Fast-tracked /app/data/T0015/307413/b0002up/Hono/tests/src/test/java/org/eclipse/hono/tests/mqtt/MqttTestBase.java (ext=.java, size=8303)
2026-01-18 18:08:09,802 - Knowledge - INFO - [kw18] Queue=177, InProgress=0, PendingWorkers=20/20, Completed=792/1010 (78.4%)
2026-01-18 18:08:09,839 - Knowledge - INFO - Fast-tracked /app/data/T0015/307413/b0002up/Hono/tests/src/test/java/org/eclipse/hono/tests/registry/DeviceRegistrationHttpIT.java (ext=.java, size=12742)
2026-01-18 18:08:09,842 - Knowledge - INFO - Async storage completed for 6 embeddings
2026-01-18 18:08:09,916 - Knowledge - INFO - process ingested knowledge for /app/data/T0015/307413/b0002up/Hono/deploy/src/main/deploy/example-credentials.json
2026-01-18 18:08:10,032 - Knowledge - INFO - Fast-tracked /app/data/T0015/307413/b0002up/Hono/tests/src/test/java/org/eclipse/hono/tests/CommandEndpointConfiguration.java (ext=.java, size=5520)
2026-01-18 18:08:10,135 - Knowledge - INFO - Processing batch of 6 files
2026-01-18 18:08:10,212 - Knowledge - INFO - process ingested knowledge for /app/data/T0015/307413/b0002up/Hono/deploy/src/main/sandbox/sandbox-credentials.json
2026-01-18 18:08:10,305 - Knowledge - INFO - Batch sizing: calculated=5, max_allowed=10, queue=177, active_workers=20/20
2026-01-18 18:08:10,412 - Knowledge - INFO - Batch sizing: calculated=5, max_allowed=10, queue=177, active_workers=20/20
2026-01-18 18:08:10,523 - Knowledge - INFO - Fast-tracked /app/data/T0015/307413/b0002up/Hono/tests/src/test/java/org/eclipse/hono/tests/registry/CredentialsAmqpIT.java (ext=.java, size=3157)
2026-01-18 18:08:10,621 - Knowledge - INFO - Batch sizing: calculated=5, max_allowed=10, queue=177, active_workers=20/20
2026-01-18 18:08:10,697 - Knowledge - INFO - Batch sizing: calculated=5, max_allowed=10, queue=177, active_workers=20/20
2026-01-18 18:08:10,870 - Knowledge - INFO - Batch sizing: calculated=5, max_allowed=10, queue=177, active_workers=20/20
2026-01-18 18:08:10,990 - Knowledge - INFO - process ingested knowledge for /app/data/T0015/307413/b0002up/Hono/deploy/src/main/sandbox/artemis/artemis-bootstrap.xml
2026-01-18 18:08:11,094 - Knowledge - INFO - Worker kw11 processing /app/data/T0015/307413/b0002up/Hono/tests/src/test/java/org/eclipse/hono/tests/jms/JmsBasedRegistrationClient.java
2026-01-18 18:08:11,171 - Knowledge - INFO - process ingested knowledge for /app/data/T0015/307413/b0002up/Hono/deploy/src/main/deploy/azure/arm/templates/vnetDeploy.json
2026-01-18 18:08:11,252 - Knowledge - INFO - Batch sizing: calculated=5, max_allowed=10, queue=177, active_workers=20/20
2026-01-18 18:08:11,417 - Knowledge - INFO - Worker kw2 processing /app/data/T0015/307413/b0002up/Hono/tests/src/test/java/org/eclipse/hono/tests/mqtt/TelemetryMqttQoS0IT.java
2026-01-18 18:08:11,436 - Knowledge - INFO - [kw17] Queue=177, InProgress=0, PendingWorkers=20/20, Completed=798/1010 (79.0%)
2026-01-18 18:08:11,495 - Knowledge - INFO - Batch sizing: calculated=5, max_allowed=10, queue=177, active_workers=20/20
2026-01-18 18:08:11,578 - Knowledge - INFO - Worker kw7 processing /app/data/T0015/307413/b0002up/Hono/tests/src/test/java/org/eclipse/hono/tests/registry/DeviceRegistrationApiTests.java
2026-01-18 18:08:11,794 - Knowledge - INFO - process ingested knowledge for /app/data/T0015/307413/b0002up/Hono/deploy/src/main/sandbox/sandbox-permissions.json
2026-01-18 18:08:11,897 - Knowledge - INFO - Async storage completed for 6 embeddings
2026-01-18 18:08:11,900 - Knowledge - INFO - [kw20] Queue=177, InProgress=0, PendingWorkers=20/20, Completed=798/1010 (79.0%)
2026-01-18 18:08:12,012 - Knowledge - INFO - process ingested knowledge for /app/data/T0015/307413/b0002up/Hono/deploy/src/main/sandbox/grafana/provisioning/dashboards/filesystem-provisioner.yaml
2026-01-18 18:08:12,124 - Knowledge - INFO - process ingested knowledge for /app/data/T0015/307413/b0002up/Hono/deploy/src/main/sandbox/hono-adapter-mqtt-vertx-config.yml
2026-01-18 18:08:12,224 - Knowledge - INFO - Async storing batch of 6 embeddings
2026-01-18 18:08:12,315 - Knowledge - INFO - Async storing batch of 6 embeddings
2026-01-18 18:08:12,446 - Knowledge - INFO - Worker kw10 processing /app/data/T0015/307413/b0002up/Hono/tests/src/test/java/org/eclipse/hono/tests/registry/TenantAmqpIT.java
2026-01-18 18:08:12,537 - Knowledge - INFO - Async storing batch of 6 embeddings
2026-01-18 18:08:12,640 - Knowledge - INFO - Async storing batch of 6 embeddings
2026-01-18 18:08:12,725 - Knowledge - INFO - Async storing batch of 6 embeddings
2026-01-18 18:08:12,832 - Knowledge - INFO - process ingested knowledge for /app/data/T0015/307413/b0002up/Hono/deploy/src/main/sandbox/readme.md
2026-01-18 18:08:12,952 - Knowledge - INFO - Fast-tracked /app/data/T0015/307413/b0002up/Hono/tests/src/test/java/org/eclipse/hono/tests/jms/JmsBasedRegistrationClient.java (ext=.java, size=6102)
2026-01-18 18:08:13,126 - Knowledge - INFO - Async storing batch of 6 embeddings
2026-01-18 18:08:13,252 - Knowledge - INFO - Fast-tracked /app/data/T0015/307413/b0002up/Hono/tests/src/test/java/org/eclipse/hono/tests/mqtt/TelemetryMqttQoS0IT.java (ext=.java, size=4040)
2026-01-18 18:08:13,345 - Knowledge - INFO - Batch sizing: calculated=5, max_allowed=10, queue=177, active_workers=20/20
2026-01-18 18:08:13,452 - Knowledge - INFO - Async storing batch of 6 embeddings
2026-01-18 18:08:13,519 - Knowledge - INFO - Fast-tracked /app/data/T0015/307413/b0002up/Hono/tests/src/test/java/org/eclipse/hono/tests/registry/DeviceRegistrationApiTests.java (ext=.java, size=10073)
2026-01-18 18:08:13,647 - Knowledge - INFO - process ingested knowledge for /app/data/T0015/307413/b0002up/Hono/deploy/src/main/sandbox/create_sandbox_cert_secrets.sh
2026-01-18 18:08:13,679 - Knowledge - INFO - [kw16] Queue=142, InProgress=0, PendingWorkers=20/20, Completed=798/1010 (79.0%)
2026-01-18 18:08:13,702 - Knowledge - INFO - Processing batch of 6 files
2026-01-18 18:08:13,794 - Knowledge - INFO - Batch sizing: calculated=5, max_allowed=10, queue=177, active_workers=20/20
2026-01-18 18:08:13,858 - Knowledge - INFO - [LLM_CALL] Completed: create_certs.sh:chunk1, Duration: 4799ms, PromptTokens: 4506, CompletionTokens: 390, Cost: $0.00061
2026-01-18 18:08:13,896 - Knowledge - INFO - process ingested knowledge for /app/data/T0015/307413/b0002up/Hono/deploy/src/main/sandbox/grafana/provisioning/datasources.yaml
2026-01-18 18:08:13,976 - Knowledge - INFO - process ingested knowledge for /app/data/T0015/307413/b0002up/Hono/deploy/src/main/sandbox/qpid/sandbox-qdrouterd.json
2026-01-18 18:08:14,087 - Knowledge - INFO - Worker kw9 processing /app/data/T0015/307413/b0002up/Hono/tests/src/test/java/org/eclipse/hono/tests/registry/TenantJmsIT.java
2026-01-18 18:08:14,185 - Knowledge - INFO - Worker kw4 processing /app/data/T0015/307413/b0002up/Hono/tests/src/test/java/org/eclipse/hono/tests/registry/TenantApiTests.java
2026-01-18 18:08:14,306 - Knowledge - INFO - Fast-tracked /app/data/T0015/307413/b0002up/Hono/tests/src/test/java/org/eclipse/hono/tests/registry/TenantAmqpIT.java (ext=.java, size=4867)
2026-01-18 18:08:14,416 - Knowledge - INFO - Worker kw15 processing /app/data/T0015/307413/b0002up/Hono/tests/src/test/java/org/eclipse/hono/tests/Tenants.java
2026-01-18 18:08:14,499 - Knowledge - INFO - Worker kw5 processing /app/data/T0015/307413/b0002up/Hono/tests/src/test/java/org/eclipse/hono/tests/coap/TelemetryCoapIT.java
2026-01-18 18:08:14,576 - Knowledge - INFO - Worker kw19 processing /app/data/T0015/307413/b0002up/Hono/tests/src/test/java/org/eclipse/hono/tests/amqp/TelemetryAmqpIT.java
2026-01-18 18:08:14,660 - Knowledge - INFO - process ingested knowledge for /app/data/T0015/307413/b0002up/Hono/deploy/src/main/sandbox/sandbox_undeploy.sh
2026-01-18 18:08:14,742 - Knowledge - INFO - Async storage completed for 6 embeddings
2026-01-18 18:08:14,853 - Knowledge - INFO - Worker kw6 processing /app/data/T0015/307413/b0002up/Hono/tests/src/test/java/org/eclipse/hono/tests/IntegrationTestApplicationClientFactory.java
2026-01-18 18:08:14,943 - Knowledge - INFO - Async storage completed for 6 embeddings
2026-01-18 18:08:15,156 - Knowledge - INFO - Worker kw18 processing /app/data/T0015/307413/b0002up/Hono/tests/src/test/resources/auth/logback-spring.xml
2026-01-18 18:08:15,257 - Knowledge - INFO - Async storage completed for 6 embeddings
2026-01-18 18:08:15,445 - Knowledge - INFO - Batch sizing: calculated=5, max_allowed=10, queue=142, active_workers=20/20
2026-01-18 18:08:15,533 - Knowledge - INFO - process ingested knowledge for /app/data/T0015/307413/b0002up/Hono/tests/src/test/java/org/eclipse/hono/tests/http/CorsIT.java
2026-01-18 18:08:15,704 - Knowledge - INFO - done ingest for /app/data/T0015/307413/b0002up/Hono/demo-certs/create_certs.sh
2026-01-18 18:08:15,705 - Knowledge - INFO - Async storing batch of 6 embeddings
2026-01-18 18:08:15,705 - Knowledge - INFO - Async storing batch of 6 embeddings
2026-01-18 18:08:15,796 - Knowledge - INFO - process ingested knowledge for /app/data/T0015/307413/b0002up/Hono/deploy/src/main/sandbox/hono-service-device-registry-config.yml
2026-01-18 18:08:15,908 - Knowledge - INFO - process ingested knowledge for /app/data/T0015/307413/b0002up/Hono/deploy/src/main/sandbox/sandbox-tenants.json
2026-01-18 18:08:15,947 - Knowledge - INFO - [WEBSOCKET] Sent: Type=progress_update, Size: 294, Duration: 0ms
2026-01-18 18:08:15,966 - Knowledge - INFO - Fast-tracked /app/data/T0015/307413/b0002up/Hono/tests/src/test/java/org/eclipse/hono/tests/registry/TenantJmsIT.java (ext=.java, size=8318)
2026-01-18 18:08:16,053 - Knowledge - INFO - Fast-tracked /app/data/T0015/307413/b0002up/Hono/tests/src/test/java/org/eclipse/hono/tests/registry/TenantApiTests.java (ext=.java, size=10917)
2026-01-18 18:08:16,157 - Knowledge - INFO - Async storage completed for 6 embeddings
2026-01-18 18:08:16,245 - Knowledge - INFO - Fast-tracked /app/data/T0015/307413/b0002up/Hono/tests/src/test/java/org/eclipse/hono/tests/Tenants.java (ext=.java, size=3859)
2026-01-18 18:08:16,334 - Knowledge - INFO - Fast-tracked /app/data/T0015/307413/b0002up/Hono/tests/src/test/java/org/eclipse/hono/tests/coap/TelemetryCoapIT.java (ext=.java, size=3586)
2026-01-18 18:08:16,422 - Knowledge - INFO - Fast-tracked /app/data/T0015/307413/b0002up/Hono/tests/src/test/java/org/eclipse/hono/tests/amqp/TelemetryAmqpIT.java (ext=.java, size=1636)
2026-01-18 18:08:16,514 - Knowledge - INFO - process ingested knowledge for /app/data/T0015/307413/b0002up/Hono/deploy/src/main/sandbox/hono-adapter-amqp-vertx-config.yml
2026-01-18 18:08:16,724 - Knowledge - INFO - Fast-tracked /app/data/T0015/307413/b0002up/Hono/tests/src/test/java/org/eclipse/hono/tests/IntegrationTestApplicationClientFactory.java (ext=.java, size=1895)
2026-01-18 18:08:16,940 - Knowledge - INFO - Fast-tracked /app/data/T0015/307413/b0002up/Hono/tests/src/test/resources/auth/logback-spring.xml (ext=.xml, size=2030)
2026-01-18 18:08:17,252 - Knowledge - INFO - process ingested knowledge for /app/data/T0015/307413/b0002up/Hono/tests/src/test/java/org/eclipse/hono/tests/http/HttpProtocolException.java
2026-01-18 18:08:17,431 - Knowledge - INFO - Worker kw17 processing /app/data/T0015/307413/b0002up/Hono/tests/src/test/resources/deviceregistry/logback-spring.xml
2026-01-18 18:08:17,522 - Knowledge - INFO - Worker kw20 processing /app/data/T0015/307413/b0002up/Hono/tests/src/test/resources/artemis/artemis-bootstrap.xml
2026-01-18 18:08:17,638 - Knowledge - INFO - process ingested knowledge for /app/data/T0015/307413/b0002up/Hono/deploy/src/main/sandbox/hono-adapter-http-vertx-config.yml
2026-01-18 18:08:17,725 - Knowledge - INFO - process ingested knowledge for /app/data/T0015/307413/b0002up/Hono/deploy/src/main/sandbox/hono-adapter-kura-config.yml
2026-01-18 18:08:17,805 - Knowledge - INFO - Processing batch of 6 files
2026-01-18 18:08:17,806 - Knowledge - INFO - Processing batch of 6 files
2026-01-18 18:08:17,806 - Knowledge - INFO - Processing batch of 6 files
2026-01-18 18:08:17,806 - Knowledge - INFO - Async storing batch of 6 embeddings
2026-01-18 18:08:17,806 - Knowledge - INFO - Processing batch of 6 files
2026-01-18 18:08:17,806 - Knowledge - INFO - [WEBSOCKET] Sent: Type=unknown, Size: ?, Duration: 1859ms
2026-01-18 18:08:17,928 - Knowledge - INFO - Worker kw9 processing /app/data/T0015/307413/b0002up/Hono/tests/src/test/java/org/eclipse/hono/tests/registry/CredentialsJmsIT.java
2026-01-18 18:08:17,998 - Knowledge - INFO - Worker kw4 processing /app/data/T0015/307413/b0002up/Hono/tests/src/test/java/org/eclipse/hono/tests/registry/TenantHttpIT.java
2026-01-18 18:08:18,189 - Knowledge - INFO - Worker kw15 processing /app/data/T0015/307413/b0002up/Hono/tests/src/test/java/org/eclipse/hono/tests/LegacyCommandClient.java
2026-01-18 18:08:18,285 - Knowledge - INFO - Worker kw5 processing /app/data/T0015/307413/b0002up/Hono/tests/src/test/java/org/eclipse/hono/tests/amqp/AmqpConnectionIT.java
2026-01-18 18:08:18,365 - Knowledge - INFO - Worker kw19 processing /app/data/T0015/307413/b0002up/Hono/tests/src/test/java/org/eclipse/hono/tests/amqp/AmqpCommandEndpointConfiguration.java
2026-01-18 18:08:18,455 - Knowledge - INFO - process ingested knowledge for /app/data/T0015/307413/b0002up/Hono/deploy/src/main/sandbox/prometheus-config.yml
2026-01-18 18:08:18,533 - Knowledge - INFO - Worker kw6 processing /app/data/T0015/307413/b0002up/Hono/tests/src/test/resources/http/application.yml
2026-01-18 18:08:18,627 - Knowledge - INFO - Worker kw18 processing /app/data/T0015/307413/b0002up/Hono/tests/src/test/resources/mqtt/application.yml
2026-01-18 18:08:18,720 - Knowledge - INFO - process ingested knowledge for /app/data/T0015/307413/b0002up/Hono/tests/src/test/java/org/eclipse/hono/tests/http/HttpTestBase.java
2026-01-18 18:08:18,814 - Knowledge - INFO - Fast-tracked /app/data/T0015/307413/b0002up/Hono/tests/src/test/resources/deviceregistry/logback-spring.xml (ext=.xml, size=1789)
2026-01-18 18:08:18,894 - Knowledge - INFO - Fast-tracked /app/data/T0015/307413/b0002up/Hono/tests/src/test/resources/artemis/artemis-bootstrap.xml (ext=.xml, size=1158)
2026-01-18 18:08:19,013 - Knowledge - INFO - process ingested knowledge for /app/data/T0015/307413/b0002up/Hono/deploy/src/main/sandbox/sandbox_deploy.sh
2026-01-18 18:08:19,133 - Knowledge - INFO - process ingested knowledge for /app/data/T0015/307413/b0002up/Hono/deploy/src/main/sandbox/artemis/artemis-broker.xml
2026-01-18 18:08:19,220 - Knowledge - INFO - process ingested knowledge for /app/data/T0015/307413/b0002up/Hono/tests/src/test/java/org/eclipse/hono/tests/auth/AuthServerAmqpIT.java
2026-01-18 18:08:19,338 - Knowledge - INFO - process ingested knowledge for /app/data/T0015/307413/b0002up/Hono/tests/src/test/java/org/eclipse/hono/tests/mqtt/MqttPublishTestBase.java
2026-01-18 18:08:19,418 - Knowledge - INFO - process ingested knowledge for /app/data/T0015/307413/b0002up/Hono/tests/src/test/java/org/eclipse/hono/tests/mqtt/EventMqttIT.java
2026-01-18 18:08:19,537 - Knowledge - INFO - Worker kw16 processing /app/data/T0015/307413/b0002up/Hono/tests/src/test/resources/amqp/logback-spring.xml
2026-01-18 18:08:19,653 - Knowledge - INFO - process ingested knowledge for /app/data/T0015/307413/b0002up/Hono/readme.md
2026-01-18 18:08:19,730 - Knowledge - INFO - Progress: 79.6% | Files: 833/1010 | Rate: 1.83 files/sec | Queue: 127
2026-01-18 18:08:19,732 - Knowledge - INFO - Processing batch of 5 files
2026-01-18 18:08:19,821 - Knowledge - INFO - Fast-tracked /app/data/T0015/307413/b0002up/Hono/tests/src/test/java/org/eclipse/hono/tests/registry/CredentialsJmsIT.java (ext=.java, size=6329)
2026-01-18 18:08:19,955 - Knowledge - INFO - Fast-tracked /app/data/T0015/307413/b0002up/Hono/tests/src/test/java/org/eclipse/hono/tests/registry/TenantHttpIT.java (ext=.java, size=10930)
2026-01-18 18:08:20,038 - Knowledge - INFO - Fast-tracked /app/data/T0015/307413/b0002up/Hono/tests/src/test/java/org/eclipse/hono/tests/LegacyCommandClient.java (ext=.java, size=5888)
2026-01-18 18:08:20,116 - Knowledge - INFO - Fast-tracked /app/data/T0015/307413/b0002up/Hono/tests/src/test/java/org/eclipse/hono/tests/amqp/AmqpConnectionIT.java (ext=.java, size=9937)
2026-01-18 18:08:20,204 - Knowledge - INFO - Fast-tracked /app/data/T0015/307413/b0002up/Hono/tests/src/test/java/org/eclipse/hono/tests/amqp/AmqpCommandEndpointConfiguration.java (ext=.java, size=2268)
2026-01-18 18:08:20,319 - Knowledge - INFO - process ingested knowledge for /app/data/T0015/307413/b0002up/Hono/deploy/pom.xml
2026-01-18 18:08:20,420 - Knowledge - INFO - Fast-tracked /app/data/T0015/307413/b0002up/Hono/tests/src/test/resources/http/application.yml (ext=.yml, size=2263)
2026-01-18 18:08:20,511 - Knowledge - INFO - Fast-tracked /app/data/T0015/307413/b0002up/Hono/tests/src/test/resources/mqtt/application.yml (ext=.yml, size=2263)
2026-01-18 18:08:20,616 - Knowledge - INFO - process ingested knowledge for /app/data/T0015/307413/b0002up/Hono/tests/src/test/java/org/eclipse/hono/tests/http/EventHttpIT.java
2026-01-18 18:08:20,692 - Knowledge - INFO - Worker kw17 processing /app/data/T0015/307413/b0002up/Hono/tests/src/test/resources/deviceregistry/credentials.json
2026-01-18 18:08:20,815 - Knowledge - INFO - Worker kw20 processing /app/data/T0015/307413/b0002up/Hono/tests/src/test/resources/coap/application.yml
2026-01-18 18:08:20,922 - Knowledge - INFO - process ingested knowledge for /app/data/T0015/307413/b0002up/Hono/deploy/src/main/sandbox/hono-service-auth-config.yml
2026-01-18 18:08:21,104 - Knowledge - INFO - process ingested knowledge for /app/data/T0015/307413/b0002up/Hono/tests/src/test/java/org/eclipse/hono/tests/jms/JmsBasedRequestResponseClient.java
2026-01-18 18:08:21,206 - Knowledge - INFO - process ingested knowledge for /app/data/T0015/307413/b0002up/Hono/tests/src/test/java/org/eclipse/hono/tests/mqtt/TelemetryMqttQoS1IT.java
2026-01-18 18:08:21,304 - Knowledge - INFO - process ingested knowledge for /app/data/T0015/307413/b0002up/Hono/tests/src/test/java/org/eclipse/hono/tests/mqtt/MqttConnectionIT.java
2026-01-18 18:08:21,375 - Knowledge - INFO - Fast-tracked /app/data/T0015/307413/b0002up/Hono/tests/src/test/resources/amqp/logback-spring.xml (ext=.xml, size=1829)
2026-01-18 18:08:21,472 - Knowledge - INFO - process ingested knowledge for /app/data/T0015/307413/b0002up/Hono/demo-certs/create_certs.sh
2026-01-18 18:08:21,556 - Knowledge - INFO - [kw13] Queue=127, InProgress=0, PendingWorkers=20/20, Completed=833/1010 (82.5%)
2026-01-18 18:08:21,644 - Knowledge - INFO - process ingested knowledge for /app/data/T0015/307413/b0002up/Hono/tests/src/test/java/org/eclipse/hono/tests/registry/DeviceRegistryTestBase.java
2026-01-18 18:08:21,711 - Knowledge - INFO - [WEBSOCKET] Sent: Type=progress_update, Size: 294, Duration: 0ms
2026-01-18 18:08:21,736 - Knowledge - INFO - Worker kw9 processing /app/data/T0015/307413/b0002up/Hono/tests/src/test/java/org/eclipse/hono/tests/registry/CredentialsHttpIT.java
2026-01-18 18:08:21,831 - Knowledge - INFO - Worker kw4 processing /app/data/T0015/307413/b0002up/Hono/tests/src/test/java/org/eclipse/hono/tests/LegacyCommandClientImpl.java
2026-01-18 18:08:21,909 - Knowledge - INFO - Worker kw15 processing /app/data/T0015/307413/b0002up/Hono/tests/src/test/java/org/eclipse/hono/tests/coap/EventCoapIT.java
2026-01-18 18:08:22,029 - Knowledge - INFO - Worker kw5 processing /app/data/T0015/307413/b0002up/Hono/tests/src/test/java/org/eclipse/hono/tests/amqp/TelemetryJmsQoS1IT.java
2026-01-18 18:08:22,112 - Knowledge - INFO - Worker kw19 processing /app/data/T0015/307413/b0002up/Hono/tests/src/test/java/org/eclipse/hono/tests/amqp/AmqpUploadTestBase.java
2026-01-18 18:08:22,287 - Knowledge - INFO - Worker kw6 processing /app/data/T0015/307413/b0002up/Hono/tests/src/test/resources/http/logback-spring.xml
2026-01-18 18:08:22,382 - Knowledge - INFO - Worker kw18 processing /app/data/T0015/307413/b0002up/Hono/tests/src/test/resources/mqtt/logback-spring.xml
2026-01-18 18:08:22,504 - Knowledge - INFO - process ingested knowledge for /app/data/T0015/307413/b0002up/Hono/tests/src/test/java/org/eclipse/hono/tests/DeviceRegistryHttpClient.java
2026-01-18 18:08:22,607 - Knowledge - INFO - Fast-tracked /app/data/T0015/307413/b0002up/Hono/tests/src/test/resources/deviceregistry/credentials.json (ext=.json, size=2008)
2026-01-18 18:08:22,736 - Knowledge - INFO - Fast-tracked /app/data/T0015/307413/b0002up/Hono/tests/src/test/resources/coap/application.yml (ext=.yml, size=2167)
2026-01-18 18:08:22,923 - Knowledge - INFO - process ingested knowledge for /app/data/T0015/307413/b0002up/Hono/tests/src/test/java/org/eclipse/hono/tests/jms/JmsBasedTenantClient.java
2026-01-18 18:08:23,079 - Knowledge - INFO - process ingested knowledge for /app/data/T0015/307413/b0002up/Hono/tests/src/test/java/org/eclipse/hono/tests/mqtt/CommandAndControlMqttIT.java
2026-01-18 18:08:23,157 - Knowledge - INFO - process ingested knowledge for /app/data/T0015/307413/b0002up/Hono/tests/src/test/java/org/eclipse/hono/tests/IntegrationTestApplicationClientFactoryImpl.java
2026-01-18 18:08:23,244 - Knowledge - INFO - Worker kw16 processing /app/data/T0015/307413/b0002up/Hono/tests/readme.md
2026-01-18 18:08:23,336 - Knowledge - INFO - process ingested knowledge for /app/data/T0015/307413/b0002up/Hono/demo-certs/README.md
2026-01-18 18:08:23,441 - Knowledge - INFO - Batch sizing: calculated=5, max_allowed=10, queue=127, active_workers=20/20
2026-01-18 18:08:23,514 - Knowledge - INFO - process ingested knowledge for /app/data/T0015/307413/b0002up/Hono/tests/src/test/java/org/eclipse/hono/tests/registry/CorsIT.java
2026-01-18 18:08:23,627 - Knowledge - INFO - [kw8] Queue=127, InProgress=0, PendingWorkers=20/20, Completed=833/1010 (82.5%)
2026-01-18 18:08:23,628 - Knowledge - INFO - [kw3] Queue=127, InProgress=0, PendingWorkers=20/20, Completed=833/1010 (82.5%)
2026-01-18 18:08:23,628 - Knowledge - INFO - [WEBSOCKET] Sent: Type=unknown, Size: ?, Duration: 1917ms
2026-01-18 18:08:23,713 - Knowledge - INFO - Fast-tracked /app/data/T0015/307413/b0002up/Hono/tests/src/test/java/org/eclipse/hono/tests/registry/CredentialsHttpIT.java (ext=.java, size=23206)
2026-01-18 18:08:23,830 - Knowledge - INFO - Fast-tracked /app/data/T0015/307413/b0002up/Hono/tests/src/test/java/org/eclipse/hono/tests/LegacyCommandClientImpl.java (ext=.java, size=10811)
2026-01-18 18:08:23,952 - Knowledge - INFO - Fast-tracked /app/data/T0015/307413/b0002up/Hono/tests/src/test/java/org/eclipse/hono/tests/coap/EventCoapIT.java (ext=.java, size=1857)
2026-01-18 18:08:24,026 - Knowledge - INFO - Fast-tracked /app/data/T0015/307413/b0002up/Hono/tests/src/test/java/org/eclipse/hono/tests/amqp/TelemetryJmsQoS1IT.java (ext=.java, size=7868)
2026-01-18 18:08:24,098 - Knowledge - INFO - Fast-tracked /app/data/T0015/307413/b0002up/Hono/tests/src/test/java/org/eclipse/hono/tests/amqp/AmqpUploadTestBase.java (ext=.java, size=18638)
2026-01-18 18:08:24,182 - Knowledge - INFO - Fast-tracked /app/data/T0015/307413/b0002up/Hono/tests/src/test/resources/http/logback-spring.xml (ext=.xml, size=1847)
2026-01-18 18:08:24,285 - Knowledge - INFO - Fast-tracked /app/data/T0015/307413/b0002up/Hono/tests/src/test/resources/mqtt/logback-spring.xml (ext=.xml, size=1764)
2026-01-18 18:08:24,381 - Knowledge - INFO - process ingested knowledge for /app/data/T0015/307413/b0002up/Hono/tests/src/test/java/org/eclipse/hono/tests/CommandEndpointConfiguration.java
2026-01-18 18:08:24,455 - Knowledge - INFO - Worker kw17 processing /app/data/T0015/307413/b0002up/Hono/tests/src/test/resources/deviceregistry/tenants.json
2026-01-18 18:08:24,573 - Knowledge - INFO - Worker kw20 processing /app/data/T0015/307413/b0002up/Hono/tests/src/test/resources/coap/logback-spring.xml
2026-01-18 18:08:24,662 - Knowledge - INFO - process ingested knowledge for /app/data/T0015/307413/b0002up/Hono/tests/src/test/java/org/eclipse/hono/tests/jms/JmsBasedCredentialsClient.java
2026-01-18 18:08:24,753 - Knowledge - INFO - process ingested knowledge for /app/data/T0015/307413/b0002up/Hono/tests/src/test/java/org/eclipse/hono/tests/mqtt/MqttCommandEndpointConfiguration.java
2026-01-18 18:08:24,868 - Knowledge - INFO - process ingested knowledge for /app/data/T0015/307413/b0002up/Hono/tests/src/test/java/org/eclipse/hono/tests/IntegrationTestSupport.java
2026-01-18 18:08:24,945 - Knowledge - INFO - Fast-tracked /app/data/T0015/307413/b0002up/Hono/tests/readme.md (ext=.md, size=1015)
2026-01-18 18:08:25,026 - Knowledge - INFO - process ingested knowledge for /app/data/T0015/307413/b0002up/Hono/demo-certs/pom.xml
2026-01-18 18:08:25,198 - Knowledge - INFO - process ingested knowledge for /app/data/T0015/307413/b0002up/Hono/tests/src/test/java/org/eclipse/hono/tests/registry/DeviceRegistrationJmsIT.java
2026-01-18 18:08:25,287 - Knowledge - INFO - Batch sizing: calculated=5, max_allowed=10, queue=127, active_workers=20/20
2026-01-18 18:08:25,380 - Knowledge - INFO - Batch sizing: calculated=5, max_allowed=10, queue=127, active_workers=20/20
2026-01-18 18:08:25,483 - Knowledge - INFO - Progress: 82.5% | Files: 833/1010 | Rate: 1.81 files/sec | Queue: 122
2026-01-18 18:08:25,483 - Knowledge - INFO - Async storing batch of 6 embeddings
2026-01-18 18:08:25,550 - Knowledge - INFO - Worker kw9 processing /app/data/T0015/307413/b0002up/Hono/tests/src/test/java/org/eclipse/hono/tests/registry/CredentialsApiTests.java
2026-01-18 18:08:25,628 - Knowledge - INFO - Worker kw4 processing /app/data/T0015/307413/b0002up/Hono/tests/src/test/java/org/eclipse/hono/tests/GenericMessageSenderImpl.java
2026-01-18 18:08:25,757 - Knowledge - INFO - Worker kw15 processing /app/data/T0015/307413/b0002up/Hono/tests/src/test/java/org/eclipse/hono/tests/coap/CoapTestBase.java
2026-01-18 18:08:25,840 - Knowledge - INFO - Worker kw5 processing /app/data/T0015/307413/b0002up/Hono/tests/src/test/java/org/eclipse/hono/tests/amqp/EventAmqpIT.java
2026-01-18 18:08:25,918 - Knowledge - INFO - Worker kw19 processing /app/data/T0015/307413/b0002up/Hono/tests/src/test/java/org/eclipse/hono/tests/amqp/CommandAndControlAmqpIT.java
2026-01-18 18:08:25,997 - Knowledge - INFO - Worker kw6 processing /app/data/T0015/307413/b0002up/Hono/tests/src/test/resources/auth/application.yml
2026-01-18 18:08:26,088 - Knowledge - INFO - Worker kw18 processing /app/data/T0015/307413/b0002up/Hono/tests/src/test/resources/qpid/qdrouterd-with-broker.json
2026-01-18 18:08:26,284 - Knowledge - INFO - Fast-tracked /app/data/T0015/307413/b0002up/Hono/tests/src/test/resources/deviceregistry/tenants.json (ext=.json, size=696)
2026-01-18 18:08:26,407 - Knowledge - INFO - Fast-tracked /app/data/T0015/307413/b0002up/Hono/tests/src/test/resources/coap/logback-spring.xml (ext=.xml, size=1847)
2026-01-18 18:08:26,566 - Knowledge - INFO - process ingested knowledge for /app/data/T0015/307413/b0002up/Hono/tests/src/test/java/org/eclipse/hono/tests/jms/JmsBasedHonoConnection.java
2026-01-18 18:08:26,647 - Knowledge - INFO - process ingested knowledge for /app/data/T0015/307413/b0002up/Hono/tests/src/test/java/org/eclipse/hono/tests/mqtt/MqttTestBase.java
2026-01-18 18:08:26,666 - Knowledge - INFO - [kw1] Queue=122, InProgress=0, PendingWorkers=20/20, Completed=833/1010 (82.5%)
2026-01-18 18:08:26,719 - Knowledge - INFO - process ingested knowledge for /app/data/T0015/307413/b0002up/Hono/tests/src/test/java/org/eclipse/hono/tests/registry/DeviceRegistrationHttpIT.java
2026-01-18 18:08:26,797 - Knowledge - INFO - Worker kw16 processing /app/data/T0015/307413/b0002up/Hono/tests/pom.xml
2026-01-18 18:08:26,882 - Knowledge - INFO - process ingested knowledge for /app/data/T0015/307413/b0002up/Hono/tests/src/test/java/org/eclipse/hono/tests/http/TelemetryHttpIT.java
2026-01-18 18:08:26,969 - Knowledge - INFO - process ingested knowledge for /app/data/T0015/307413/b0002up/Hono/tests/src/test/java/org/eclipse/hono/tests/registry/CredentialsAmqpIT.java
2026-01-18 18:08:27,080 - Knowledge - INFO - Async storing batch of 6 embeddings
2026-01-18 18:08:27,171 - Knowledge - INFO - Async storing batch of 6 embeddings
2026-01-18 18:08:27,287 - Knowledge - INFO - [kw14] Queue=112, InProgress=0, PendingWorkers=20/20, Completed=833/1010 (82.5%)
2026-01-18 18:08:27,374 - Knowledge - INFO - Worker kw13 processing /app/data/T0015/307413/b0002up/Hono/jmeter/src/main/java/org/eclipse/hono/jmeter/ui/HonoCommanderSamplerUI.java
2026-01-18 18:08:27,488 - Knowledge - INFO - Fast-tracked /app/data/T0015/307413/b0002up/Hono/tests/src/test/java/org/eclipse/hono/tests/registry/CredentialsApiTests.java (ext=.java, size=11281)
2026-01-18 18:08:27,588 - Knowledge - INFO - Fast-tracked /app/data/T0015/307413/b0002up/Hono/tests/src/test/java/org/eclipse/hono/tests/GenericMessageSenderImpl.java (ext=.java, size=5985)
2026-01-18 18:08:27,701 - Knowledge - INFO - Fast-tracked /app/data/T0015/307413/b0002up/Hono/tests/src/test/java/org/eclipse/hono/tests/coap/CoapTestBase.java (ext=.java, size=36454)
2026-01-18 18:08:27,814 - Knowledge - INFO - Fast-tracked /app/data/T0015/307413/b0002up/Hono/tests/src/test/java/org/eclipse/hono/tests/amqp/EventAmqpIT.java (ext=.java, size=2008)
2026-01-18 18:08:27,888 - Knowledge - INFO - Fast-tracked /app/data/T0015/307413/b0002up/Hono/tests/src/test/java/org/eclipse/hono/tests/amqp/CommandAndControlAmqpIT.java (ext=.java, size=32485)
2026-01-18 18:08:27,966 - Knowledge - INFO - Fast-tracked /app/data/T0015/307413/b0002up/Hono/tests/src/test/resources/auth/application.yml (ext=.yml, size=684)
2026-01-18 18:08:28,074 - Knowledge - INFO - Fast-tracked /app/data/T0015/307413/b0002up/Hono/tests/src/test/resources/qpid/qdrouterd-with-broker.json (ext=.json, size=2930)
2026-01-18 18:08:28,171 - Knowledge - INFO - Worker kw17 processing /app/data/T0015/307413/b0002up/Hono/tests/src/test/resources/deviceregistry/device-identities.json
2026-01-18 18:08:28,247 - Knowledge - INFO - Worker kw20 processing /app/data/T0015/307413/b0002up/Hono/tests/src/test/resources/logback-test.xml
2026-01-18 18:08:28,368 - Knowledge - INFO - process ingested knowledge for /app/data/T0015/307413/b0002up/Hono/tests/src/test/java/org/eclipse/hono/tests/jms/JmsBasedRegistrationClient.java
2026-01-18 18:08:28,444 - Knowledge - INFO - process ingested knowledge for /app/data/T0015/307413/b0002up/Hono/tests/src/test/java/org/eclipse/hono/tests/mqtt/TelemetryMqttQoS0IT.java
2026-01-18 18:08:28,560 - Knowledge - INFO - Batch sizing: calculated=5, max_allowed=10, queue=122, active_workers=20/20
2026-01-18 18:08:28,630 - Knowledge - INFO - process ingested knowledge for /app/data/T0015/307413/b0002up/Hono/tests/src/test/java/org/eclipse/hono/tests/registry/DeviceRegistrationApiTests.java
2026-01-18 18:08:28,713 - Knowledge - INFO - Fast-tracked /app/data/T0015/307413/b0002up/Hono/tests/pom.xml (ext=.xml, size=44662)
2026-01-18 18:08:28,803 - Knowledge - INFO - process ingested knowledge for /app/data/T0015/307413/b0002up/Hono/tests/src/test/java/org/eclipse/hono/tests/http/HttpCommandEndpointConfiguration.java
2026-01-18 18:08:28,925 - Knowledge - INFO - process ingested knowledge for /app/data/T0015/307413/b0002up/Hono/tests/src/test/java/org/eclipse/hono/tests/registry/TenantAmqpIT.java
2026-01-18 18:08:29,036 - Knowledge - INFO - Worker kw8 processing /app/data/T0015/307413/b0002up/Hono/jmeter/src/main/java/org/eclipse/hono/jmeter/HonoCommanderSampler.java
2026-01-18 18:08:29,116 - Knowledge - INFO - Worker kw3 processing /app/data/T0015/307413/b0002up/Hono/jmeter/src/main/java/org/eclipse/hono/jmeter/client/HonoCommander.java
2026-01-18 18:08:29,198 - Knowledge - INFO - Batch sizing: calculated=5, max_allowed=10, queue=112, active_workers=20/20
2026-01-18 18:08:29,312 - Knowledge - INFO - Worker kw13 processing /app/data/T0015/307413/b0002up/Hono/jmeter/src/main/java/org/eclipse/hono/jmeter/ui/HonoSamplerUI.java
2026-01-18 18:08:29,408 - Knowledge - INFO - Worker kw9 processing /app/data/T0015/307413/b0002up/Hono/tests/src/test/java/org/eclipse/hono/tests/registry/DeviceRegistrationAmqpIT.java
2026-01-18 18:08:29,491 - Knowledge - INFO - Worker kw4 processing /app/data/T0015/307413/b0002up/Hono/tests/src/test/java/org/eclipse/hono/tests/CrudHttpClient.java
2026-01-18 18:08:29,583 - Knowledge - INFO - Worker kw15 processing /app/data/T0015/307413/b0002up/Hono/tests/src/test/java/org/eclipse/hono/tests/coap/CoapResultException.java
2026-01-18 18:08:29,681 - Knowledge - INFO - Worker kw5 processing /app/data/T0015/307413/b0002up/Hono/tests/src/test/java/org/eclipse/hono/tests/amqp/AmqpAdapterTestBase.java
2026-01-18 18:08:29,784 - Knowledge - INFO - Worker kw19 processing /app/data/T0015/307413/b0002up/Hono/tests/src/test/java/org/eclipse/hono/tests/client/HonoClientImplIT.java
2026-01-18 18:08:29,869 - Knowledge - INFO - Worker kw6 processing /app/data/T0015/307413/b0002up/Hono/tests/src/test/resources/auth/permissions.json
2026-01-18 18:08:29,948 - Knowledge - INFO - Worker kw18 processing /app/data/T0015/307413/b0002up/Hono/tests/src/test/resources/deviceregistry/application.yml
2026-01-18 18:08:30,027 - Knowledge - INFO - Fast-tracked /app/data/T0015/307413/b0002up/Hono/tests/src/test/resources/deviceregistry/device-identities.json (ext=.json, size=842)
2026-01-18 18:08:30,106 - Knowledge - INFO - Fast-tracked /app/data/T0015/307413/b0002up/Hono/tests/src/test/resources/logback-test.xml (ext=.xml, size=2446)
2026-01-18 18:08:30,409 - Knowledge - INFO - Async storing batch of 6 embeddings
2026-01-18 18:08:30,597 - Knowledge - INFO - Worker kw16 processing /app/data/T0015/307413/b0002up/Hono/pom.xml
2026-01-18 18:08:30,902 - Knowledge - INFO - Worker kw8 processing /app/data/T0015/307413/b0002up/Hono/jmeter/src/main/java/org/eclipse/hono/jmeter/sampleresult/HonoCommanderSampleResult.java
2026-01-18 18:08:30,993 - Knowledge - INFO - Worker kw3 processing /app/data/T0015/307413/b0002up/Hono/jmeter/src/main/java/org/eclipse/hono/jmeter/client/HonoReceiver.java
2026-01-18 18:08:31,159 - Knowledge - INFO - Worker kw13 processing /app/data/T0015/307413/b0002up/Hono/jmeter/src/main/java/org/eclipse/hono/jmeter/ui/ServerOptionsPanel.java
2026-01-18 18:08:31,235 - Knowledge - INFO - Fast-tracked /app/data/T0015/307413/b0002up/Hono/tests/src/test/java/org/eclipse/hono/tests/registry/DeviceRegistrationAmqpIT.java (ext=.java, size=3213)
2026-01-18 18:08:31,318 - Knowledge - INFO - Fast-tracked /app/data/T0015/307413/b0002up/Hono/tests/src/test/java/org/eclipse/hono/tests/CrudHttpClient.java (ext=.java, size=25547)
2026-01-18 18:08:31,378 - Knowledge - INFO - Async storing batch of 6 embeddings
2026-01-18 18:08:31,409 - Knowledge - INFO - Fast-tracked /app/data/T0015/307413/b0002up/Hono/tests/src/test/java/org/eclipse/hono/tests/coap/CoapResultException.java (ext=.java, size=1523)
2026-01-18 18:08:31,504 - Knowledge - INFO - Fast-tracked /app/data/T0015/307413/b0002up/Hono/tests/src/test/java/org/eclipse/hono/tests/amqp/AmqpAdapterTestBase.java (ext=.java, size=7936)
2026-01-18 18:08:31,612 - Knowledge - INFO - Fast-tracked /app/data/T0015/307413/b0002up/Hono/tests/src/test/java/org/eclipse/hono/tests/client/HonoClientImplIT.java (ext=.java, size=4258)
2026-01-18 18:08:31,692 - Knowledge - INFO - Fast-tracked /app/data/T0015/307413/b0002up/Hono/tests/src/test/resources/auth/permissions.json (ext=.json, size=5020)
2026-01-18 18:08:31,769 - Knowledge - INFO - Fast-tracked /app/data/T0015/307413/b0002up/Hono/tests/src/test/resources/deviceregistry/application.yml (ext=.yml, size=991)
2026-01-18 18:08:31,896 - Knowledge - INFO - Worker kw17 processing /app/data/T0015/307413/b0002up/Hono/tests/src/test/resources/artemis/artemis-broker.xml
2026-01-18 18:08:31,939 - Knowledge - INFO - [kw11] Queue=102, InProgress=0, PendingWorkers=20/20, Completed=833/1010 (82.5%)
2026-01-18 18:08:32,016 - Knowledge - INFO - Worker kw20 processing /app/data/T0015/307413/b0002up/Hono/tests/src/test/resources/amqp/application.yml
2026-01-18 18:08:32,147 - Knowledge - INFO - Worker kw1 processing /app/data/T0015/307413/b0002up/Hono/jmeter/src/jmeter/load-test-mqtt-router.sh
2026-01-18 18:08:32,269 - Knowledge - INFO - Fast-tracked /app/data/T0015/307413/b0002up/Hono/pom.xml (ext=.xml, size=24454)
2026-01-18 18:08:32,285 - Knowledge - INFO - [kw2] Queue=102, InProgress=0, PendingWorkers=20/20, Completed=833/1010 (82.5%)
2026-01-18 18:08:32,367 - Knowledge - INFO - Fast-tracked /app/data/T0015/307413/b0002up/Hono/jmeter/src/main/java/org/eclipse/hono/jmeter/sampleresult/HonoCommanderSampleResult.java (ext=.java, size=1227)
2026-01-18 18:08:32,456 - Knowledge - INFO - Worker kw3 processing /app/data/T0015/307413/b0002up/Hono/jmeter/src/main/java/org/eclipse/hono/jmeter/client/HonoSender.java
2026-01-18 18:08:32,535 - Knowledge - INFO - [kw7] Queue=102, InProgress=0, PendingWorkers=20/20, Completed=833/1010 (82.5%)
2026-01-18 18:08:32,550 - Knowledge - INFO - Worker kw13 processing /app/data/T0015/307413/b0002up/Hono/jmeter/src/main/java/org/eclipse/hono/jmeter/ui/HonoReceiverSamplerUI.java
2026-01-18 18:08:32,606 - Knowledge - INFO - [kw10] Queue=102, InProgress=0, PendingWorkers=20/20, Completed=833/1010 (82.5%)
2026-01-18 18:08:32,630 - Knowledge - INFO - Async storage completed for 6 embeddings
2026-01-18 18:08:32,631 - Knowledge - INFO - [kw12] Queue=102, InProgress=0, PendingWorkers=20/20, Completed=833/1010 (82.5%)
2026-01-18 18:08:32,711 - Knowledge - INFO - Async storage completed for 6 embeddings
2026-01-18 18:08:32,795 - Knowledge - INFO - Worker kw14 processing /app/data/T0015/307413/b0002up/Hono/client/src/test/java/org/eclipse/hono/client/impl/VertxMockSupport.java
2026-01-18 18:08:32,874 - Knowledge - INFO - Async storage completed for 6 embeddings
2026-01-18 18:08:32,984 - Knowledge - INFO - Async storage completed for 6 embeddings
2026-01-18 18:08:33,073 - Knowledge - INFO - Async storage completed for 6 embeddings
2026-01-18 18:08:33,177 - Knowledge - INFO - Async storage completed for 6 embeddings
2026-01-18 18:08:33,264 - Knowledge - INFO - Async storage completed for 6 embeddings
2026-01-18 18:08:33,349 - Knowledge - INFO - Fast-tracked /app/data/T0015/307413/b0002up/Hono/tests/src/test/resources/artemis/artemis-broker.xml (ext=.xml, size=6656)
2026-01-18 18:08:33,425 - Knowledge - INFO - Batch sizing: calculated=5, max_allowed=10, queue=102, active_workers=20/20
2026-01-18 18:08:33,534 - Knowledge - INFO - Fast-tracked /app/data/T0015/307413/b0002up/Hono/tests/src/test/resources/amqp/application.yml (ext=.yml, size=2375)
2026-01-18 18:08:33,627 - Knowledge - INFO - Fast-tracked /app/data/T0015/307413/b0002up/Hono/jmeter/src/jmeter/load-test-mqtt-router.sh (ext=.sh, size=1421)
2026-01-18 18:08:33,712 - Knowledge - INFO - Worker kw16 processing /app/data/T0015/307413/b0002up/Hono/jmeter/src/main/java/org/eclipse/hono/jmeter/HonoSampler.java
2026-01-18 18:08:33,804 - Knowledge - INFO - Batch sizing: calculated=5, max_allowed=10, queue=102, active_workers=20/20
2026-01-18 18:08:33,906 - Knowledge - INFO - Worker kw8 processing /app/data/T0015/307413/b0002up/Hono/jmeter/src/main/java/org/eclipse/hono/jmeter/HonoSenderSampler.java
2026-01-18 18:08:34,016 - Knowledge - INFO - Worker kw3 processing /app/data/T0015/307413/b0002up/Hono/jmeter/src/main/java/org/eclipse/hono/jmeter/client/AbstractClient.java
2026-01-18 18:08:34,126 - Knowledge - INFO - Batch sizing: calculated=5, max_allowed=10, queue=102, active_workers=20/20
2026-01-18 18:08:34,251 - Knowledge - INFO - Worker kw13 processing /app/data/T0015/307413/b0002up/Hono/jmeter/src/main/java/org/eclipse/hono/jmeter/ui/HonoSenderSamplerUI.java
2026-01-18 18:08:34,339 - Knowledge - INFO - Batch sizing: calculated=5, max_allowed=10, queue=102, active_workers=20/20
2026-01-18 18:08:34,454 - Knowledge - INFO - Processing batch of 5 files
2026-01-18 18:08:34,525 - Knowledge - INFO - Batch sizing: calculated=5, max_allowed=10, queue=102, active_workers=20/20
2026-01-18 18:08:34,606 - Knowledge - INFO - Processing batch of 5 files
2026-01-18 18:08:34,723 - Knowledge - INFO - Fast-tracked /app/data/T0015/307413/b0002up/Hono/client/src/test/java/org/eclipse/hono/client/impl/VertxMockSupport.java (ext=.java, size=1854)
2026-01-18 18:08:34,788 - Knowledge - INFO - Processing batch of 5 files
2026-01-18 18:08:34,879 - Knowledge - INFO - Processing batch of 5 files
2026-01-18 18:08:34,992 - Knowledge - INFO - Processing batch of 5 files
2026-01-18 18:08:35,081 - Knowledge - INFO - Processing batch of 5 files
2026-01-18 18:08:35,159 - Knowledge - INFO - Processing batch of 5 files
2026-01-18 18:08:35,240 - Knowledge - INFO - Async storage completed for 6 embeddings
2026-01-18 18:08:35,324 - Knowledge - INFO - Async storing batch of 6 embeddings
2026-01-18 18:08:35,409 - Knowledge - INFO - Async storage completed for 6 embeddings
2026-01-18 18:08:35,510 - Knowledge - INFO - Worker kw1 processing /app/data/T0015/307413/b0002up/Hono/jmeter/src/jmeter/load-test-messaging-router.sh
2026-01-18 18:08:35,679 - Knowledge - INFO - Async storing batch of 6 embeddings
2026-01-18 18:08:35,762 - Knowledge - INFO - Worker kw8 processing /app/data/T0015/307413/b0002up/Hono/jmeter/src/main/java/org/eclipse/hono/jmeter/HonoSamplerUtils.java
2026-01-18 18:08:35,839 - Knowledge - INFO - Worker kw3 processing /app/data/T0015/307413/b0002up/Hono/jmeter/src/jmeter/load-test-http-router.sh
2026-01-18 18:08:35,952 - Knowledge - INFO - Async storing batch of 6 embeddings
2026-01-18 18:08:36,158 - Knowledge - INFO - Async storing batch of 5 embeddings
2026-01-18 18:08:36,228 - Knowledge - INFO - process ingested knowledge for /app/data/T0015/307413/b0002up/Hono/tests/src/test/java/org/eclipse/hono/tests/registry/TenantJmsIT.java
2026-01-18 18:08:36,320 - Knowledge - INFO - Async storing batch of 6 embeddings
2026-01-18 18:08:36,415 - Knowledge - INFO - process ingested knowledge for /app/data/T0015/307413/b0002up/Hono/tests/src/test/java/org/eclipse/hono/tests/registry/TenantApiTests.java
2026-01-18 18:08:36,488 - Knowledge - INFO - Worker kw14 processing /app/data/T0015/307413/b0002up/Hono/client/src/test/java/org/eclipse/hono/client/impl/CommandClientImplTest.java
2026-01-18 18:08:36,602 - Knowledge - INFO - process ingested knowledge for /app/data/T0015/307413/b0002up/Hono/tests/src/test/java/org/eclipse/hono/tests/Tenants.java
2026-01-18 18:08:36,680 - Knowledge - INFO - process ingested knowledge for /app/data/T0015/307413/b0002up/Hono/tests/src/test/java/org/eclipse/hono/tests/coap/TelemetryCoapIT.java
2026-01-18 18:08:36,761 - Knowledge - INFO - process ingested knowledge for /app/data/T0015/307413/b0002up/Hono/tests/src/test/java/org/eclipse/hono/tests/amqp/TelemetryAmqpIT.java
2026-01-18 18:08:36,831 - Knowledge - INFO - Async storage completed for 6 embeddings
2026-01-18 18:08:36,843 - Knowledge - INFO - process ingested knowledge for /app/data/T0015/307413/b0002up/Hono/tests/src/test/java/org/eclipse/hono/tests/IntegrationTestApplicationClientFactory.java
2026-01-18 18:08:36,931 - Knowledge - INFO - process ingested knowledge for /app/data/T0015/307413/b0002up/Hono/tests/src/test/resources/auth/logback-spring.xml
2026-01-18 18:08:37,035 - Knowledge - INFO - Processing batch of 5 files
2026-01-18 18:08:37,115 - Knowledge - INFO - Worker kw11 processing /app/data/T0015/307413/b0002up/Hono/client/src/test/java/org/eclipse/hono/client/impl/RegistrationClientFactoryImplTest.java
2026-01-18 18:08:37,197 - Knowledge - INFO - Processing batch of 5 files
2026-01-18 18:08:37,217 - Knowledge - INFO - Fast-tracked /app/data/T0015/307413/b0002up/Hono/jmeter/src/main/java/org/eclipse/hono/jmeter/ui/HonoSamplerUI.java (small file (2588 bytes))
2026-01-18 18:08:37,278 - Knowledge - INFO - Fast-tracked /app/data/T0015/307413/b0002up/Hono/jmeter/src/jmeter/load-test-messaging-router.sh (ext=.sh, size=1303)
2026-01-18 18:08:37,368 - Knowledge - INFO - Worker kw2 processing /app/data/T0015/307413/b0002up/Hono/client/src/test/java/org/eclipse/hono/client/impl/TelemetrySenderImplTest.java
2026-01-18 18:08:37,450 - Knowledge - INFO - Fast-tracked /app/data/T0015/307413/b0002up/Hono/jmeter/src/main/java/org/eclipse/hono/jmeter/HonoSamplerUtils.java (ext=.java, size=1521)
2026-01-18 18:08:37,526 - Knowledge - INFO - Fast-tracked /app/data/T0015/307413/b0002up/Hono/jmeter/src/jmeter/load-test-http-router.sh (ext=.sh, size=1403)
2026-01-18 18:08:37,598 - Knowledge - INFO - Worker kw7 processing /app/data/T0015/307413/b0002up/Hono/client/src/test/java/org/eclipse/hono/client/impl/GatewayMapperImplTest.java
2026-01-18 18:08:37,705 - Knowledge - INFO - Worker kw10 processing /app/data/T0015/307413/b0002up/Hono/client/src/test/java/org/eclipse/hono/client/impl/HonoClientUnitTestHelper.java
2026-01-18 18:08:37,800 - Knowledge - INFO - process ingested knowledge for /app/data/T0015/307413/b0002up/Hono/tests/src/test/java/org/eclipse/hono/tests/registry/CredentialsJmsIT.java
2026-01-18 18:08:37,892 - Knowledge - INFO - Worker kw12 processing /app/data/T0015/307413/b0002up/Hono/client/src/test/java/org/eclipse/hono/client/impl/AbstractHonoClientTest.java
2026-01-18 18:08:37,985 - Knowledge - INFO - process ingested knowledge for /app/data/T0015/307413/b0002up/Hono/tests/src/test/java/org/eclipse/hono/tests/registry/TenantHttpIT.java
2026-01-18 18:08:38,087 - Knowledge - INFO - Fast-tracked /app/data/T0015/307413/b0002up/Hono/client/src/test/java/org/eclipse/hono/client/impl/CommandClientImplTest.java (ext=.java, size=5362)
2026-01-18 18:08:38,195 - Knowledge - INFO - process ingested knowledge for /app/data/T0015/307413/b0002up/Hono/tests/src/test/java/org/eclipse/hono/tests/LegacyCommandClient.java
2026-01-18 18:08:38,276 - Knowledge - INFO - process ingested knowledge for /app/data/T0015/307413/b0002up/Hono/tests/src/test/java/org/eclipse/hono/tests/amqp/AmqpConnectionIT.java
2026-01-18 18:08:38,385 - Knowledge - INFO - process ingested knowledge for /app/data/T0015/307413/b0002up/Hono/tests/src/test/java/org/eclipse/hono/tests/amqp/AmqpCommandEndpointConfiguration.java
2026-01-18 18:08:38,592 - Knowledge - INFO - process ingested knowledge for /app/data/T0015/307413/b0002up/Hono/tests/src/test/resources/http/application.yml
2026-01-18 18:08:38,674 - Knowledge - INFO - process ingested knowledge for /app/data/T0015/307413/b0002up/Hono/tests/src/test/resources/mqtt/application.yml
2026-01-18 18:08:38,755 - Knowledge - INFO - process ingested knowledge for /app/data/T0015/307413/b0002up/Hono/tests/src/test/resources/deviceregistry/logback-spring.xml
2026-01-18 18:08:38,866 - Knowledge - INFO - Fast-tracked /app/data/T0015/307413/b0002up/Hono/client/src/test/java/org/eclipse/hono/client/impl/RegistrationClientFactoryImplTest.java (ext=.java, size=1198)
2026-01-18 18:08:38,940 - Knowledge - INFO - process ingested knowledge for /app/data/T0015/307413/b0002up/Hono/tests/src/test/resources/artemis/artemis-bootstrap.xml
2026-01-18 18:08:39,136 - Knowledge - INFO - Worker kw1 processing /app/data/T0015/307413/b0002up/Hono/jmeter/pom.xml
2026-01-18 18:08:39,230 - Knowledge - INFO - Fast-tracked /app/data/T0015/307413/b0002up/Hono/client/src/test/java/org/eclipse/hono/client/impl/TelemetrySenderImplTest.java (ext=.java, size=5794)
2026-01-18 18:08:39,338 - Knowledge - INFO - Worker kw8 processing /app/data/T0015/307413/b0002up/Hono/jmeter/src/main/java/org/eclipse/hono/jmeter/HonoReceiverSampler.java
2026-01-18 18:08:39,550 - Knowledge - INFO - Fast-tracked /app/data/T0015/307413/b0002up/Hono/client/src/test/java/org/eclipse/hono/client/impl/GatewayMapperImplTest.java (ext=.java, size=12557)
2026-01-18 18:08:39,665 - Knowledge - INFO - Fast-tracked /app/data/T0015/307413/b0002up/Hono/client/src/test/java/org/eclipse/hono/client/impl/HonoClientUnitTestHelper.java (ext=.java, size=5689)
2026-01-18 18:08:39,758 - Knowledge - INFO - process ingested knowledge for /app/data/T0015/307413/b0002up/Hono/tests/src/test/java/org/eclipse/hono/tests/registry/CredentialsHttpIT.java
2026-01-18 18:08:39,842 - Knowledge - INFO - Fast-tracked /app/data/T0015/307413/b0002up/Hono/client/src/test/java/org/eclipse/hono/client/impl/AbstractHonoClientTest.java (ext=.java, size=2354)
2026-01-18 18:08:39,926 - Knowledge - INFO - process ingested knowledge for /app/data/T0015/307413/b0002up/Hono/tests/src/test/java/org/eclipse/hono/tests/LegacyCommandClientImpl.java
2026-01-18 18:08:40,006 - Knowledge - INFO - Worker kw14 processing /app/data/T0015/307413/b0002up/Hono/client/src/test/java/org/eclipse/hono/client/impl/EventConsumerImplTest.java
2026-01-18 18:08:40,128 - Knowledge - INFO - process ingested knowledge for /app/data/T0015/307413/b0002up/Hono/tests/src/test/java/org/eclipse/hono/tests/coap/EventCoapIT.java
2026-01-18 18:08:40,227 - Knowledge - INFO - process ingested knowledge for /app/data/T0015/307413/b0002up/Hono/tests/src/test/java/org/eclipse/hono/tests/amqp/TelemetryJmsQoS1IT.java
2026-01-18 18:08:40,308 - Knowledge - INFO - process ingested knowledge for /app/data/T0015/307413/b0002up/Hono/tests/src/test/java/org/eclipse/hono/tests/amqp/AmqpUploadTestBase.java
2026-01-18 18:08:40,443 - Knowledge - INFO - process ingested knowledge for /app/data/T0015/307413/b0002up/Hono/tests/src/test/resources/http/logback-spring.xml
2026-01-18 18:08:40,514 - Knowledge - INFO - process ingested knowledge for /app/data/T0015/307413/b0002up/Hono/tests/src/test/resources/mqtt/logback-spring.xml
2026-01-18 18:08:40,635 - Knowledge - INFO - process ingested knowledge for /app/data/T0015/307413/b0002up/Hono/tests/src/test/resources/deviceregistry/credentials.json
2026-01-18 18:08:40,718 - Knowledge - INFO - Worker kw11 processing /app/data/T0015/307413/b0002up/Hono/client/src/test/java/org/eclipse/hono/client/impl/RegistrationClientImplTest.java
2026-01-18 18:08:40,805 - Knowledge - INFO - process ingested knowledge for /app/data/T0015/307413/b0002up/Hono/tests/src/test/resources/coap/application.yml
2026-01-18 18:08:40,920 - Knowledge - INFO - Fast-tracked /app/data/T0015/307413/b0002up/Hono/jmeter/pom.xml (ext=.xml, size=2570)
2026-01-18 18:08:41,031 - Knowledge - INFO - Worker kw2 processing /app/data/T0015/307413/b0002up/Hono/client/src/test/java/org/eclipse/hono/client/impl/DeviceConnectionClientImplTest.java
2026-01-18 18:08:41,222 - Knowledge - INFO - Worker kw7 processing /app/data/T0015/307413/b0002up/Hono/client/src/test/java/org/eclipse/hono/client/impl/CommandConsumerFactoryImplTest.java
2026-01-18 18:08:41,297 - Knowledge - INFO - Worker kw10 processing /app/data/T0015/307413/b0002up/Hono/client/src/test/java/org/eclipse/hono/client/impl/AbstractRequestResponseClientTest.java
2026-01-18 18:08:41,390 - Knowledge - INFO - process ingested knowledge for /app/data/T0015/307413/b0002up/Hono/tests/src/test/java/org/eclipse/hono/tests/registry/CredentialsApiTests.java
2026-01-18 18:08:41,469 - Knowledge - INFO - Worker kw12 processing /app/data/T0015/307413/b0002up/Hono/client/src/test/java/org/eclipse/hono/client/impl/CredentialsClientImplTest.java
2026-01-18 18:08:41,562 - Knowledge - INFO - process ingested knowledge for /app/data/T0015/307413/b0002up/Hono/tests/src/test/java/org/eclipse/hono/tests/GenericMessageSenderImpl.java
2026-01-18 18:08:41,691 - Knowledge - INFO - Fast-tracked /app/data/T0015/307413/b0002up/Hono/client/src/test/java/org/eclipse/hono/client/impl/EventConsumerImplTest.java (ext=.java, size=4398)
2026-01-18 18:08:41,811 - Knowledge - INFO - process ingested knowledge for /app/data/T0015/307413/b0002up/Hono/tests/src/test/java/org/eclipse/hono/tests/coap/CoapTestBase.java
2026-01-18 18:08:41,897 - Knowledge - INFO - process ingested knowledge for /app/data/T0015/307413/b0002up/Hono/tests/src/test/java/org/eclipse/hono/tests/amqp/EventAmqpIT.java
2026-01-18 18:08:42,025 - Knowledge - INFO - process ingested knowledge for /app/data/T0015/307413/b0002up/Hono/tests/src/test/java/org/eclipse/hono/tests/amqp/CommandAndControlAmqpIT.java
2026-01-18 18:08:42,122 - Knowledge - INFO - process ingested knowledge for /app/data/T0015/307413/b0002up/Hono/tests/src/test/resources/auth/application.yml
2026-01-18 18:08:42,203 - Knowledge - INFO - process ingested knowledge for /app/data/T0015/307413/b0002up/Hono/tests/src/test/resources/qpid/qdrouterd-with-broker.json
2026-01-18 18:08:42,302 - Knowledge - INFO - process ingested knowledge for /app/data/T0015/307413/b0002up/Hono/tests/src/test/resources/deviceregistry/tenants.json
2026-01-18 18:08:42,399 - Knowledge - INFO - Fast-tracked /app/data/T0015/307413/b0002up/Hono/client/src/test/java/org/eclipse/hono/client/impl/RegistrationClientImplTest.java (ext=.java, size=9688)
2026-01-18 18:08:42,484 - Knowledge - INFO - process ingested knowledge for /app/data/T0015/307413/b0002up/Hono/tests/src/test/resources/coap/logback-spring.xml
2026-01-18 18:08:42,572 - Knowledge - INFO - Worker kw1 processing /app/data/T0015/307413/b0002up/Hono/CONTRIBUTING.md
2026-01-18 18:08:42,700 - Knowledge - INFO - Fast-tracked /app/data/T0015/307413/b0002up/Hono/client/src/test/java/org/eclipse/hono/client/impl/DeviceConnectionClientImplTest.java (ext=.java, size=13730)
2026-01-18 18:08:42,769 - Knowledge - INFO - Fast-tracked /app/data/T0015/307413/b0002up/Hono/client/src/test/java/org/eclipse/hono/client/impl/CommandConsumerFactoryImplTest.java (ext=.java, size=18680)
2026-01-18 18:08:42,851 - Knowledge - INFO - Fast-tracked /app/data/T0015/307413/b0002up/Hono/client/src/test/java/org/eclipse/hono/client/impl/AbstractRequestResponseClientTest.java (ext=.java, size=22366)
2026-01-18 18:08:42,929 - Knowledge - INFO - process ingested knowledge for /app/data/T0015/307413/b0002up/Hono/tests/src/test/java/org/eclipse/hono/tests/registry/DeviceRegistrationAmqpIT.java
2026-01-18 18:08:43,030 - Knowledge - INFO - Fast-tracked /app/data/T0015/307413/b0002up/Hono/client/src/test/java/org/eclipse/hono/client/impl/CredentialsClientImplTest.java (ext=.java, size=12030)
2026-01-18 18:08:43,145 - Knowledge - INFO - process ingested knowledge for /app/data/T0015/307413/b0002up/Hono/tests/src/test/java/org/eclipse/hono/tests/CrudHttpClient.java
2026-01-18 18:08:43,218 - Knowledge - INFO - Worker kw14 processing /app/data/T0015/307413/b0002up/Hono/client/src/test/java/org/eclipse/hono/client/impl/DelegateViaDownstreamPeerCommandHandlerTest.java
2026-01-18 18:08:43,312 - Knowledge - INFO - process ingested knowledge for /app/data/T0015/307413/b0002up/Hono/tests/src/test/java/org/eclipse/hono/tests/coap/CoapResultException.java
2026-01-18 18:08:43,399 - Knowledge - INFO - process ingested knowledge for /app/data/T0015/307413/b0002up/Hono/tests/src/test/java/org/eclipse/hono/tests/amqp/AmqpAdapterTestBase.java
2026-01-18 18:08:43,509 - Knowledge - INFO - process ingested knowledge for /app/data/T0015/307413/b0002up/Hono/tests/src/test/java/org/eclipse/hono/tests/client/HonoClientImplIT.java
2026-01-18 18:08:43,638 - Knowledge - INFO - process ingested knowledge for /app/data/T0015/307413/b0002up/Hono/tests/src/test/resources/auth/permissions.json
2026-01-18 18:08:43,744 - Knowledge - INFO - process ingested knowledge for /app/data/T0015/307413/b0002up/Hono/tests/src/test/resources/deviceregistry/application.yml
2026-01-18 18:08:43,861 - Knowledge - INFO - process ingested knowledge for /app/data/T0015/307413/b0002up/Hono/tests/src/test/resources/deviceregistry/device-identities.json
2026-01-18 18:08:43,946 - Knowledge - INFO - Worker kw11 processing /app/data/T0015/307413/b0002up/Hono/client/src/test/java/org/eclipse/hono/client/impl/DisconnectHandlerProvidingConnectionFactory.java
2026-01-18 18:08:44,022 - Knowledge - INFO - process ingested knowledge for /app/data/T0015/307413/b0002up/Hono/tests/src/test/resources/logback-test.xml
2026-01-18 18:08:44,147 - Knowledge - INFO - Fast-tracked /app/data/T0015/307413/b0002up/Hono/CONTRIBUTING.md (ext=.md, size=3944)
2026-01-18 18:08:44,240 - Knowledge - INFO - Worker kw2 processing /app/data/T0015/307413/b0002up/Hono/client/src/test/java/org/eclipse/hono/client/impl/SimpleRequestResponseResult.java
2026-01-18 18:08:44,358 - Knowledge - INFO - Worker kw7 processing /app/data/T0015/307413/b0002up/Hono/client/src/test/java/org/eclipse/hono/client/impl/AbstractSenderTest.java
2026-01-18 18:08:44,447 - Knowledge - INFO - Worker kw10 processing /app/data/T0015/307413/b0002up/Hono/client/src/test/java/org/eclipse/hono/client/impl/GatewayMappingCommandHandlerTest.java
2026-01-18 18:08:44,627 - Knowledge - INFO - Async storage completed for 6 embeddings
2026-01-18 18:08:44,628 - Knowledge - INFO - Worker kw12 processing /app/data/T0015/307413/b0002up/Hono/client/src/test/java/org/eclipse/hono/client/impl/DownstreamSenderFactoryImplTest.java
2026-01-18 18:08:44,833 - Knowledge - INFO - Fast-tracked /app/data/T0015/307413/b0002up/Hono/client/src/test/java/org/eclipse/hono/client/impl/DelegateViaDownstreamPeerCommandHandlerTest.java (ext=.java, size=10615)
2026-01-18 18:08:44,995 - Knowledge - INFO - Fast-tracked /app/data/T0015/307413/b0002up/Hono/jmeter/src/main/java/org/eclipse/hono/jmeter/client/AbstractClient.java (small file (2115 bytes))
2026-01-18 18:08:45,077 - Knowledge - INFO - [LLM_CALL] Completed: HonoSampler.java:chunk1, Duration: 9474ms, PromptTokens: 3558, CompletionTokens: 995, Cost: $0.00075
2026-01-18 18:08:45,538 - Knowledge - INFO - Fast-tracked /app/data/T0015/307413/b0002up/Hono/client/src/test/java/org/eclipse/hono/client/impl/DisconnectHandlerProvidingConnectionFactory.java (ext=.java, size=6008)
2026-01-18 18:08:45,711 - Knowledge - INFO - Worker kw1 processing /app/data/T0015/307413/b0002up/Hono/client/src/test/java/org/eclipse/hono/client/ServerErrorExceptionTest.java
2026-01-18 18:08:45,792 - Knowledge - INFO - Fast-tracked /app/data/T0015/307413/b0002up/Hono/client/src/test/java/org/eclipse/hono/client/impl/SimpleRequestResponseResult.java (ext=.java, size=2113)
2026-01-18 18:08:45,915 - Knowledge - INFO - Fast-tracked /app/data/T0015/307413/b0002up/Hono/client/src/test/java/org/eclipse/hono/client/impl/AbstractSenderTest.java (ext=.java, size=7313)
2026-01-18 18:08:45,971 - Knowledge - INFO - process ingested knowledge for /app/data/T0015/307413/b0002up/Hono/tests/src/test/resources/artemis/artemis-broker.xml
2026-01-18 18:08:46,009 - Knowledge - INFO - Fast-tracked /app/data/T0015/307413/b0002up/Hono/client/src/test/java/org/eclipse/hono/client/impl/GatewayMappingCommandHandlerTest.java (ext=.java, size=12881)
2026-01-18 18:08:46,026 - Knowledge - INFO - process ingested knowledge for /app/data/T0015/307413/b0002up/Hono/tests/src/test/resources/amqp/application.yml
2026-01-18 18:08:46,192 - Knowledge - INFO - Fast-tracked /app/data/T0015/307413/b0002up/Hono/client/src/test/java/org/eclipse/hono/client/impl/DownstreamSenderFactoryImplTest.java (ext=.java, size=5019)
2026-01-18 18:08:46,278 - Knowledge - INFO - Worker kw14 processing /app/data/T0015/307413/b0002up/Hono/client/src/test/java/org/eclipse/hono/client/impl/CachingClientFactoryTest.java
2026-01-18 18:08:46,406 - Knowledge - INFO - Async storage completed for 6 embeddings
2026-01-18 18:08:46,519 - Knowledge - INFO - done ingest for /app/data/T0015/307413/b0002up/Hono/jmeter/src/main/java/org/eclipse/hono/jmeter/HonoSampler.java
2026-01-18 18:08:46,590 - Knowledge - INFO - Worker kw11 processing /app/data/T0015/307413/b0002up/Hono/client/src/test/java/org/eclipse/hono/client/impl/DownstreamSenderFactoryImplTelemetryTest.java
2026-01-18 18:08:46,676 - Knowledge - INFO - Fast-tracked /app/data/T0015/307413/b0002up/Hono/client/src/test/java/org/eclipse/hono/client/ServerErrorExceptionTest.java (ext=.java, size=2610)
2026-01-18 18:08:46,755 - Knowledge - INFO - Worker kw2 processing /app/data/T0015/307413/b0002up/Hono/client/src/test/java/org/eclipse/hono/client/impl/DownstreamSenderFactoryImplEventTest.java
2026-01-18 18:08:46,859 - Knowledge - INFO - Worker kw7 processing /app/data/T0015/307413/b0002up/Hono/client/src/test/java/org/eclipse/hono/client/impl/EventSenderImplTest.java
2026-01-18 18:08:46,885 - Knowledge - INFO - [WEBSOCKET] Sent: Type=progress_update, Size: 294, Duration: 0ms
2026-01-18 18:08:46,885 - Knowledge - INFO - [kw9] Queue=77, InProgress=0, PendingWorkers=20/20, Completed=878/1010 (86.9%)
2026-01-18 18:08:47,027 - Knowledge - INFO - Worker kw10 processing /app/data/T0015/307413/b0002up/Hono/client/src/test/java/org/eclipse/hono/client/impl/TenantClientImplTest.java
2026-01-18 18:08:47,188 - Knowledge - INFO - Worker kw12 processing /app/data/T0015/307413/b0002up/Hono/client/src/test/java/org/eclipse/hono/client/CommandResponseTest.java
2026-01-18 18:08:47,360 - Knowledge - INFO - Fast-tracked /app/data/T0015/307413/b0002up/Hono/client/src/test/java/org/eclipse/hono/client/impl/CachingClientFactoryTest.java (ext=.java, size=7049)
2026-01-18 18:08:47,631 - Knowledge - INFO - Fast-tracked /app/data/T0015/307413/b0002up/Hono/client/src/test/java/org/eclipse/hono/client/impl/DownstreamSenderFactoryImplTelemetryTest.java (ext=.java, size=1204)
2026-01-18 18:08:47,699 - Knowledge - INFO - Async storage completed for 6 embeddings
2026-01-18 18:08:47,818 - Knowledge - INFO - Fast-tracked /app/data/T0015/307413/b0002up/Hono/client/src/test/java/org/eclipse/hono/client/impl/DownstreamSenderFactoryImplEventTest.java (ext=.java, size=1192)
2026-01-18 18:08:47,859 - Knowledge - INFO - Async storage completed for 6 embeddings
2026-01-18 18:08:47,906 - Knowledge - INFO - Fast-tracked /app/data/T0015/307413/b0002up/Hono/client/src/test/java/org/eclipse/hono/client/impl/EventSenderImplTest.java (ext=.java, size=8003)
2026-01-18 18:08:48,157 - Knowledge - INFO - [WEBSOCKET] Sent: Type=unknown, Size: ?, Duration: 1272ms
2026-01-18 18:08:48,228 - Knowledge - INFO - Batch sizing: calculated=4, max_allowed=10, queue=77, active_workers=20/20
2026-01-18 18:08:48,384 - Knowledge - INFO - Fast-tracked /app/data/T0015/307413/b0002up/Hono/client/src/test/java/org/eclipse/hono/client/impl/TenantClientImplTest.java (ext=.java, size=12685)
2026-01-18 18:08:48,517 - Knowledge - INFO - Fast-tracked /app/data/T0015/307413/b0002up/Hono/client/src/test/java/org/eclipse/hono/client/CommandResponseTest.java (ext=.java, size=16891)
2026-01-18 18:08:48,598 - Knowledge - INFO - Async storage completed for 6 embeddings
2026-01-18 18:08:48,679 - Knowledge - INFO - Worker kw11 processing /app/data/T0015/307413/b0002up/Hono/client/src/test/java/org/eclipse/hono/client/impl/HonoConnectionImplTest.java
2026-01-18 18:08:48,901 - Knowledge - INFO - [kw15] Queue=77, InProgress=0, PendingWorkers=20/20, Completed=881/1010 (87.2%)
2026-01-18 18:08:48,924 - Knowledge - INFO - Worker kw2 processing /app/data/T0015/307413/b0002up/Hono/client/src/test/java/org/eclipse/hono/client/impl/DeviceConnectionClientFactoryImplTest.java
2026-01-18 18:08:49,176 - Knowledge - INFO - Worker kw7 processing /app/data/T0015/307413/b0002up/Hono/client/src/test/java/org/eclipse/hono/client/impl/AbstractTenantTimeoutRelatedClientFactoryTest.java
2026-01-18 18:08:49,318 - Knowledge - INFO - Progress: 86.9% | Files: 882/1010 | Rate: 1.82 files/sec | Queue: 77
2026-01-18 18:08:49,635 - Knowledge - INFO - Worker kw10 processing /app/data/T0015/307413/b0002up/Hono/client/src/test/java/org/eclipse/hono/client/impl/CredentialsClientFactoryImplTest.java
2026-01-18 18:08:49,754 - Knowledge - INFO - Worker kw12 processing /app/data/T0015/307413/b0002up/Hono/client/src/test/java/org/eclipse/hono/client/CommandTest.java
2026-01-18 18:08:49,925 - Knowledge - INFO - Processing batch of 5 files
2026-01-18 18:08:49,980 - Knowledge - INFO - Fast-tracked /app/data/T0015/307413/b0002up/Hono/client/src/test/java/org/eclipse/hono/client/impl/HonoConnectionImplTest.java (ext=.java, size=41132)
2026-01-18 18:08:50,321 - Knowledge - INFO - Batch sizing: calculated=4, max_allowed=10, queue=77, active_workers=20/20
2026-01-18 18:08:50,492 - Knowledge - INFO - [kw5] Queue=77, InProgress=0, PendingWorkers=20/20, Completed=884/1010 (87.5%)
2026-01-18 18:08:50,504 - Knowledge - INFO - Fast-tracked /app/data/T0015/307413/b0002up/Hono/client/src/test/java/org/eclipse/hono/client/impl/DeviceConnectionClientFactoryImplTest.java (ext=.java, size=1220)
2026-01-18 18:08:50,504 - Knowledge - INFO - [kw18] Queue=77, InProgress=0, PendingWorkers=20/20, Completed=884/1010 (87.5%)
2026-01-18 18:08:50,686 - Knowledge - INFO - Fast-tracked /app/data/T0015/307413/b0002up/Hono/client/src/test/java/org/eclipse/hono/client/impl/AbstractTenantTimeoutRelatedClientFactoryTest.java (ext=.java, size=4958)
2026-01-18 18:08:50,984 - Knowledge - INFO - Fast-tracked /app/data/T0015/307413/b0002up/Hono/client/src/test/java/org/eclipse/hono/client/impl/CredentialsClientFactoryImplTest.java (ext=.java, size=1183)
2026-01-18 18:08:51,100 - Knowledge - INFO - Fast-tracked /app/data/T0015/307413/b0002up/Hono/client/src/test/java/org/eclipse/hono/client/CommandTest.java (ext=.java, size=16185)
2026-01-18 18:08:51,186 - Knowledge - INFO - process ingested knowledge for /app/data/T0015/307413/b0002up/Hono/tests/src/test/resources/amqp/logback-spring.xml
2026-01-18 18:08:51,363 - Knowledge - INFO - [kw19] Queue=77, InProgress=0, PendingWorkers=20/20, Completed=886/1010 (87.7%)
2026-01-18 18:08:51,392 - Knowledge - INFO - Async storage completed for 6 embeddings
2026-01-18 18:08:51,609 - Knowledge - INFO - Batch sizing: calculated=4, max_allowed=10, queue=77, active_workers=20/20
2026-01-18 18:08:51,642 - Knowledge - INFO - [kw4] Queue=77, InProgress=0, PendingWorkers=20/20, Completed=887/1010 (87.8%)
2026-01-18 18:08:51,655 - Knowledge - INFO - [kw6] Queue=77, InProgress=0, PendingWorkers=20/20, Completed=887/1010 (87.8%)
2026-01-18 18:08:51,715 - Knowledge - INFO - Async storage completed for 6 embeddings
2026-01-18 18:08:51,823 - Knowledge - INFO - Batch sizing: calculated=4, max_allowed=10, queue=77, active_workers=20/20
2026-01-18 18:08:51,873 - Knowledge - INFO - Async storing batch of 5 embeddings
2026-01-18 18:08:51,890 - Knowledge - INFO - Processing batch of 5 files
2026-01-18 18:08:51,948 - Knowledge - INFO - Async storage completed for 6 embeddings
2026-01-18 18:08:52,048 - Knowledge - INFO - Async storage completed for 5 embeddings
2026-01-18 18:08:52,101 - Knowledge - INFO - Processing batch of 5 files
2026-01-18 18:08:52,147 - Knowledge - INFO - Async storage completed for 6 embeddings
2026-01-18 18:08:52,433 - Knowledge - INFO - Async storing batch of 5 embeddings
2026-01-18 18:08:52,459 - Knowledge - INFO - Batch sizing: calculated=4, max_allowed=10, queue=77, active_workers=20/20
2026-01-18 18:08:52,721 - Knowledge - INFO - process ingested knowledge for /app/data/T0015/307413/b0002up/Hono/tests/readme.md
2026-01-18 18:08:52,721 - Knowledge - INFO - Async storing batch of 5 embeddings
2026-01-18 18:08:52,728 - Knowledge - INFO - [kw17] Queue=65, InProgress=0, PendingWorkers=20/20, Completed=894/1010 (88.5%)
2026-01-18 18:08:52,733 - Knowledge - INFO - Processing batch of 5 files
2026-01-18 18:08:52,780 - Knowledge - INFO - Batch sizing: calculated=4, max_allowed=10, queue=77, active_workers=20/20
2026-01-18 18:08:52,820 - Knowledge - INFO - [kw20] Queue=65, InProgress=0, PendingWorkers=20/20, Completed=898/1010 (88.9%)
2026-01-18 18:08:52,872 - Knowledge - INFO - Batch sizing: calculated=4, max_allowed=10, queue=77, active_workers=20/20
2026-01-18 18:08:53,015 - Knowledge - INFO - Processing batch of 5 files
2026-01-18 18:08:53,135 - Knowledge - INFO - Async storing batch of 5 embeddings
2026-01-18 18:08:53,310 - Knowledge - INFO - Worker kw15 processing /app/data/T0015/307413/b0002up/Hono/client/src/test/resources/logback-test.xml
2026-01-18 18:08:53,504 - Knowledge - INFO - process ingested knowledge for /app/data/T0015/307413/b0002up/Hono/jmeter/src/jmeter/load-test-mqtt-router.sh
2026-01-18 18:08:53,671 - Knowledge - INFO - Processing batch of 5 files
2026-01-18 18:08:53,766 - Knowledge - INFO - Processing batch of 5 files
2026-01-18 18:08:53,917 - Knowledge - INFO - process ingested knowledge for /app/data/T0015/307413/b0002up/Hono/client/src/test/java/org/eclipse/hono/client/impl/VertxMockSupport.java
2026-01-18 18:08:54,056 - Knowledge - INFO - Processing batch of 5 files
2026-01-18 18:08:54,243 - Knowledge - INFO - Async storing batch of 5 embeddings
2026-01-18 18:08:54,335 - Knowledge - INFO - process ingested knowledge for /app/data/T0015/307413/b0002up/Hono/tests/pom.xml
2026-01-18 18:08:54,358 - Knowledge - INFO - Worker kw9 processing /app/data/T0015/307413/b0002up/Hono/client/src/main/java/org/eclipse/hono/client/ClientErrorException.java
2026-01-18 18:08:54,460 - Knowledge - INFO - Worker kw5 processing /app/data/T0015/307413/b0002up/Hono/client/src/main/java/org/eclipse/hono/client/AsyncCommandClient.java
2026-01-18 18:08:54,558 - Knowledge - INFO - Batch sizing: calculated=4, max_allowed=10, queue=65, active_workers=20/20
2026-01-18 18:08:54,575 - Knowledge - INFO - [LLM_CALL] Completed: ServerOptionsPanel.java:chunk1, Duration: 15518ms, PromptTokens: 2242, CompletionTokens: 564, Cost: $0.00045
2026-01-18 18:08:54,683 - Knowledge - INFO - process ingested knowledge for /app/data/T0015/307413/b0002up/Hono/client/src/test/java/org/eclipse/hono/client/impl/RegistrationClientFactoryImplTest.java
2026-01-18 18:08:54,947 - Knowledge - INFO - Batch sizing: calculated=4, max_allowed=10, queue=65, active_workers=20/20
2026-01-18 18:08:55,264 - Knowledge - INFO - process ingested knowledge for /app/data/T0015/307413/b0002up/Hono/client/src/test/java/org/eclipse/hono/client/impl/TelemetrySenderImplTest.java
2026-01-18 18:08:55,481 - Knowledge - INFO - Worker kw18 processing /app/data/T0015/307413/b0002up/Hono/client/src/main/java/org/eclipse/hono/client/impl/DelegateViaDownstreamPeerCommandHandler.java
2026-01-18 18:08:55,672 - Knowledge - INFO - Fast-tracked /app/data/T0015/307413/b0002up/Hono/client/src/test/resources/logback-test.xml (ext=.xml, size=1271)
2026-01-18 18:08:55,823 - Knowledge - INFO - process ingested knowledge for /app/data/T0015/307413/b0002up/Hono/jmeter/src/jmeter/load-test-messaging-router.sh
2026-01-18 18:08:55,989 - Knowledge - INFO - process ingested knowledge for /app/data/T0015/307413/b0002up/Hono/client/src/test/java/org/eclipse/hono/client/impl/GatewayMapperImplTest.java
2026-01-18 18:08:56,177 - Knowledge - INFO - process ingested knowledge for /app/data/T0015/307413/b0002up/Hono/client/src/test/java/org/eclipse/hono/client/impl/HonoClientUnitTestHelper.java
2026-01-18 18:08:56,356 - Knowledge - INFO - process ingested knowledge for /app/data/T0015/307413/b0002up/Hono/client/src/test/java/org/eclipse/hono/client/impl/CommandClientImplTest.java
2026-01-18 18:08:56,463 - Knowledge - INFO - process ingested knowledge for /app/data/T0015/307413/b0002up/Hono/client/src/test/java/org/eclipse/hono/client/impl/AbstractHonoClientTest.java
2026-01-18 18:08:56,559 - Knowledge - INFO - Worker kw19 processing /app/data/T0015/307413/b0002up/Hono/client/src/main/java/org/eclipse/hono/client/impl/AsyncCommandResponseConsumerImpl.java
2026-01-18 18:08:56,646 - Knowledge - INFO - process ingested knowledge for /app/data/T0015/307413/b0002up/Hono/pom.xml
2026-01-18 18:08:56,758 - Knowledge - INFO - Worker kw9 processing /app/data/T0015/307413/b0002up/Hono/client/src/main/java/org/eclipse/hono/client/HonoConnection.java
2026-01-18 18:08:56,871 - Knowledge - INFO - Worker kw5 processing /app/data/T0015/307413/b0002up/Hono/client/src/main/java/org/eclipse/hono/client/impl/EventConsumerImpl.java
2026-01-18 18:08:57,042 - Knowledge - INFO - done ingest for /app/data/T0015/307413/b0002up/Hono/jmeter/src/main/java/org/eclipse/hono/jmeter/ui/ServerOptionsPanel.java
2026-01-18 18:08:57,043 - Knowledge - INFO - Async storing batch of 5 embeddings
2026-01-18 18:08:57,043 - Knowledge - INFO - Async storing batch of 5 embeddings
2026-01-18 18:08:57,043 - Knowledge - INFO - [LLM_CALL] Completed: HonoSender.java:chunk1, Duration: 14216ms, PromptTokens: 6038, CompletionTokens: 830, Cost: $0.00094
2026-01-18 18:08:57,168 - Knowledge - INFO - process ingested knowledge for /app/data/T0015/307413/b0002up/Hono/client/src/test/java/org/eclipse/hono/client/impl/RegistrationClientImplTest.java
2026-01-18 18:08:57,339 - Knowledge - INFO - process ingested knowledge for /app/data/T0015/307413/b0002up/Hono/client/src/test/java/org/eclipse/hono/client/impl/DeviceConnectionClientImplTest.java
2026-01-18 18:08:57,433 - Knowledge - INFO - Worker kw18 processing /app/data/T0015/307413/b0002up/Hono/client/src/main/java/org/eclipse/hono/client/impl/RegistrationClientFactoryImpl.java
2026-01-18 18:08:57,517 - Knowledge - INFO - Worker kw15 processing /app/data/T0015/307413/b0002up/Hono/client/src/main/java/org/eclipse/hono/client/DisconnectListener.java
2026-01-18 18:08:57,594 - Knowledge - INFO - process ingested knowledge for /app/data/T0015/307413/b0002up/Hono/jmeter/pom.xml
2026-01-18 18:08:57,682 - Knowledge - INFO - process ingested knowledge for /app/data/T0015/307413/b0002up/Hono/client/src/test/java/org/eclipse/hono/client/impl/CommandConsumerFactoryImplTest.java
2026-01-18 18:08:57,776 - Knowledge - INFO - process ingested knowledge for /app/data/T0015/307413/b0002up/Hono/client/src/test/java/org/eclipse/hono/client/impl/AbstractRequestResponseClientTest.java
2026-01-18 18:08:57,850 - Knowledge - INFO - process ingested knowledge for /app/data/T0015/307413/b0002up/Hono/client/src/test/java/org/eclipse/hono/client/impl/EventConsumerImplTest.java
2026-01-18 18:08:57,929 - Knowledge - INFO - process ingested knowledge for /app/data/T0015/307413/b0002up/Hono/client/src/test/java/org/eclipse/hono/client/impl/CredentialsClientImplTest.java
2026-01-18 18:08:58,014 - Knowledge - INFO - Worker kw19 processing /app/data/T0015/307413/b0002up/Hono/client/src/main/java/org/eclipse/hono/client/impl/HonoConnectionImpl.java
2026-01-18 18:08:58,096 - Knowledge - INFO - process ingested knowledge for /app/data/T0015/307413/b0002up/Hono/jmeter/src/main/java/org/eclipse/hono/jmeter/HonoSampler.java
2026-01-18 18:08:58,177 - Knowledge - INFO - Worker kw9 processing /app/data/T0015/307413/b0002up/Hono/client/src/main/java/org/eclipse/hono/client/CommandContext.java
2026-01-18 18:08:58,260 - Knowledge - INFO - Worker kw5 processing /app/data/T0015/307413/b0002up/Hono/client/src/main/java/org/eclipse/hono/client/impl/CommandClientImpl.java
2026-01-18 18:08:58,737 - Knowledge - INFO - Worker kw4 processing /app/data/T0015/307413/b0002up/Hono/client/src/main/java/org/eclipse/hono/client/impl/CommandHandlerWrapper.java
2026-01-18 18:08:58,848 - Knowledge - INFO - Worker kw6 processing /app/data/T0015/307413/b0002up/Hono/client/src/main/java/org/eclipse/hono/client/impl/DeviceSpecificCommandConsumer.java
2026-01-18 18:08:58,943 - Knowledge - INFO - done ingest for /app/data/T0015/307413/b0002up/Hono/jmeter/src/main/java/org/eclipse/hono/jmeter/client/HonoSender.java
2026-01-18 18:08:58,943 - Knowledge - INFO - [LLM_CALL] Completed: HonoCommanderSampler.java:chunk1, Duration: 17795ms, PromptTokens: 2934, CompletionTokens: 940, Cost: $0.00067
2026-01-18 18:08:59,016 - Knowledge - INFO - process ingested knowledge for /app/data/T0015/307413/b0002up/Hono/client/src/test/java/org/eclipse/hono/client/impl/DisconnectHandlerProvidingConnectionFactory.java
2026-01-18 18:08:59,114 - Knowledge - INFO - process ingested knowledge for /app/data/T0015/307413/b0002up/Hono/client/src/test/java/org/eclipse/hono/client/impl/SimpleRequestResponseResult.java
2026-01-18 18:08:59,232 - Knowledge - INFO - Worker kw18 processing /app/data/T0015/307413/b0002up/Hono/client/src/main/java/org/eclipse/hono/client/impl/CachingClientFactory.java
2026-01-18 18:08:59,308 - Knowledge - INFO - Fast-tracked /app/data/T0015/307413/b0002up/Hono/client/src/main/java/org/eclipse/hono/client/DisconnectListener.java (ext=.java, size=865)
2026-01-18 18:08:59,391 - Knowledge - INFO - process ingested knowledge for /app/data/T0015/307413/b0002up/Hono/CONTRIBUTING.md
2026-01-18 18:08:59,481 - Knowledge - INFO - process ingested knowledge for /app/data/T0015/307413/b0002up/Hono/client/src/test/java/org/eclipse/hono/client/impl/AbstractSenderTest.java
2026-01-18 18:08:59,559 - Knowledge - INFO - process ingested knowledge for /app/data/T0015/307413/b0002up/Hono/client/src/test/java/org/eclipse/hono/client/impl/GatewayMappingCommandHandlerTest.java
2026-01-18 18:08:59,654 - Knowledge - INFO - process ingested knowledge for /app/data/T0015/307413/b0002up/Hono/client/src/test/java/org/eclipse/hono/client/impl/DelegateViaDownstreamPeerCommandHandlerTest.java
2026-01-18 18:08:59,729 - Knowledge - INFO - process ingested knowledge for /app/data/T0015/307413/b0002up/Hono/client/src/test/java/org/eclipse/hono/client/impl/DownstreamSenderFactoryImplTest.java
2026-01-18 18:08:59,853 - Knowledge - INFO - Worker kw19 processing /app/data/T0015/307413/b0002up/Hono/client/src/main/java/org/eclipse/hono/client/impl/LegacyCommandResponseSenderImpl.java
2026-01-18 18:09:00,013 - Knowledge - INFO - Worker kw9 processing /app/data/T0015/307413/b0002up/Hono/client/src/main/java/org/eclipse/hono/client/StatusCodeMapper.java
2026-01-18 18:09:00,132 - Knowledge - INFO - Worker kw5 processing /app/data/T0015/307413/b0002up/Hono/client/src/main/java/org/eclipse/hono/client/impl/AbstractConsumer.java
2026-01-18 18:09:00,213 - Knowledge - INFO - Worker kw4 processing /app/data/T0015/307413/b0002up/Hono/client/src/main/java/org/eclipse/hono/client/impl/TelemetrySenderImpl.java
2026-01-18 18:09:00,340 - Knowledge - INFO - Worker kw6 processing /app/data/T0015/307413/b0002up/Hono/client/src/main/java/org/eclipse/hono/client/impl/CommandResponseSenderImpl.java
2026-01-18 18:09:00,618 - Knowledge - INFO - done ingest for /app/data/T0015/307413/b0002up/Hono/jmeter/src/main/java/org/eclipse/hono/jmeter/HonoCommanderSampler.java
2026-01-18 18:09:00,633 - Knowledge - INFO - Async storing batch of 5 embeddings
2026-01-18 18:09:00,653 - Knowledge - INFO - Async storing batch of 5 embeddings
2026-01-18 18:09:00,654 - Knowledge - INFO - [LLM_CALL] Completed: HonoCommanderSamplerUI.java:chunk1, Duration: 24587ms, PromptTokens: 3512, CompletionTokens: 630, Cost: $0.00060
2026-01-18 18:09:01,054 - Knowledge - INFO - process ingested knowledge for /app/data/T0015/307413/b0002up/Hono/client/src/test/java/org/eclipse/hono/client/impl/DownstreamSenderFactoryImplTelemetryTest.java
2026-01-18 18:09:01,062 - Knowledge - INFO - process ingested knowledge for /app/data/T0015/307413/b0002up/Hono/client/src/test/java/org/eclipse/hono/client/impl/DownstreamSenderFactoryImplEventTest.java
2026-01-18 18:09:01,175 - Knowledge - INFO - Worker kw18 processing /app/data/T0015/307413/b0002up/Hono/client/src/main/java/org/eclipse/hono/client/impl/RegistrationClientImpl.java
2026-01-18 18:09:01,262 - Knowledge - INFO - Worker kw15 processing /app/data/T0015/307413/b0002up/Hono/client/src/main/java/org/eclipse/hono/client/ServerErrorException.java
2026-01-18 18:09:01,338 - Knowledge - INFO - process ingested knowledge for /app/data/T0015/307413/b0002up/Hono/client/src/test/java/org/eclipse/hono/client/ServerErrorExceptionTest.java
2026-01-18 18:09:01,434 - Knowledge - INFO - process ingested knowledge for /app/data/T0015/307413/b0002up/Hono/client/src/test/java/org/eclipse/hono/client/impl/EventSenderImplTest.java
2026-01-18 18:09:01,518 - Knowledge - INFO - process ingested knowledge for /app/data/T0015/307413/b0002up/Hono/client/src/test/java/org/eclipse/hono/client/impl/TenantClientImplTest.java
2026-01-18 18:09:01,599 - Knowledge - INFO - process ingested knowledge for /app/data/T0015/307413/b0002up/Hono/client/src/test/java/org/eclipse/hono/client/impl/CachingClientFactoryTest.java
2026-01-18 18:09:01,681 - Knowledge - INFO - process ingested knowledge for /app/data/T0015/307413/b0002up/Hono/client/src/test/java/org/eclipse/hono/client/CommandResponseTest.java
2026-01-18 18:09:01,771 - Knowledge - INFO - Worker kw19 processing /app/data/T0015/307413/b0002up/Hono/client/src/main/java/org/eclipse/hono/client/impl/MappingAndDelegatingCommandConsumer.java
2026-01-18 18:09:01,858 - Knowledge - INFO - Fast-tracked /app/data/T0015/307413/b0002up/Hono/client/src/main/java/org/eclipse/hono/client/ClientErrorException.java (small file (2606 bytes))
2026-01-18 18:09:02,001 - Knowledge - INFO - Worker kw4 processing /app/data/T0015/307413/b0002up/Hono/client/src/main/java/org/eclipse/hono/client/impl/AsyncCommandClientImpl.java
2026-01-18 18:09:02,127 - Knowledge - INFO - Worker kw6 processing /app/data/T0015/307413/b0002up/Hono/client/src/main/java/org/eclipse/hono/client/impl/ConnectionLifecycleWrapper.java
2026-01-18 18:09:02,322 - Knowledge - INFO - Worker kw17 processing /app/data/T0015/307413/b0002up/Hono/client/src/main/java/org/eclipse/hono/client/impl/GatewayMapperImpl.java
2026-01-18 18:09:02,585 - Knowledge - INFO - done ingest for /app/data/T0015/307413/b0002up/Hono/jmeter/src/main/java/org/eclipse/hono/jmeter/ui/HonoCommanderSamplerUI.java
2026-01-18 18:09:02,603 - Knowledge - INFO - Worker kw20 processing /app/data/T0015/307413/b0002up/Hono/client/src/main/java/org/eclipse/hono/client/impl/EventSenderImpl.java
2026-01-18 18:09:02,603 - Knowledge - INFO - [LLM_CALL] Completed: HonoReceiver.java:chunk1, Duration: 21897ms, PromptTokens: 5694, CompletionTokens: 747, Cost: $0.00087
2026-01-18 18:09:02,736 - Knowledge - INFO - process ingested knowledge for /app/data/T0015/307413/b0002up/Hono/client/src/test/java/org/eclipse/hono/client/impl/HonoConnectionImplTest.java
2026-01-18 18:09:02,947 - Knowledge - INFO - process ingested knowledge for /app/data/T0015/307413/b0002up/Hono/client/src/test/java/org/eclipse/hono/client/impl/DeviceConnectionClientFactoryImplTest.java
2026-01-18 18:09:03,366 - Knowledge - INFO - Worker kw15 processing /app/data/T0015/307413/b0002up/Hono/client/src/main/java/org/eclipse/hono/client/ConnectionLifecycle.java
2026-01-18 18:09:04,122 - Knowledge - INFO - process ingested knowledge for /app/data/T0015/307413/b0002up/Hono/client/src/test/java/org/eclipse/hono/client/impl/AbstractTenantTimeoutRelatedClientFactoryTest.java
2026-01-18 18:09:04,124 - Knowledge - INFO - process ingested knowledge for /app/data/T0015/307413/b0002up/Hono/client/src/test/java/org/eclipse/hono/client/impl/CredentialsClientFactoryImplTest.java
2026-01-18 18:09:04,131 - Knowledge - INFO - process ingested knowledge for /app/data/T0015/307413/b0002up/Hono/client/src/test/java/org/eclipse/hono/client/CommandTest.java
2026-01-18 18:09:04,195 - Knowledge - INFO - Fast-tracked /app/data/T0015/307413/b0002up/Hono/client/src/main/java/org/eclipse/hono/client/impl/AsyncCommandResponseConsumerImpl.java (small file (2949 bytes))
2026-01-18 18:09:04,443 - Knowledge - INFO - Worker kw4 processing /app/data/T0015/307413/b0002up/Hono/client/src/main/java/org/eclipse/hono/client/impl/DeviceConnectionClientImpl.java
2026-01-18 18:09:04,539 - Knowledge - INFO - Worker kw6 processing /app/data/T0015/307413/b0002up/Hono/client/src/main/java/org/eclipse/hono/client/impl/DelegatedCommandSenderImpl.java
2026-01-18 18:09:04,630 - Knowledge - INFO - Worker kw17 processing /app/data/T0015/307413/b0002up/Hono/client/src/main/java/org/eclipse/hono/client/impl/TelemetryConsumerImpl.java
2026-01-18 18:09:05,203 - Knowledge - INFO - Worker kw20 processing /app/data/T0015/307413/b0002up/Hono/client/src/main/java/org/eclipse/hono/client/impl/AbstractSender.java
2026-01-18 18:09:05,415 - Knowledge - INFO - done ingest for /app/data/T0015/307413/b0002up/Hono/jmeter/src/main/java/org/eclipse/hono/jmeter/client/HonoReceiver.java
2026-01-18 18:09:05,431 - Knowledge - INFO - [LLM_CALL] Completed: HonoReceiverSampler.java:chunk1, Duration: 18912ms, PromptTokens: 2888, CompletionTokens: 790, Cost: $0.00060
2026-01-18 18:09:06,016 - Knowledge - INFO - Fast-tracked /app/data/T0015/307413/b0002up/Hono/client/src/main/java/org/eclipse/hono/client/ServerErrorException.java (small file (2601 bytes))
2026-01-18 18:09:06,831 - Knowledge - INFO - Worker kw17 processing /app/data/T0015/307413/b0002up/Hono/client/src/main/java/org/eclipse/hono/client/impl/DeviceConnectionClientFactoryImpl.java
2026-01-18 18:09:06,907 - Knowledge - INFO - Worker kw20 processing /app/data/T0015/307413/b0002up/Hono/client/src/main/java/org/eclipse/hono/client/impl/CommandConsumerFactoryImpl.java
2026-01-18 18:09:07,222 - Knowledge - INFO - done ingest for /app/data/T0015/307413/b0002up/Hono/jmeter/src/main/java/org/eclipse/hono/jmeter/HonoReceiverSampler.java
2026-01-18 18:09:07,254 - Knowledge - INFO - [LLM_CALL] Completed: HonoSenderSamplerUI.java:chunk1, Duration: 25027ms, PromptTokens: 3904, CompletionTokens: 1084, Cost: $0.00082
2026-01-18 18:09:07,489 - Knowledge - INFO - Worker kw17 processing /app/data/T0015/307413/b0002up/Hono/client/src/main/java/org/eclipse/hono/client/impl/AbstractDownstreamSender.java
2026-01-18 18:09:07,564 - Knowledge - INFO - Worker kw20 processing /app/data/T0015/307413/b0002up/Hono/client/src/main/java/org/eclipse/hono/client/impl/ApplicationClientFactoryImpl.java
2026-01-18 18:09:07,802 - Knowledge - INFO - done ingest for /app/data/T0015/307413/b0002up/Hono/jmeter/src/main/java/org/eclipse/hono/jmeter/ui/HonoSenderSamplerUI.java
2026-01-18 18:09:07,809 - Knowledge - INFO - [WEBSOCKET] Sent: Type=progress_update, Size: 294, Duration: 586ms
2026-01-18 18:09:08,446 - Knowledge - INFO - [WEBSOCKET] Sent: Type=unknown, Size: ?, Duration: 1224ms
2026-01-18 18:09:08,702 - Knowledge - INFO - Progress: 90.9% | Files: 918/1010 | Rate: 1.82 files/sec | Queue: 41
2026-01-18 18:09:08,720 - Knowledge - INFO - [LLM_CALL] Completed: HonoCommander.java:chunk1, Duration: 29287ms, PromptTokens: 5200, CompletionTokens: 899, Cost: $0.00088
2026-01-18 18:09:09,121 - Knowledge - INFO - done ingest for /app/data/T0015/307413/b0002up/Hono/jmeter/src/main/java/org/eclipse/hono/jmeter/client/HonoCommander.java
2026-01-18 18:09:09,257 - Knowledge - INFO - Fast-tracked /app/data/T0015/307413/b0002up/Hono/client/src/main/java/org/eclipse/hono/client/impl/EventConsumerImpl.java (small file (2610 bytes))
2026-01-18 18:09:09,603 - Knowledge - INFO - [kw1] Queue=41, InProgress=0, PendingWorkers=20/20, Completed=918/1010 (90.9%)
2026-01-18 18:09:09,784 - Knowledge - INFO - Batch sizing: calculated=4, max_allowed=10, queue=41, active_workers=20/20
2026-01-18 18:09:10,209 - Knowledge - INFO - [kw16] Queue=41, InProgress=0, PendingWorkers=20/20, Completed=918/1010 (90.9%)
2026-01-18 18:09:10,379 - Knowledge - INFO - [LLM_CALL] Completed: HonoReceiverSamplerUI.java:chunk1, Duration: 30166ms, PromptTokens: 3692, CompletionTokens: 912, Cost: $0.00073
2026-01-18 18:09:10,450 - Knowledge - INFO - Batch sizing: calculated=4, max_allowed=10, queue=41, active_workers=20/20
2026-01-18 18:09:10,542 - Knowledge - INFO - [kw14] Queue=41, InProgress=0, PendingWorkers=20/20, Completed=919/1010 (91.0%)
2026-01-18 18:09:10,629 - Knowledge - INFO - done ingest for /app/data/T0015/307413/b0002up/Hono/jmeter/src/main/java/org/eclipse/hono/jmeter/ui/HonoReceiverSamplerUI.java
2026-01-18 18:09:10,650 - Knowledge - INFO - Async storing batch of 5 embeddings
2026-01-18 18:09:10,905 - Knowledge - INFO - Batch sizing: calculated=4, max_allowed=10, queue=41, active_workers=20/20
2026-01-18 18:09:11,199 - Knowledge - INFO - Worker kw1 processing /app/data/T0015/307413/b0002up/Hono/client/src/main/java/org/eclipse/hono/client/impl/DeferredConnectionCheckHandler.java
2026-01-18 18:09:11,311 - Knowledge - INFO - Async storing batch of 5 embeddings
2026-01-18 18:09:11,312 - Knowledge - INFO - Processing batch of 5 files
2026-01-18 18:09:11,386 - Knowledge - INFO - [LLM_CALL] Completed: HonoSenderSampler.java:chunk1, Duration: 27927ms, PromptTokens: 5290, CompletionTokens: 1199, Cost: $0.00101
2026-01-18 18:09:11,417 - Knowledge - INFO - Worker kw1 processing /app/data/T0015/307413/b0002up/Hono/client/src/main/java/org/eclipse/hono/client/impl/DestinationCommandConsumer.java
2026-01-18 18:09:11,507 - Knowledge - INFO - Worker kw16 processing /app/data/T0015/307413/b0002up/Hono/client/src/main/java/org/eclipse/hono/client/impl/GatewayMappingCommandHandler.java
2026-01-18 18:09:11,643 - Knowledge - INFO - process ingested knowledge for /app/data/T0015/307413/b0002up/Hono/jmeter/src/main/java/org/eclipse/hono/jmeter/client/HonoCommander.java
2026-01-18 18:09:11,726 - Knowledge - INFO - done ingest for /app/data/T0015/307413/b0002up/Hono/jmeter/src/main/java/org/eclipse/hono/jmeter/HonoSenderSampler.java
2026-01-18 18:09:11,729 - Knowledge - INFO - Async storing batch of 5 embeddings
2026-01-18 18:09:11,804 - Knowledge - INFO - [kw7] Queue=29, InProgress=0, PendingWorkers=20/20, Completed=926/1010 (91.7%)
2026-01-18 18:09:11,805 - Knowledge - INFO - Processing batch of 5 files
2026-01-18 18:09:11,805 - Knowledge - INFO - [kw11] Queue=29, InProgress=0, PendingWorkers=20/20, Completed=928/1010 (91.9%)
2026-01-18 18:09:11,879 - Knowledge - INFO - Worker kw1 processing /app/data/T0015/307413/b0002up/Hono/client/src/main/java/org/eclipse/hono/client/impl/TenantClientFactoryImpl.java
2026-01-18 18:09:11,884 - Knowledge - INFO - [kw2] Queue=29, InProgress=0, PendingWorkers=20/20, Completed=928/1010 (91.9%)
2026-01-18 18:09:11,885 - Knowledge - INFO - [kw12] Queue=29, InProgress=0, PendingWorkers=20/20, Completed=928/1010 (91.9%)
2026-01-18 18:09:11,932 - Knowledge - INFO - [kw10] Queue=29, InProgress=0, PendingWorkers=20/20, Completed=928/1010 (91.9%)
2026-01-18 18:09:11,950 - Knowledge - INFO - Worker kw16 processing /app/data/T0015/307413/b0002up/Hono/client/src/main/java/org/eclipse/hono/client/impl/CommandConsumer.java
2026-01-18 18:09:12,037 - Knowledge - INFO - process ingested knowledge for /app/data/T0015/307413/b0002up/Hono/jmeter/src/main/java/org/eclipse/hono/jmeter/client/HonoReceiver.java
2026-01-18 18:09:12,162 - Knowledge - INFO - Processing batch of 5 files
2026-01-18 18:09:12,246 - Knowledge - INFO - Worker kw14 processing /app/data/T0015/307413/b0002up/Hono/client/src/main/java/org/eclipse/hono/client/impl/ClientFactory.java
2026-01-18 18:09:12,353 - Knowledge - INFO - Batch sizing: calculated=4, max_allowed=10, queue=29, active_workers=20/20
2026-01-18 18:09:12,433 - Knowledge - INFO - process ingested knowledge for /app/data/T0015/307413/b0002up/Hono/jmeter/src/main/java/org/eclipse/hono/jmeter/ui/HonoCommanderSamplerUI.java
2026-01-18 18:09:12,519 - Knowledge - INFO - Batch sizing: calculated=4, max_allowed=10, queue=29, active_workers=20/20
2026-01-18 18:09:12,639 - Knowledge - INFO - Worker kw1 processing /app/data/T0015/307413/b0002up/Hono/client/src/main/java/org/eclipse/hono/client/impl/TenantClientImpl.java
2026-01-18 18:09:12,723 - Knowledge - INFO - Batch sizing: calculated=4, max_allowed=10, queue=29, active_workers=20/20
2026-01-18 18:09:12,810 - Knowledge - INFO - Batch sizing: calculated=4, max_allowed=10, queue=29, active_workers=20/20
2026-01-18 18:09:12,926 - Knowledge - INFO - Batch sizing: calculated=4, max_allowed=10, queue=29, active_workers=20/20
2026-01-18 18:09:13,024 - Knowledge - INFO - Worker kw16 processing /app/data/T0015/307413/b0002up/Hono/client/src/main/java/org/eclipse/hono/client/impl/AbstractRequestResponseClient.java
2026-01-18 18:09:13,136 - Knowledge - INFO - process ingested knowledge for /app/data/T0015/307413/b0002up/Hono/jmeter/src/main/java/org/eclipse/hono/jmeter/client/HonoSender.java
2026-01-18 18:09:13,223 - Knowledge - INFO - process ingested knowledge for /app/data/T0015/307413/b0002up/Hono/jmeter/src/main/java/org/eclipse/hono/jmeter/HonoCommanderSampler.java
2026-01-18 18:09:13,307 - Knowledge - INFO - Worker kw14 processing /app/data/T0015/307413/b0002up/Hono/client/src/main/java/org/eclipse/hono/client/impl/AbstractHonoClient.java
2026-01-18 18:09:13,407 - Knowledge - INFO - Async storing batch of 5 embeddings
2026-01-18 18:09:13,524 - Knowledge - INFO - process ingested knowledge for /app/data/T0015/307413/b0002up/Hono/jmeter/src/main/java/org/eclipse/hono/jmeter/ui/HonoSamplerUI.java
2026-01-18 18:09:13,612 - Knowledge - INFO - Async storing batch of 5 embeddings
2026-01-18 18:09:13,821 - Knowledge - INFO - Async storing batch of 5 embeddings
2026-01-18 18:09:13,914 - Knowledge - INFO - Async storing batch of 5 embeddings
2026-01-18 18:09:13,997 - Knowledge - INFO - Async storing batch of 5 embeddings
2026-01-18 18:09:14,075 - Knowledge - INFO - Worker kw16 processing /app/data/T0015/307413/b0002up/Hono/client/src/main/java/org/eclipse/hono/client/impl/CredentialsClientFactoryImpl.java
2026-01-18 18:09:14,157 - Knowledge - INFO - process ingested knowledge for /app/data/T0015/307413/b0002up/Hono/jmeter/src/main/java/org/eclipse/hono/jmeter/client/AbstractClient.java
2026-01-18 18:09:14,277 - Knowledge - INFO - process ingested knowledge for /app/data/T0015/307413/b0002up/Hono/jmeter/src/main/java/org/eclipse/hono/jmeter/sampleresult/HonoCommanderSampleResult.java
2026-01-18 18:09:14,352 - Knowledge - INFO - Worker kw14 processing /app/data/T0015/307413/b0002up/Hono/client/src/main/java/org/eclipse/hono/client/impl/DownstreamSenderFactoryImpl.java
2026-01-18 18:09:14,445 - Knowledge - INFO - Worker kw7 processing /app/data/T0015/307413/b0002up/Hono/client/src/main/java/org/eclipse/hono/client/impl/CredentialsClientImpl.java
2026-01-18 18:09:14,525 - Knowledge - INFO - process ingested knowledge for /app/data/T0015/307413/b0002up/Hono/jmeter/src/main/java/org/eclipse/hono/jmeter/ui/ServerOptionsPanel.java
2026-01-18 18:09:14,611 - Knowledge - INFO - Worker kw11 processing /app/data/T0015/307413/b0002up/Hono/client/src/main/java/org/eclipse/hono/client/RequestResponseClientConfigProperties.java
2026-01-18 18:09:14,708 - Knowledge - INFO - Worker kw2 processing /app/data/T0015/307413/b0002up/Hono/client/src/main/java/org/eclipse/hono/client/CommandClient.java
2026-01-18 18:09:14,818 - Knowledge - INFO - Worker kw12 processing /app/data/T0015/307413/b0002up/Hono/client/src/main/java/org/eclipse/hono/client/ResourceConflictException.java
2026-01-18 18:09:14,895 - Knowledge - INFO - Worker kw10 processing /app/data/T0015/307413/b0002up/Hono/client/src/main/java/org/eclipse/hono/client/CredentialsClient.java
2026-01-18 18:09:15,052 - Knowledge - INFO - process ingested knowledge for /app/data/T0015/307413/b0002up/Hono/jmeter/src/jmeter/load-test-http-router.sh
2026-01-18 18:09:15,130 - Knowledge - INFO - process ingested knowledge for /app/data/T0015/307413/b0002up/Hono/jmeter/src/main/java/org/eclipse/hono/jmeter/HonoSenderSampler.java
2026-01-18 18:09:15,216 - Knowledge - INFO - Worker kw14 processing /app/data/T0015/307413/b0002up/Hono/client/src/main/java/org/eclipse/hono/client/impl/AbstractHonoClientFactory.java
2026-01-18 18:09:15,288 - Knowledge - INFO - Worker kw7 processing /app/data/T0015/307413/b0002up/Hono/client/src/main/java/org/eclipse/hono/client/RegistrationClientFactory.java
2026-01-18 18:09:15,372 - Knowledge - INFO - process ingested knowledge for /app/data/T0015/307413/b0002up/Hono/jmeter/src/main/java/org/eclipse/hono/jmeter/ui/HonoReceiverSamplerUI.java
2026-01-18 18:09:15,470 - Knowledge - INFO - Worker kw11 processing /app/data/T0015/307413/b0002up/Hono/client/src/main/java/org/eclipse/hono/client/MessageSender.java
2026-01-18 18:09:15,551 - Knowledge - INFO - Worker kw2 processing /app/data/T0015/307413/b0002up/Hono/client/src/main/java/org/eclipse/hono/client/TenantClientFactory.java
2026-01-18 18:09:15,621 - Knowledge - INFO - Fast-tracked /app/data/T0015/307413/b0002up/Hono/client/src/main/java/org/eclipse/hono/client/ResourceConflictException.java (ext=.java, size=1570)
2026-01-18 18:09:15,719 - Knowledge - INFO - Worker kw10 processing /app/data/T0015/307413/b0002up/Hono/client/src/main/java/org/eclipse/hono/client/CommandConsumerFactory.java
2026-01-18 18:09:15,926 - Knowledge - INFO - process ingested knowledge for /app/data/T0015/307413/b0002up/Hono/jmeter/src/main/java/org/eclipse/hono/jmeter/HonoSamplerUtils.java
2026-01-18 18:09:15,996 - Knowledge - INFO - Fast-tracked /app/data/T0015/307413/b0002up/Hono/client/src/main/java/org/eclipse/hono/client/impl/ClientFactory.java (small file (2963 bytes))
2026-01-18 18:09:16,123 - Knowledge - INFO - Worker kw7 processing /app/data/T0015/307413/b0002up/Hono/client/src/main/java/org/eclipse/hono/client/ServiceInvocationException.java
2026-01-18 18:09:16,289 - Knowledge - INFO - process ingested knowledge for /app/data/T0015/307413/b0002up/Hono/jmeter/src/main/java/org/eclipse/hono/jmeter/ui/HonoSenderSamplerUI.java
2026-01-18 18:09:16,309 - Knowledge - INFO - Worker kw11 processing /app/data/T0015/307413/b0002up/Hono/client/src/main/java/org/eclipse/hono/client/AuthenticationServerClient.java
2026-01-18 18:09:16,414 - Knowledge - INFO - Worker kw2 processing /app/data/T0015/307413/b0002up/Hono/client/src/main/java/org/eclipse/hono/client/MessageConsumer.java
2026-01-18 18:09:16,429 - Knowledge - INFO - [kw3] Queue=9, InProgress=0, PendingWorkers=20/20, Completed=933/1010 (92.4%)
2026-01-18 18:09:16,539 - Knowledge - INFO - Worker kw12 processing /app/data/T0015/307413/b0002up/Hono/client/src/main/java/org/eclipse/hono/client/CredentialsClientFactory.java
2026-01-18 18:09:16,623 - Knowledge - INFO - Worker kw10 processing /app/data/T0015/307413/b0002up/Hono/client/src/main/java/org/eclipse/hono/client/ApplicationClientFactory.java
2026-01-18 18:09:16,730 - Knowledge - INFO - process ingested knowledge for /app/data/T0015/307413/b0002up/Hono/jmeter/src/main/java/org/eclipse/hono/jmeter/HonoReceiverSampler.java
2026-01-18 18:09:16,899 - Knowledge - INFO - Worker kw7 processing /app/data/T0015/307413/b0002up/Hono/client/src/main/java/org/eclipse/hono/client/RegistrationClient.java
2026-01-18 18:09:17,071 - Knowledge - INFO - Worker kw11 processing /app/data/T0015/307413/b0002up/Hono/client/src/main/java/org/eclipse/hono/client/CommandResponse.java
2026-01-18 18:09:17,146 - Knowledge - INFO - Fast-tracked /app/data/T0015/307413/b0002up/Hono/client/src/main/java/org/eclipse/hono/client/MessageConsumer.java (ext=.java, size=1804)
2026-01-18 18:09:17,248 - Knowledge - INFO - Batch sizing: calculated=4, max_allowed=10, queue=9, active_workers=20/20
2026-01-18 18:09:17,287 - Knowledge - INFO - Async storage completed for 5 embeddings
2026-01-18 18:09:17,342 - Knowledge - INFO - Worker kw12 processing /app/data/T0015/307413/b0002up/Hono/client/src/main/java/org/eclipse/hono/client/DownstreamSender.java
2026-01-18 18:09:17,434 - Knowledge - INFO - Worker kw10 processing /app/data/T0015/307413/b0002up/Hono/client/src/main/java/org/eclipse/hono/client/CreditBasedSender.java
2026-01-18 18:09:17,736 - Knowledge - INFO - Worker kw2 processing /app/data/T0015/307413/b0002up/Hono/client/src/main/java/org/eclipse/hono/client/TenantClient.java
2026-01-18 18:09:17,810 - Knowledge - INFO - [kw13] Queue=9, InProgress=0, PendingWorkers=20/20, Completed=933/1010 (92.4%)
2026-01-18 18:09:17,836 - Knowledge - INFO - Async storing batch of 5 embeddings
2026-01-18 18:09:18,031 - Knowledge - INFO - Worker kw12 processing /app/data/T0015/307413/b0002up/Hono/client/src/main/java/org/eclipse/hono/client/DownstreamSenderFactory.java
2026-01-18 18:09:18,252 - Knowledge - INFO - [kw8] Queue=5, InProgress=0, PendingWorkers=20/20, Completed=933/1010 (92.4%)
2026-01-18 18:09:18,277 - Knowledge - INFO - Batch sizing: calculated=4, max_allowed=10, queue=9, active_workers=20/20
2026-01-18 18:09:18,363 - Knowledge - INFO - Worker kw3 processing /app/data/T0015/307413/b0002up/Hono/client/src/main/java/org/eclipse/hono/client/GatewayMapper.java
2026-01-18 18:09:18,467 - Knowledge - INFO - Fast-tracked /app/data/T0015/307413/b0002up/Hono/client/src/main/java/org/eclipse/hono/client/CredentialsClientFactory.java (small file (2479 bytes))
2026-01-18 18:09:18,472 - Knowledge - INFO - Fast-tracked /app/data/T0015/307413/b0002up/Hono/client/src/main/java/org/eclipse/hono/client/impl/TelemetryConsumerImpl.java (small file (2621 bytes))
2026-01-18 18:09:18,565 - Knowledge - INFO - Batch sizing: calculated=4, max_allowed=10, queue=5, active_workers=20/20
2026-01-18 18:09:18,683 - Knowledge - INFO - Async storing batch of 5 embeddings
2026-01-18 18:09:18,784 - Knowledge - INFO - Worker kw3 processing /app/data/T0015/307413/b0002up/Hono/client/src/main/java/org/eclipse/hono/client/ReconnectListener.java
2026-01-18 18:09:19,111 - Knowledge - INFO - Async storing batch of 5 embeddings
2026-01-18 18:09:19,224 - Knowledge - INFO - Worker kw13 processing /app/data/T0015/307413/b0002up/Hono/client/src/main/java/org/eclipse/hono/client/DelegatedCommandSender.java
2026-01-18 18:09:19,307 - Knowledge - INFO - Fast-tracked /app/data/T0015/307413/b0002up/Hono/client/src/main/java/org/eclipse/hono/client/ReconnectListener.java (ext=.java, size=963)
2026-01-18 18:09:19,389 - Knowledge - INFO - Worker kw8 processing /app/data/T0015/307413/b0002up/Hono/client/pom.xml
2026-01-18 18:09:19,501 - Knowledge - INFO - Worker kw13 processing /app/data/T0015/307413/b0002up/Hono/client/src/main/java/org/eclipse/hono/client/CommandResponseSender.java
2026-01-18 18:09:19,579 - Knowledge - INFO - Worker kw3 processing /app/data/T0015/307413/b0002up/Hono/client/src/main/java/org/eclipse/hono/client/RequestResponseClient.java
2026-01-18 18:09:19,669 - Knowledge - INFO - Fast-tracked /app/data/T0015/307413/b0002up/Hono/client/pom.xml (ext=.xml, size=5405)
2026-01-18 18:09:19,776 - Knowledge - INFO - Fast-tracked /app/data/T0015/307413/b0002up/Hono/client/src/main/java/org/eclipse/hono/client/CommandResponseSender.java (ext=.java, size=1818)
2026-01-18 18:09:19,858 - Knowledge - INFO - Worker kw3 processing /app/data/T0015/307413/b0002up/Hono/client/src/main/java/org/eclipse/hono/client/DeviceConnectionClientFactory.java
2026-01-18 18:09:19,979 - Knowledge - INFO - Async storage completed for 5 embeddings
2026-01-18 18:09:20,057 - Knowledge - INFO - Worker kw13 processing /app/data/T0015/307413/b0002up/Hono/client/src/main/java/org/eclipse/hono/client/Command.java
2026-01-18 18:09:20,100 - Knowledge - INFO - Fast-tracked /app/data/T0015/307413/b0002up/Hono/client/src/main/java/org/eclipse/hono/client/impl/AbstractConsumer.java (small file (2287 bytes))
2026-01-18 18:09:20,145 - Knowledge - INFO - Fast-tracked /app/data/T0015/307413/b0002up/Hono/client/src/main/java/org/eclipse/hono/client/DeviceConnectionClientFactory.java (ext=.java, size=1774)
2026-01-18 18:09:20,261 - Knowledge - INFO - Processing batch of 1 files
2026-01-18 18:09:20,373 - Knowledge - INFO - Worker kw13 processing /app/data/T0015/307413/b0002up/Hono/client/src/main/java/org/eclipse/hono/client/DeviceConnectionClient.java
2026-01-18 18:09:20,444 - Knowledge - INFO - Async storage completed for 5 embeddings
2026-01-18 18:09:20,665 - Knowledge - INFO - process ingested knowledge for /app/data/T0015/307413/b0002up/Hono/client/pom.xml
2026-01-18 18:09:21,034 - Knowledge - INFO - Fast-tracked /app/data/T0015/307413/b0002up/Hono/client/src/main/java/org/eclipse/hono/client/DelegatedCommandSender.java (small file (2266 bytes))
2026-01-18 18:09:21,965 - Knowledge - INFO - [LLM_CALL] Completed: ConnectionLifecycle.java:chunk1, Duration: 13624ms, PromptTokens: 2434, CompletionTokens: 532, Cost: $0.00046
2026-01-18 18:09:22,163 - Knowledge - INFO - done ingest for /app/data/T0015/307413/b0002up/Hono/client/src/main/java/org/eclipse/hono/client/ConnectionLifecycle.java
2026-01-18 18:09:22,449 - Knowledge - INFO - Processing batch of 4 files
2026-01-18 18:09:22,661 - Knowledge - INFO - process ingested knowledge for /app/data/T0015/307413/b0002up/Hono/client/src/test/resources/logback-test.xml
2026-01-18 18:09:22,878 - Knowledge - INFO - process ingested knowledge for /app/data/T0015/307413/b0002up/Hono/client/src/main/java/org/eclipse/hono/client/DisconnectListener.java
2026-01-18 18:09:23,063 - Knowledge - INFO - process ingested knowledge for /app/data/T0015/307413/b0002up/Hono/client/src/main/java/org/eclipse/hono/client/ServerErrorException.java
2026-01-18 18:09:23,308 - Knowledge - INFO - process ingested knowledge for /app/data/T0015/307413/b0002up/Hono/client/src/main/java/org/eclipse/hono/client/ConnectionLifecycle.java
2026-01-18 18:09:26,428 - Knowledge - INFO - [LLM_CALL] Completed: AsyncCommandClient.java:chunk1, Duration: 21006ms, PromptTokens: 2912, CompletionTokens: 368, Cost: $0.00044
2026-01-18 18:09:26,624 - Knowledge - INFO - done ingest for /app/data/T0015/307413/b0002up/Hono/client/src/main/java/org/eclipse/hono/client/AsyncCommandClient.java
2026-01-18 18:09:27,806 - Knowledge - INFO - Fast-tracked /app/data/T0015/307413/b0002up/Hono/client/src/main/java/org/eclipse/hono/client/impl/ConnectionLifecycleWrapper.java (small file (2345 bytes))
2026-01-18 18:09:28,606 - Knowledge - INFO - [LLM_CALL] Completed: CommandClientImpl.java:chunk1, Duration: 19106ms, PromptTokens: 5192, CompletionTokens: 1065, Cost: $0.00095
2026-01-18 18:09:28,809 - Knowledge - INFO - done ingest for /app/data/T0015/307413/b0002up/Hono/client/src/main/java/org/eclipse/hono/client/impl/CommandClientImpl.java
2026-01-18 18:09:29,040 - Knowledge - INFO - Processing batch of 4 files
2026-01-18 18:09:29,242 - Knowledge - INFO - process ingested knowledge for /app/data/T0015/307413/b0002up/Hono/client/src/main/java/org/eclipse/hono/client/AsyncCommandClient.java
2026-01-18 18:09:29,415 - Knowledge - INFO - process ingested knowledge for /app/data/T0015/307413/b0002up/Hono/client/src/main/java/org/eclipse/hono/client/impl/EventConsumerImpl.java
2026-01-18 18:09:29,589 - Knowledge - INFO - process ingested knowledge for /app/data/T0015/307413/b0002up/Hono/client/src/main/java/org/eclipse/hono/client/impl/CommandClientImpl.java
2026-01-18 18:09:29,756 - Knowledge - INFO - process ingested knowledge for /app/data/T0015/307413/b0002up/Hono/client/src/main/java/org/eclipse/hono/client/impl/AbstractConsumer.java
2026-01-18 18:09:30,336 - Knowledge - INFO - [WEBSOCKET] Sent: Type=progress_update, Size: 292, Duration: 0ms
2026-01-18 18:09:30,511 - Knowledge - INFO - [WEBSOCKET] Sent: Type=unknown, Size: ?, Duration: 175ms
2026-01-18 18:09:30,706 - Knowledge - INFO - Progress: 93.3% | Files: 942/1010 | Rate: 1.78 files/sec | Queue: 0
2026-01-18 18:09:31,321 - Knowledge - INFO - Fast-tracked /app/data/T0015/307413/b0002up/Hono/client/src/main/java/org/eclipse/hono/client/RegistrationClientFactory.java (small file (2399 bytes))
2026-01-18 18:09:31,716 - Knowledge - INFO - Fast-tracked /app/data/T0015/307413/b0002up/Hono/client/src/main/java/org/eclipse/hono/client/DownstreamSenderFactory.java (small file (2598 bytes))
2026-01-18 18:09:31,932 - Knowledge - INFO - Async storage completed for 5 embeddings
2026-01-18 18:09:32,712 - Knowledge - INFO - Async storage completed for 5 embeddings
2026-01-18 18:09:33,736 - Knowledge - INFO - Fast-tracked /app/data/T0015/307413/b0002up/Hono/client/src/main/java/org/eclipse/hono/client/TenantClientFactory.java (small file (2260 bytes))
2026-01-18 18:09:34,577 - Knowledge - INFO - [LLM_CALL] Completed: DownstreamSender.java:chunk1, Duration: 15698ms, PromptTokens: 4940, CompletionTokens: 266, Cost: $0.00060
2026-01-18 18:09:34,806 - Knowledge - INFO - done ingest for /app/data/T0015/307413/b0002up/Hono/client/src/main/java/org/eclipse/hono/client/DownstreamSender.java
2026-01-18 18:09:34,994 - Knowledge - INFO - Processing batch of 4 files
2026-01-18 18:09:35,311 - Knowledge - INFO - process ingested knowledge for /app/data/T0015/307413/b0002up/Hono/client/src/main/java/org/eclipse/hono/client/ResourceConflictException.java
2026-01-18 18:09:35,466 - Knowledge - INFO - process ingested knowledge for /app/data/T0015/307413/b0002up/Hono/client/src/main/java/org/eclipse/hono/client/CredentialsClientFactory.java
2026-01-18 18:09:35,686 - Knowledge - INFO - process ingested knowledge for /app/data/T0015/307413/b0002up/Hono/client/src/main/java/org/eclipse/hono/client/DownstreamSender.java
2026-01-18 18:09:35,920 - Knowledge - INFO - process ingested knowledge for /app/data/T0015/307413/b0002up/Hono/client/src/main/java/org/eclipse/hono/client/DownstreamSenderFactory.java
2026-01-18 18:09:36,495 - Knowledge - INFO - Async storage completed for 5 embeddings
2026-01-18 18:09:37,452 - Knowledge - INFO - Fast-tracked /app/data/T0015/307413/b0002up/Hono/client/src/main/java/org/eclipse/hono/client/impl/TenantClientFactoryImpl.java (small file (2721 bytes))
2026-01-18 18:09:39,331 - Knowledge - INFO - [LLM_CALL] Completed: StatusCodeMapper.java:chunk1, Duration: 21705ms, PromptTokens: 3132, CompletionTokens: 629, Cost: $0.00056
2026-01-18 18:09:39,490 - Knowledge - INFO - done ingest for /app/data/T0015/307413/b0002up/Hono/client/src/main/java/org/eclipse/hono/client/StatusCodeMapper.java
2026-01-18 18:09:40,461 - Knowledge - INFO - Fast-tracked /app/data/T0015/307413/b0002up/Hono/client/src/main/java/org/eclipse/hono/client/RequestResponseClient.java (small file (2193 bytes))
2026-01-18 18:09:40,874 - Knowledge - INFO - Async storage completed for 5 embeddings
2026-01-18 18:09:42,411 - Knowledge - INFO - [LLM_CALL] Completed: CommandContext.java:chunk1, Duration: 32431ms, PromptTokens: 6128, CompletionTokens: 940, Cost: $0.00099
2026-01-18 18:09:42,603 - Knowledge - INFO - done ingest for /app/data/T0015/307413/b0002up/Hono/client/src/main/java/org/eclipse/hono/client/CommandContext.java
2026-01-18 18:09:43,871 - Knowledge - INFO - Async storage completed for 5 embeddings
2026-01-18 18:09:44,650 - Knowledge - INFO - [LLM_CALL] Completed: HonoConnection.java:chunk1, Duration: 39222ms, PromptTokens: 9226, CompletionTokens: 1042, Cost: $0.00134
2026-01-18 18:09:44,942 - Knowledge - INFO - done ingest for /app/data/T0015/307413/b0002up/Hono/client/src/main/java/org/eclipse/hono/client/HonoConnection.java
2026-01-18 18:09:45,115 - Knowledge - INFO - [LLM_CALL] Completed: GatewayMapper.java:chunk1, Duration: 24538ms, PromptTokens: 2168, CompletionTokens: 393, Cost: $0.00037
2026-01-18 18:09:45,359 - Knowledge - INFO - done ingest for /app/data/T0015/307413/b0002up/Hono/client/src/main/java/org/eclipse/hono/client/GatewayMapper.java
2026-01-18 18:09:45,359 - Knowledge - INFO - Processing batch of 4 files
2026-01-18 18:09:45,521 - Knowledge - INFO - Processing batch of 4 files
2026-01-18 18:09:45,597 - Knowledge - INFO - process ingested knowledge for /app/data/T0015/307413/b0002up/Hono/client/src/main/java/org/eclipse/hono/client/ClientErrorException.java
2026-01-18 18:09:45,675 - Knowledge - INFO - process ingested knowledge for /app/data/T0015/307413/b0002up/Hono/client/src/main/java/org/eclipse/hono/client/GatewayMapper.java
2026-01-18 18:09:45,759 - Knowledge - INFO - process ingested knowledge for /app/data/T0015/307413/b0002up/Hono/client/src/main/java/org/eclipse/hono/client/HonoConnection.java
2026-01-18 18:09:45,895 - Knowledge - INFO - process ingested knowledge for /app/data/T0015/307413/b0002up/Hono/client/src/main/java/org/eclipse/hono/client/ReconnectListener.java
2026-01-18 18:09:46,053 - Knowledge - INFO - process ingested knowledge for /app/data/T0015/307413/b0002up/Hono/client/src/main/java/org/eclipse/hono/client/CommandContext.java
2026-01-18 18:09:46,306 - Knowledge - INFO - process ingested knowledge for /app/data/T0015/307413/b0002up/Hono/client/src/main/java/org/eclipse/hono/client/RequestResponseClient.java
2026-01-18 18:09:46,792 - Knowledge - INFO - process ingested knowledge for /app/data/T0015/307413/b0002up/Hono/client/src/main/java/org/eclipse/hono/client/StatusCodeMapper.java
2026-01-18 18:09:46,938 - Knowledge - INFO - process ingested knowledge for /app/data/T0015/307413/b0002up/Hono/client/src/main/java/org/eclipse/hono/client/DeviceConnectionClientFactory.java
2026-01-18 18:09:47,540 - Knowledge - INFO - [LLM_CALL] Completed: MappingAndDelegatingCommandConsumer.java:chunk1, Duration: 27155ms, PromptTokens: 2730, CompletionTokens: 427, Cost: $0.00044
2026-01-18 18:09:47,869 - Knowledge - INFO - done ingest for /app/data/T0015/307413/b0002up/Hono/client/src/main/java/org/eclipse/hono/client/impl/MappingAndDelegatingCommandConsumer.java
2026-01-18 18:09:48,662 - Knowledge - INFO - [LLM_CALL] Completed: LegacyCommandResponseSenderImpl.java:chunk1, Duration: 36176ms, PromptTokens: 2988, CompletionTokens: 662, Cost: $0.00056
2026-01-18 18:09:48,819 - Knowledge - INFO - done ingest for /app/data/T0015/307413/b0002up/Hono/client/src/main/java/org/eclipse/hono/client/impl/LegacyCommandResponseSenderImpl.java
2026-01-18 18:09:50,979 - Knowledge - INFO - [LLM_CALL] Completed: HonoConnectionImpl.java:chunk1, Duration: 43751ms, PromptTokens: 17838, CompletionTokens: 1063, Cost: $0.00221
2026-01-18 18:09:51,075 - Knowledge - INFO - Async storage completed for 5 embeddings
2026-01-18 18:09:51,169 - Knowledge - INFO - done ingest for /app/data/T0015/307413/b0002up/Hono/client/src/main/java/org/eclipse/hono/client/impl/HonoConnectionImpl.java
2026-01-18 18:09:51,396 - Knowledge - INFO - Processing batch of 4 files
2026-01-18 18:09:51,587 - Knowledge - INFO - process ingested knowledge for /app/data/T0015/307413/b0002up/Hono/client/src/main/java/org/eclipse/hono/client/impl/AsyncCommandResponseConsumerImpl.java
2026-01-18 18:09:51,948 - Knowledge - INFO - process ingested knowledge for /app/data/T0015/307413/b0002up/Hono/client/src/main/java/org/eclipse/hono/client/impl/HonoConnectionImpl.java
2026-01-18 18:09:52,980 - Knowledge - INFO - process ingested knowledge for /app/data/T0015/307413/b0002up/Hono/client/src/main/java/org/eclipse/hono/client/impl/LegacyCommandResponseSenderImpl.java
2026-01-18 18:09:53,222 - Knowledge - INFO - Async storage completed for 5 embeddings
2026-01-18 18:09:53,447 - Knowledge - INFO - process ingested knowledge for /app/data/T0015/307413/b0002up/Hono/client/src/main/java/org/eclipse/hono/client/impl/MappingAndDelegatingCommandConsumer.java
2026-01-18 18:09:53,644 - Knowledge - INFO - [LLM_CALL] Completed: DelegatedCommandSenderImpl.java:chunk1, Duration: 25387ms, PromptTokens: 5274, CompletionTokens: 1038, Cost: $0.00094
2026-01-18 18:09:53,859 - Knowledge - INFO - done ingest for /app/data/T0015/307413/b0002up/Hono/client/src/main/java/org/eclipse/hono/client/impl/DelegatedCommandSenderImpl.java
2026-01-18 18:09:55,253 - Knowledge - INFO - [LLM_CALL] Completed: CommandResponseSenderImpl.java:chunk1, Duration: 40149ms, PromptTokens: 2970, CompletionTokens: 659, Cost: $0.00056
2026-01-18 18:09:55,394 - Knowledge - INFO - Async storage completed for 5 embeddings
2026-01-18 18:09:55,433 - Knowledge - INFO - done ingest for /app/data/T0015/307413/b0002up/Hono/client/src/main/java/org/eclipse/hono/client/impl/CommandResponseSenderImpl.java
2026-01-18 18:09:55,826 - Knowledge - INFO - Async storage completed for 5 embeddings
2026-01-18 18:09:56,980 - Knowledge - INFO - Async storage completed for 5 embeddings
2026-01-18 18:09:57,403 - Knowledge - INFO - [LLM_CALL] Completed: DeviceSpecificCommandConsumer.java:chunk1, Duration: 50156ms, PromptTokens: 2434, CompletionTokens: 566, Cost: $0.00047
2026-01-18 18:09:57,648 - Knowledge - INFO - done ingest for /app/data/T0015/307413/b0002up/Hono/client/src/main/java/org/eclipse/hono/client/impl/DeviceSpecificCommandConsumer.java
2026-01-18 18:09:58,196 - Knowledge - INFO - Processing batch of 4 files
2026-01-18 18:09:58,427 - Knowledge - INFO - process ingested knowledge for /app/data/T0015/307413/b0002up/Hono/client/src/main/java/org/eclipse/hono/client/impl/DeviceSpecificCommandConsumer.java
2026-01-18 18:09:58,797 - Knowledge - INFO - process ingested knowledge for /app/data/T0015/307413/b0002up/Hono/client/src/main/java/org/eclipse/hono/client/impl/CommandResponseSenderImpl.java
2026-01-18 18:09:59,139 - Knowledge - INFO - process ingested knowledge for /app/data/T0015/307413/b0002up/Hono/client/src/main/java/org/eclipse/hono/client/impl/ConnectionLifecycleWrapper.java
2026-01-18 18:09:59,220 - Knowledge - INFO - [LLM_CALL] Completed: TenantClient.java:chunk1, Duration: 25275ms, PromptTokens: 3488, CompletionTokens: 438, Cost: $0.00052
2026-01-18 18:09:59,340 - Knowledge - INFO - process ingested knowledge for /app/data/T0015/307413/b0002up/Hono/client/src/main/java/org/eclipse/hono/client/impl/DelegatedCommandSenderImpl.java
2026-01-18 18:09:59,511 - Knowledge - INFO - done ingest for /app/data/T0015/307413/b0002up/Hono/client/src/main/java/org/eclipse/hono/client/TenantClient.java
2026-01-18 18:09:59,559 - Knowledge - INFO - Async storage completed for 5 embeddings
2026-01-18 18:09:59,849 - Knowledge - INFO - [LLM_CALL] Completed: DeviceConnectionClient.java:chunk1, Duration: 20358ms, PromptTokens: 2176, CompletionTokens: 329, Cost: $0.00035
2026-01-18 18:10:00,181 - Knowledge - INFO - done ingest for /app/data/T0015/307413/b0002up/Hono/client/src/main/java/org/eclipse/hono/client/DeviceConnectionClient.java
2026-01-18 18:10:00,219 - Knowledge - INFO - Async storage completed for 5 embeddings
2026-01-18 18:10:00,442 - Knowledge - INFO - Async storage completed for 5 embeddings
2026-01-18 18:10:00,667 - Knowledge - INFO - [LLM_CALL] Completed: CommandClient.java:chunk1, Duration: 42462ms, PromptTokens: 3588, CompletionTokens: 320, Cost: $0.00049
2026-01-18 18:10:00,867 - Knowledge - INFO - done ingest for /app/data/T0015/307413/b0002up/Hono/client/src/main/java/org/eclipse/hono/client/CommandClient.java
2026-01-18 18:10:00,932 - Knowledge - INFO - Fast-tracked /app/data/T0015/307413/b0002up/Hono/client/src/main/java/org/eclipse/hono/client/CreditBasedSender.java (small file (2291 bytes))
2026-01-18 18:10:01,227 - Knowledge - INFO - Async storage completed for 5 embeddings
2026-01-18 18:10:01,696 - Knowledge - INFO - Processing batch of 4 files
2026-01-18 18:10:02,010 - Knowledge - INFO - process ingested knowledge for /app/data/T0015/307413/b0002up/Hono/client/src/main/java/org/eclipse/hono/client/CommandClient.java
2026-01-18 18:10:02,163 - Knowledge - INFO - Async storage completed for 5 embeddings
2026-01-18 18:10:02,790 - Knowledge - INFO - process ingested knowledge for /app/data/T0015/307413/b0002up/Hono/client/src/main/java/org/eclipse/hono/client/TenantClientFactory.java
2026-01-18 18:10:03,039 - Knowledge - INFO - [WEBSOCKET] Sent: Type=progress_update, Size: 273, Duration: 0ms
2026-01-18 18:10:03,338 - Knowledge - INFO - process ingested knowledge for /app/data/T0015/307413/b0002up/Hono/client/src/main/java/org/eclipse/hono/client/MessageConsumer.java
2026-01-18 18:10:03,380 - Knowledge - INFO - [WEBSOCKET] Sent: Type=unknown, Size: ?, Duration: 340ms
2026-01-18 18:10:03,955 - Knowledge - INFO - Progress: 95.6% | Files: 966/1010 | Rate: 1.72 files/sec | Queue: 0
2026-01-18 18:10:04,073 - Knowledge - INFO - process ingested knowledge for /app/data/T0015/307413/b0002up/Hono/client/src/main/java/org/eclipse/hono/client/TenantClient.java
2026-01-18 18:10:04,432 - Knowledge - INFO - Async storage completed for 5 embeddings
2026-01-18 18:10:07,834 - Knowledge - INFO - Async storage completed for 5 embeddings
2026-01-18 18:10:08,868 - Knowledge - INFO - [LLM_CALL] Completed: AbstractDownstreamSender.java:chunk1, Duration: 33927ms, PromptTokens: 2412, CompletionTokens: 419, Cost: $0.00041
2026-01-18 18:10:09,159 - Knowledge - INFO - done ingest for /app/data/T0015/307413/b0002up/Hono/client/src/main/java/org/eclipse/hono/client/impl/AbstractDownstreamSender.java
2026-01-18 18:10:10,595 - Knowledge - INFO - [LLM_CALL] Completed: RegistrationClient.java:chunk1, Duration: 24937ms, PromptTokens: 2936, CompletionTokens: 291, Cost: $0.00041
2026-01-18 18:10:10,965 - Knowledge - INFO - done ingest for /app/data/T0015/307413/b0002up/Hono/client/src/main/java/org/eclipse/hono/client/RegistrationClient.java
2026-01-18 18:10:19,169 - Knowledge - INFO - [LLM_CALL] Completed: DeviceConnectionClientFactoryImpl.java:chunk1, Duration: 60174ms, PromptTokens: 1984, CompletionTokens: 611, Cost: $0.00044
2026-01-18 18:10:19,662 - Knowledge - INFO - done ingest for /app/data/T0015/307413/b0002up/Hono/client/src/main/java/org/eclipse/hono/client/impl/DeviceConnectionClientFactoryImpl.java
2026-01-18 18:10:22,436 - Knowledge - INFO - [LLM_CALL] Completed: GatewayMappingCommandHandler.java:chunk1, Duration: 67462ms, PromptTokens: 2636, CompletionTokens: 658, Cost: $0.00053
2026-01-18 18:10:22,750 - Knowledge - INFO - done ingest for /app/data/T0015/307413/b0002up/Hono/client/src/main/java/org/eclipse/hono/client/impl/GatewayMappingCommandHandler.java
2026-01-18 18:10:23,517 - Knowledge - INFO - [LLM_CALL] Completed: Command.java:chunk1, Duration: 62053ms, PromptTokens: 9420, CompletionTokens: 1142, Cost: $0.00140
2026-01-18 18:10:23,743 - Knowledge - INFO - done ingest for /app/data/T0015/307413/b0002up/Hono/client/src/main/java/org/eclipse/hono/client/Command.java
2026-01-18 18:10:24,364 - Knowledge - INFO - [LLM_CALL] Completed: RegistrationClientFactoryImpl.java:chunk1, Duration: 74610ms, PromptTokens: 2084, CompletionTokens: 587, Cost: $0.00044
2026-01-18 18:10:24,647 - Knowledge - INFO - done ingest for /app/data/T0015/307413/b0002up/Hono/client/src/main/java/org/eclipse/hono/client/impl/RegistrationClientFactoryImpl.java
2026-01-18 18:10:24,969 - Knowledge - INFO - [LLM_CALL] Completed: ServiceInvocationException.java:chunk1, Duration: 53463ms, PromptTokens: 2570, CompletionTokens: 371, Cost: $0.00041
2026-01-18 18:10:25,201 - Knowledge - INFO - done ingest for /app/data/T0015/307413/b0002up/Hono/client/src/main/java/org/eclipse/hono/client/ServiceInvocationException.java
2026-01-18 18:10:25,213 - Knowledge - INFO - Processing batch of 4 files
2026-01-18 18:10:25,690 - Knowledge - INFO - process ingested knowledge for /app/data/T0015/307413/b0002up/Hono/client/src/main/java/org/eclipse/hono/client/DelegatedCommandSender.java
2026-01-18 18:10:26,196 - Knowledge - INFO - process ingested knowledge for /app/data/T0015/307413/b0002up/Hono/client/src/main/java/org/eclipse/hono/client/CommandResponseSender.java
2026-01-18 18:10:26,551 - Knowledge - INFO - [LLM_CALL] Completed: DelegateViaDownstreamPeerCommandHandler.java:chunk1, Duration: 81124ms, PromptTokens: 2452, CompletionTokens: 593, Cost: $0.00048
2026-01-18 18:10:26,829 - Knowledge - INFO - done ingest for /app/data/T0015/307413/b0002up/Hono/client/src/main/java/org/eclipse/hono/client/impl/DelegateViaDownstreamPeerCommandHandler.java
2026-01-18 18:10:26,863 - Knowledge - INFO - process ingested knowledge for /app/data/T0015/307413/b0002up/Hono/client/src/main/java/org/eclipse/hono/client/Command.java
2026-01-18 18:10:27,801 - Knowledge - INFO - [LLM_CALL] Completed: CredentialsClient.java:chunk1, Duration: 69676ms, PromptTokens: 2844, CompletionTokens: 308, Cost: $0.00041
2026-01-18 18:10:27,873 - Knowledge - INFO - process ingested knowledge for /app/data/T0015/307413/b0002up/Hono/client/src/main/java/org/eclipse/hono/client/DeviceConnectionClient.java
2026-01-18 18:10:28,181 - Knowledge - INFO - done ingest for /app/data/T0015/307413/b0002up/Hono/client/src/main/java/org/eclipse/hono/client/CredentialsClient.java
2026-01-18 18:10:29,865 - Knowledge - INFO - [LLM_CALL] Completed: AbstractHonoClientFactory.java:chunk1, Duration: 41882ms, PromptTokens: 2980, CompletionTokens: 645, Cost: $0.00056
2026-01-18 18:10:30,399 - Knowledge - INFO - done ingest for /app/data/T0015/307413/b0002up/Hono/client/src/main/java/org/eclipse/hono/client/impl/AbstractHonoClientFactory.java
2026-01-18 18:10:30,680 - Knowledge - INFO - [LLM_CALL] Completed: CachingClientFactory.java:chunk1, Duration: 71114ms, PromptTokens: 4062, CompletionTokens: 641, Cost: $0.00066
2026-01-18 18:10:31,571 - Knowledge - INFO - done ingest for /app/data/T0015/307413/b0002up/Hono/client/src/main/java/org/eclipse/hono/client/impl/CachingClientFactory.java
2026-01-18 18:10:31,597 - Knowledge - INFO - [LLM_CALL] Completed: GatewayMapperImpl.java:chunk1, Duration: 83212ms, PromptTokens: 4502, CompletionTokens: 956, Cost: $0.00083
2026-01-18 18:10:32,489 - Knowledge - INFO - done ingest for /app/data/T0015/307413/b0002up/Hono/client/src/main/java/org/eclipse/hono/client/impl/GatewayMapperImpl.java
2026-01-18 18:10:33,678 - Knowledge - INFO - [LLM_CALL] Completed: DownstreamSenderFactoryImpl.java:chunk1, Duration: 58871ms, PromptTokens: 2244, CompletionTokens: 610, Cost: $0.00047
2026-01-18 18:10:34,217 - Knowledge - INFO - done ingest for /app/data/T0015/307413/b0002up/Hono/client/src/main/java/org/eclipse/hono/client/impl/DownstreamSenderFactoryImpl.java
2026-01-18 18:10:34,222 - Knowledge - INFO - [LLM_CALL] Completed: CommandConsumerFactory.java:chunk1, Duration: 60717ms, PromptTokens: 5892, CompletionTokens: 448, Cost: $0.00077
2026-01-18 18:10:34,918 - Knowledge - INFO - done ingest for /app/data/T0015/307413/b0002up/Hono/client/src/main/java/org/eclipse/hono/client/CommandConsumerFactory.java
2026-01-18 18:10:34,975 - Knowledge - INFO - [LLM_CALL] Completed: ApplicationClientFactoryImpl.java:chunk1, Duration: 50017ms, PromptTokens: 3672, CompletionTokens: 580, Cost: $0.00060
2026-01-18 18:10:35,578 - Knowledge - INFO - done ingest for /app/data/T0015/307413/b0002up/Hono/client/src/main/java/org/eclipse/hono/client/impl/ApplicationClientFactoryImpl.java
2026-01-18 18:10:35,822 - Knowledge - INFO - Processing batch of 4 files
2026-01-18 18:10:36,327 - Knowledge - INFO - process ingested knowledge for /app/data/T0015/307413/b0002up/Hono/client/src/main/java/org/eclipse/hono/client/impl/GatewayMapperImpl.java
2026-01-18 18:10:37,013 - Knowledge - INFO - process ingested knowledge for /app/data/T0015/307413/b0002up/Hono/client/src/main/java/org/eclipse/hono/client/impl/TelemetryConsumerImpl.java
2026-01-18 18:10:37,624 - Knowledge - INFO - [LLM_CALL] Completed: RegistrationClientImpl.java:chunk1, Duration: 61944ms, PromptTokens: 4880, CompletionTokens: 784, Cost: $0.00080
2026-01-18 18:10:37,698 - Knowledge - INFO - process ingested knowledge for /app/data/T0015/307413/b0002up/Hono/client/src/main/java/org/eclipse/hono/client/impl/DeviceConnectionClientFactoryImpl.java
2026-01-18 18:10:37,971 - Knowledge - INFO - done ingest for /app/data/T0015/307413/b0002up/Hono/client/src/main/java/org/eclipse/hono/client/impl/RegistrationClientImpl.java
2026-01-18 18:10:38,006 - Knowledge - INFO - [LLM_CALL] Completed: RequestResponseClientConfigProperties.java:chunk1, Duration: 80337ms, PromptTokens: 2792, CompletionTokens: 388, Cost: $0.00043
2026-01-18 18:10:38,719 - Knowledge - INFO - process ingested knowledge for /app/data/T0015/307413/b0002up/Hono/client/src/main/java/org/eclipse/hono/client/impl/AbstractDownstreamSender.java
2026-01-18 18:10:39,152 - Knowledge - INFO - done ingest for /app/data/T0015/307413/b0002up/Hono/client/src/main/java/org/eclipse/hono/client/RequestResponseClientConfigProperties.java
2026-01-18 18:10:39,198 - Knowledge - INFO - [LLM_CALL] Completed: ApplicationClientFactory.java:chunk1, Duration: 50780ms, PromptTokens: 4946, CompletionTokens: 679, Cost: $0.00077
2026-01-18 18:10:39,705 - Knowledge - INFO - done ingest for /app/data/T0015/307413/b0002up/Hono/client/src/main/java/org/eclipse/hono/client/ApplicationClientFactory.java
2026-01-18 18:10:39,710 - Knowledge - INFO - [LLM_CALL] Completed: CredentialsClientImpl.java:chunk1, Duration: 82117ms, PromptTokens: 4754, CompletionTokens: 796, Cost: $0.00079
2026-01-18 18:10:40,336 - Knowledge - INFO - done ingest for /app/data/T0015/307413/b0002up/Hono/client/src/main/java/org/eclipse/hono/client/impl/CredentialsClientImpl.java
2026-01-18 18:10:40,356 - Knowledge - INFO - [LLM_CALL] Completed: TenantClientImpl.java:chunk1, Duration: 62663ms, PromptTokens: 4712, CompletionTokens: 1097, Cost: $0.00091
2026-01-18 18:10:40,789 - Knowledge - INFO - done ingest for /app/data/T0015/307413/b0002up/Hono/client/src/main/java/org/eclipse/hono/client/impl/TenantClientImpl.java
2026-01-18 18:10:40,815 - Knowledge - INFO - Processing batch of 4 files
2026-01-18 18:10:40,843 - Knowledge - INFO - [LLM_CALL] Completed: AbstractHonoClient.java:chunk1, Duration: 84022ms, PromptTokens: 4918, CompletionTokens: 527, Cost: $0.00070
2026-01-18 18:10:41,228 - Knowledge - INFO - process ingested knowledge for /app/data/T0015/307413/b0002up/Hono/client/src/main/java/org/eclipse/hono/client/impl/DelegateViaDownstreamPeerCommandHandler.java
2026-01-18 18:10:41,489 - Knowledge - INFO - done ingest for /app/data/T0015/307413/b0002up/Hono/client/src/main/java/org/eclipse/hono/client/impl/AbstractHonoClient.java
2026-01-18 18:10:42,138 - Knowledge - INFO - [LLM_CALL] Completed: CommandHandlerWrapper.java:chunk1, Duration: 94897ms, PromptTokens: 2062, CompletionTokens: 414, Cost: $0.00037
2026-01-18 18:10:42,392 - Knowledge - INFO - done ingest for /app/data/T0015/307413/b0002up/Hono/client/src/main/java/org/eclipse/hono/client/impl/CommandHandlerWrapper.java
2026-01-18 18:10:42,551 - Knowledge - INFO - Processing batch of 4 files
2026-01-18 18:10:42,705 - Knowledge - INFO - process ingested knowledge for /app/data/T0015/307413/b0002up/Hono/client/src/main/java/org/eclipse/hono/client/impl/RegistrationClientFactoryImpl.java
2026-01-18 18:10:42,748 - Knowledge - INFO - Processing batch of 4 files
2026-01-18 18:10:42,912 - Knowledge - INFO - process ingested knowledge for /app/data/T0015/307413/b0002up/Hono/client/src/main/java/org/eclipse/hono/client/impl/CredentialsClientImpl.java
2026-01-18 18:10:43,219 - Knowledge - INFO - process ingested knowledge for /app/data/T0015/307413/b0002up/Hono/client/src/main/java/org/eclipse/hono/client/impl/ClientFactory.java
2026-01-18 18:10:43,484 - Knowledge - INFO - process ingested knowledge for /app/data/T0015/307413/b0002up/Hono/client/src/main/java/org/eclipse/hono/client/RegistrationClientFactory.java
2026-01-18 18:10:43,525 - Knowledge - INFO - Processing batch of 4 files
2026-01-18 18:10:43,556 - Knowledge - INFO - process ingested knowledge for /app/data/T0015/307413/b0002up/Hono/client/src/main/java/org/eclipse/hono/client/impl/CachingClientFactory.java
2026-01-18 18:10:43,616 - Knowledge - INFO - process ingested knowledge for /app/data/T0015/307413/b0002up/Hono/client/src/main/java/org/eclipse/hono/client/impl/AbstractHonoClient.java
2026-01-18 18:10:43,886 - Knowledge - INFO - process ingested knowledge for /app/data/T0015/307413/b0002up/Hono/client/src/main/java/org/eclipse/hono/client/ServiceInvocationException.java
2026-01-18 18:10:43,950 - Knowledge - INFO - [WEBSOCKET] Sent: Type=progress_update, Size: 274, Duration: 0ms
2026-01-18 18:10:43,983 - Knowledge - INFO - process ingested knowledge for /app/data/T0015/307413/b0002up/Hono/client/src/main/java/org/eclipse/hono/client/CredentialsClient.java
2026-01-18 18:10:44,389 - Knowledge - INFO - process ingested knowledge for /app/data/T0015/307413/b0002up/Hono/client/src/main/java/org/eclipse/hono/client/impl/RegistrationClientImpl.java
2026-01-18 18:10:45,194 - Knowledge - INFO - process ingested knowledge for /app/data/T0015/307413/b0002up/Hono/client/src/main/java/org/eclipse/hono/client/impl/DownstreamSenderFactoryImpl.java
2026-01-18 18:10:45,275 - Knowledge - INFO - process ingested knowledge for /app/data/T0015/307413/b0002up/Hono/client/src/main/java/org/eclipse/hono/client/RegistrationClient.java
2026-01-18 18:10:45,310 - Knowledge - INFO - [LLM_CALL] Completed: DestinationCommandConsumer.java:chunk1, Duration: 79846ms, PromptTokens: 7412, CompletionTokens: 898, Cost: $0.00110
2026-01-18 18:10:45,589 - Knowledge - INFO - process ingested knowledge for /app/data/T0015/307413/b0002up/Hono/client/src/main/java/org/eclipse/hono/client/CommandConsumerFactory.java
2026-01-18 18:10:45,979 - Knowledge - INFO - done ingest for /app/data/T0015/307413/b0002up/Hono/client/src/main/java/org/eclipse/hono/client/impl/DestinationCommandConsumer.java
2026-01-18 18:10:45,998 - Knowledge - INFO - [WEBSOCKET] Sent: Type=unknown, Size: ?, Duration: 2047ms
2026-01-18 18:10:46,000 - Knowledge - INFO - process ingested knowledge for /app/data/T0015/307413/b0002up/Hono/client/src/main/java/org/eclipse/hono/client/impl/AbstractHonoClientFactory.java
2026-01-18 18:10:46,170 - Knowledge - INFO - process ingested knowledge for /app/data/T0015/307413/b0002up/Hono/client/src/main/java/org/eclipse/hono/client/ApplicationClientFactory.java
2026-01-18 18:10:46,437 - Knowledge - INFO - Progress: 98.0% | Files: 990/1010 | Rate: 1.64 files/sec | Queue: 0
2026-01-18 18:10:46,442 - Knowledge - INFO - [LLM_CALL] Completed: CredentialsClientFactoryImpl.java:chunk1, Duration: 48551ms, PromptTokens: 2056, CompletionTokens: 593, Cost: $0.00044
2026-01-18 18:10:47,076 - Knowledge - INFO - done ingest for /app/data/T0015/307413/b0002up/Hono/client/src/main/java/org/eclipse/hono/client/impl/CredentialsClientFactoryImpl.java
2026-01-18 18:10:47,094 - Knowledge - INFO - [LLM_CALL] Completed: MessageSender.java:chunk1, Duration: 71043ms, PromptTokens: 3880, CompletionTokens: 467, Cost: $0.00057
2026-01-18 18:10:47,271 - Knowledge - INFO - process ingested knowledge for /app/data/T0015/307413/b0002up/Hono/client/src/main/java/org/eclipse/hono/client/CreditBasedSender.java
2026-01-18 18:10:47,481 - Knowledge - INFO - done ingest for /app/data/T0015/307413/b0002up/Hono/client/src/main/java/org/eclipse/hono/client/MessageSender.java
2026-01-18 18:10:47,494 - Knowledge - INFO - [LLM_CALL] Completed: AsyncCommandClientImpl.java:chunk1, Duration: 76786ms, PromptTokens: 3224, CompletionTokens: 773, Cost: $0.00063
2026-01-18 18:10:47,991 - Knowledge - INFO - done ingest for /app/data/T0015/307413/b0002up/Hono/client/src/main/java/org/eclipse/hono/client/impl/AsyncCommandClientImpl.java
2026-01-18 18:10:47,998 - Knowledge - INFO - [LLM_CALL] Completed: EventSenderImpl.java:chunk1, Duration: 99602ms, PromptTokens: 3424, CompletionTokens: 688, Cost: $0.00062
2026-01-18 18:10:48,350 - Knowledge - INFO - done ingest for /app/data/T0015/307413/b0002up/Hono/client/src/main/java/org/eclipse/hono/client/impl/EventSenderImpl.java
2026-01-18 18:10:50,629 - Knowledge - INFO - [LLM_CALL] Completed: DeferredConnectionCheckHandler.java:chunk1, Duration: 96922ms, PromptTokens: 4240, CompletionTokens: 792, Cost: $0.00074
2026-01-18 18:10:50,942 - Knowledge - INFO - done ingest for /app/data/T0015/307413/b0002up/Hono/client/src/main/java/org/eclipse/hono/client/impl/DeferredConnectionCheckHandler.java
2026-01-18 18:10:51,801 - Knowledge - INFO - [LLM_CALL] Completed: TelemetrySenderImpl.java:chunk1, Duration: 96789ms, PromptTokens: 4754, CompletionTokens: 866, Cost: $0.00082
2026-01-18 18:10:52,070 - Knowledge - INFO - done ingest for /app/data/T0015/307413/b0002up/Hono/client/src/main/java/org/eclipse/hono/client/impl/TelemetrySenderImpl.java
2026-01-18 18:10:52,423 - Knowledge - INFO - [LLM_CALL] Completed: CommandResponse.java:chunk1, Duration: 48458ms, PromptTokens: 4456, CompletionTokens: 645, Cost: $0.00070
2026-01-18 18:10:52,666 - Knowledge - INFO - done ingest for /app/data/T0015/307413/b0002up/Hono/client/src/main/java/org/eclipse/hono/client/CommandResponse.java
2026-01-18 18:10:53,753 - Knowledge - INFO - Processing batch of 4 files
2026-01-18 18:10:54,076 - Knowledge - INFO - process ingested knowledge for /app/data/T0015/307413/b0002up/Hono/client/src/main/java/org/eclipse/hono/client/impl/DeferredConnectionCheckHandler.java
2026-01-18 18:10:54,769 - Knowledge - INFO - [LLM_CALL] Completed: AbstractSender.java:chunk1, Duration: 98911ms, PromptTokens: 7994, CompletionTokens: 1132, Cost: $0.00125
2026-01-18 18:10:55,113 - Knowledge - INFO - done ingest for /app/data/T0015/307413/b0002up/Hono/client/src/main/java/org/eclipse/hono/client/impl/AbstractSender.java
2026-01-18 18:10:55,279 - Knowledge - INFO - [LLM_CALL] Completed: AuthenticationServerClient.java:chunk1, Duration: 61876ms, PromptTokens: 3770, CompletionTokens: 716, Cost: $0.00066
2026-01-18 18:10:55,518 - Knowledge - INFO - done ingest for /app/data/T0015/307413/b0002up/Hono/client/src/main/java/org/eclipse/hono/client/AuthenticationServerClient.java
2026-01-18 18:10:55,529 - Knowledge - INFO - [LLM_CALL] Completed: DeviceConnectionClientImpl.java:chunk1, Duration: 67462ms, PromptTokens: 4430, CompletionTokens: 830, Cost: $0.00077
2026-01-18 18:10:55,992 - Knowledge - INFO - done ingest for /app/data/T0015/307413/b0002up/Hono/client/src/main/java/org/eclipse/hono/client/impl/DeviceConnectionClientImpl.java
2026-01-18 18:10:56,254 - Knowledge - INFO - process ingested knowledge for /app/data/T0015/307413/b0002up/Hono/client/src/main/java/org/eclipse/hono/client/impl/DestinationCommandConsumer.java
2026-01-18 18:10:57,694 - Knowledge - INFO - process ingested knowledge for /app/data/T0015/307413/b0002up/Hono/client/src/main/java/org/eclipse/hono/client/impl/TenantClientFactoryImpl.java
2026-01-18 18:10:58,725 - Knowledge - WARNING - Timeout processing /app/data/T0015/307413/b0002up/Hono/client/src/main/java/org/eclipse/hono/client/impl/AbstractRequestResponseClient.java after 90s - using fallback metadata
2026-01-18 18:10:58,832 - Knowledge - INFO - process ingested knowledge for /app/data/T0015/307413/b0002up/Hono/client/src/main/java/org/eclipse/hono/client/impl/TenantClientImpl.java
2026-01-18 18:10:58,844 - Knowledge - INFO - Processing batch of 4 files
2026-01-18 18:10:59,493 - Knowledge - INFO - process ingested knowledge for /app/data/T0015/307413/b0002up/Hono/client/src/main/java/org/eclipse/hono/client/RequestResponseClientConfigProperties.java
2026-01-18 18:10:59,534 - Knowledge - INFO - Processing batch of 4 files
2026-01-18 18:10:59,917 - Knowledge - INFO - process ingested knowledge for /app/data/T0015/307413/b0002up/Hono/client/src/main/java/org/eclipse/hono/client/impl/CommandHandlerWrapper.java
2026-01-18 18:10:59,942 - Knowledge - INFO - [LLM_CALL] Completed: CommandConsumerFactoryImpl.java:chunk1, Duration: 90938ms, PromptTokens: 12414, CompletionTokens: 1632, Cost: $0.00189
2026-01-18 18:10:59,948 - Knowledge - INFO - process ingested knowledge for /app/data/T0015/307413/b0002up/Hono/client/src/main/java/org/eclipse/hono/client/MessageSender.java
2026-01-18 18:11:00,219 - Knowledge - INFO - done ingest for /app/data/T0015/307413/b0002up/Hono/client/src/main/java/org/eclipse/hono/client/impl/CommandConsumerFactoryImpl.java
2026-01-18 18:11:00,237 - Knowledge - INFO - process ingested knowledge for /app/data/T0015/307413/b0002up/Hono/client/src/main/java/org/eclipse/hono/client/impl/TelemetrySenderImpl.java
2026-01-18 18:11:00,307 - Knowledge - INFO - process ingested knowledge for /app/data/T0015/307413/b0002up/Hono/client/src/main/java/org/eclipse/hono/client/AuthenticationServerClient.java
2026-01-18 18:11:00,500 - Knowledge - INFO - Processing batch of 4 files
2026-01-18 18:11:00,576 - Knowledge - INFO - process ingested knowledge for /app/data/T0015/307413/b0002up/Hono/client/src/main/java/org/eclipse/hono/client/impl/AsyncCommandClientImpl.java
2026-01-18 18:11:00,643 - Knowledge - INFO - process ingested knowledge for /app/data/T0015/307413/b0002up/Hono/client/src/main/java/org/eclipse/hono/client/CommandResponse.java
2026-01-18 18:11:00,746 - Knowledge - INFO - process ingested knowledge for /app/data/T0015/307413/b0002up/Hono/client/src/main/java/org/eclipse/hono/client/impl/EventSenderImpl.java
2026-01-18 18:11:00,828 - Knowledge - INFO - process ingested knowledge for /app/data/T0015/307413/b0002up/Hono/client/src/main/java/org/eclipse/hono/client/impl/DeviceConnectionClientImpl.java
2026-01-18 18:11:01,059 - Knowledge - INFO - process ingested knowledge for /app/data/T0015/307413/b0002up/Hono/client/src/main/java/org/eclipse/hono/client/impl/AbstractSender.java
2026-01-18 18:11:01,317 - Knowledge - INFO - process ingested knowledge for /app/data/T0015/307413/b0002up/Hono/client/src/main/java/org/eclipse/hono/client/impl/CommandConsumerFactoryImpl.java
2026-01-18 18:11:01,625 - Knowledge - INFO - process ingested knowledge for /app/data/T0015/307413/b0002up/Hono/client/src/main/java/org/eclipse/hono/client/impl/ApplicationClientFactoryImpl.java
2026-01-18 18:11:02,066 - Knowledge - INFO - [LLM_CALL] Completed: CommandConsumer.java:chunk1, Duration: 96983ms, PromptTokens: 2440, CompletionTokens: 415, Cost: $0.00041
2026-01-18 18:11:02,231 - Knowledge - INFO - done ingest for /app/data/T0015/307413/b0002up/Hono/client/src/main/java/org/eclipse/hono/client/impl/CommandConsumer.java
2026-01-18 18:11:02,392 - Knowledge - INFO - Processing batch of 4 files
2026-01-18 18:11:02,534 - Knowledge - INFO - process ingested knowledge for /app/data/T0015/307413/b0002up/Hono/client/src/main/java/org/eclipse/hono/client/impl/GatewayMappingCommandHandler.java
2026-01-18 18:11:02,734 - Knowledge - INFO - process ingested knowledge for /app/data/T0015/307413/b0002up/Hono/client/src/main/java/org/eclipse/hono/client/impl/CommandConsumer.java
2026-01-18 18:11:02,923 - Knowledge - INFO - process ingested knowledge for /app/data/T0015/307413/b0002up/Hono/client/src/main/java/org/eclipse/hono/client/impl/AbstractRequestResponseClient.java
2026-01-18 18:11:03,116 - Knowledge - INFO - process ingested knowledge for /app/data/T0015/307413/b0002up/Hono/client/src/main/java/org/eclipse/hono/client/impl/CredentialsClientFactoryImpl.java
2026-01-18 18:11:03,701 - Knowledge - INFO - Knowledge creation complete
2026-01-18 18:11:03,909 - Knowledge - INFO - ==================================================
2026-01-18 18:11:04,127 - Knowledge - INFO - KNOWLEDGE GRAPH GENERATION PERFORMANCE SUMMARY
2026-01-18 18:11:04,282 - Knowledge - INFO - ==================================================
2026-01-18 18:11:04,468 - Knowledge - INFO - Total processing time: 622.47 seconds (10.37 minutes)
2026-01-18 18:11:04,646 - Knowledge - INFO - Files processed: 0
2026-01-18 18:11:04,847 - Knowledge - INFO - Processing rate: 0.00 files/second
2026-01-18 18:11:05,056 - Knowledge - INFO - 
[TIME_BREAKDOWN]
2026-01-18 18:11:05,255 - Knowledge - INFO - File Reading: 0.00s (0.0%)
2026-01-18 18:11:05,419 - Knowledge - INFO - LLM Processing: 9509.18s (1527.6%)
2026-01-18 18:11:05,585 - Knowledge - INFO - MongoDB Operations: 0.00s (0.0%)
2026-01-18 18:11:05,790 - Knowledge - INFO - Redis Operations: 0.00s (0.0%)
2026-01-18 18:11:05,966 - Knowledge - INFO - WebSocket Communication: 61.14s (9.8%)
2026-01-18 18:11:06,140 - Knowledge - INFO - 
[LLM_STATS]
2026-01-18 18:11:06,292 - Knowledge - INFO - Total LLM calls: 213
2026-01-18 18:11:06,456 - Knowledge - INFO - Average LLM response time: 44644ms
2026-01-18 18:11:06,635 - Knowledge - INFO - Average prompt tokens: 4463.4
2026-01-18 18:11:06,823 - Knowledge - INFO - Average completion tokens: 687.0
2026-01-18 18:11:06,996 - Knowledge - INFO - Total prompt tokens: 950694
2026-01-18 18:11:07,158 - Knowledge - INFO - Total completion tokens: 146334
2026-01-18 18:11:07,316 - Knowledge - INFO - Total LLM cost: $0.1536
2026-01-18 18:11:07,527 - Knowledge - INFO - 
[DATABASE_STATS]
2026-01-18 18:11:07,699 - Knowledge - INFO - MongoDB operations: 0
2026-01-18 18:11:07,901 - Knowledge - INFO - Redis operations: 0
2026-01-18 18:11:08,102 - Knowledge - INFO - 
[COMMUNICATION_STATS]
2026-01-18 18:11:08,329 - Knowledge - INFO - WebSocket messages sent: 58
2026-01-18 18:11:08,522 - Knowledge - INFO - Average message size: 148.6 bytes
2026-01-18 18:11:08,704 - Knowledge - INFO - 
[WORKER_STATS]
2026-01-18 18:11:08,867 - Knowledge - INFO - 
[FILE_TYPE_STATS]
2026-01-18 18:11:09,048 - Knowledge - INFO - 
[SLOWEST_FILES]
2026-01-18 18:11:09,205 - Knowledge - INFO - ==================================================
2026-01-18 18:11:09,407 - Knowledge - INFO - ==================================================
2026-01-18 18:11:09,571 - Knowledge - INFO - KNOWLEDGE GRAPH GENERATION PERFORMANCE SUMMARY
2026-01-18 18:11:09,729 - Knowledge - INFO - ==================================================
2026-01-18 18:11:09,913 - Knowledge - INFO - Total processing time: 628.03 seconds (10.47 minutes)
2026-01-18 18:11:10,089 - Knowledge - INFO - Files processed: 1010 of 1010
2026-01-18 18:11:10,267 - Knowledge - INFO - Processing rate: 1.61 files/second
2026-01-18 18:11:10,463 - Knowledge - INFO - WebSocket messages sent: 29
2026-01-18 18:11:10,653 - Knowledge - INFO - MongoDB operations: 1010
2026-01-18 18:11:10,810 - Knowledge - INFO - Average MongoDB ops per file: 1.00
2026-01-18 18:11:11,020 - Knowledge - INFO - LLM costs: $0.1578
2026-01-18 18:11:11,172 - Knowledge - INFO - Prompt tokens: 971912
2026-01-18 18:11:11,374 - Knowledge - INFO - Completion tokens: 151544
2026-01-18 18:11:11,528 - Knowledge - INFO - Updating org costs, total cost: 0.15780880000000003
2026-01-18 18:11:12,789 - Knowledge - INFO - [WEBSOCKET] Sent: Type=progress_update, Size: 271, Duration: 0ms
2026-01-18 18:11:12,985 - Knowledge - INFO - Saving knowledge to Redis...
2026-01-18 18:11:14,050 - Knowledge - INFO - Knowledge saved to Redis successfully
